date,open,high,low,close,adj_close,volume
2014-01-01,127.794663,128.159956,126.884143,127.471368,111.351166,14406662.000000
2014-01-02,127.197804,127.603170,124.189435,124.598261,108.841397,13817792.000000
2014-01-03,125.078761,125.422536,124.561879,124.992260,109.185570,13595252.000000
2014-01-06,124.737362,127.157175,123.834377,126.552115,110.548163,10639305.000000
2014-01-07,126.104626,126.534241,123.028139,124.330744,108.607710,11122020.000000
2014-01-08,125.190167,126.793929,124.729100,125.889738,109.969552,12358831.000000
2014-01-09,125.602020,126.232533,124.494066,125.125326,109.301808,8807927.000000
2014-01-10,124.944873,125.269140,122.175882,123.285318,107.694490,9663075.000000
2014-01-13,123.958492,124.457581,123.212334,124.121911,108.425286,7960305.000000
2014-01-14,124.196223,125.009885,124.033553,124.508690,108.763152,12842061.000000
2014-01-15,124.137931,125.659883,121.172049,121.934298,106.514322,17264331.000000
2014-01-16,121.800100,122.255067,121.711096,121.946405,106.524898,11474965.000000
2014-01-17,122.004920,122.519408,121.010103,121.361343,106.013824,7872634.000000
2014-01-20,121.241966,122.014895,119.117507,119.959890,104.789600,15694947.000000
2014-01-21,119.620277,120.619125,117.351695,118.011075,103.087235,19806424.000000
2014-01-22,118.213292,119.444508,117.480317,119.100136,104.038571,13253142.000000
2014-01-23,119.792465,121.445598,119.481557,120.877706,105.591348,12637689.000000
2014-01-24,120.832480,121.227026,119.571295,120.240983,105.035146,7531016.000000
2014-01-27,120.073744,120.249872,119.020087,119.484370,104.374215,12748913.000000
2014-01-28,119.455657,122.083087,118.316098,121.681864,106.293811,21972238.000000
2014-01-29,121.622411,122.127941,119.540607,120.257441,105.049523,20779494.000000
2014-01-30,119.836471,120.139605,118.644713,119.400870,104.301274,12355421.000000
2014-01-31,119.418511,120.042066,118.172500,118.754904,103.736998,10848841.000000
2014-02-03,118.929364,121.193553,117.852577,120.320281,105.104416,16294540.000000
2014-02-04,120.492333,121.337839,120.338863,121.074397,105.763165,10755323.000000
2014-02-05,120.782242,121.513760,119.271770,119.710113,104.571410,19957227.000000
2014-02-06,119.731578,119.976645,118.981285,119.162948,104.093440,11686166.000000
2014-02-07,119.286592,120.950674,118.903980,120.439952,105.208952,8376049.000000
2014-02-10,120.457041,120.821349,120.250081,120.650249,105.392656,12290235.000000
2014-02-11,121.006829,121.886586,120.604210,121.450633,106.091822,9828742.000000
2014-02-12,121.675461,123.669105,120.960823,123.018762,107.461643,17951947.000000
2014-02-13,122.244660,122.739751,121.238974,121.716648,106.324196,14515236.000000
2014-02-14,121.444560,122.294513,119.479275,120.436214,105.205688,11489319.000000
2014-02-17,120.544139,121.708250,120.392536,121.122456,105.805147,13376380.000000
2014-02-18,120.389845,120.723843,119.234817,119.850845,104.694345,11179217.000000
2014-02-19,119.830155,120.045599,117.945421,118.771890,103.751836,17843424.000000
2014-02-20,120.444169,125.171959,118.491794,123.886736,108.219852,40061042.000000
2014-02-21,123.414889,123.647848,121.895326,122.498785,107.007423,12827220.000000
2014-02-24,122.364407,122.603622,121.144304,121.356548,106.009635,15461883.000000
2014-02-25,121.018886,121.405569,120.782563,121.000222,105.698370,9701298.000000
2014-02-26,120.708511,121.290654,119.776553,120.197787,104.997412,9293904.000000
2014-02-27,119.861161,120.840378,119.525826,120.381950,105.158286,10813739.000000
2014-02-28,120.474081,120.889083,119.527889,119.983081,104.809858,7500198.000000
2014-03-03,120.506200,121.615161,119.694711,121.270038,105.934065,10428675.000000
2014-03-04,121.494926,122.735471,120.607664,122.406843,106.927108,6520087.000000
2014-03-05,121.268191,122.618225,115.882689,116.647175,101.895815,27805478.000000
2014-03-06,116.276307,118.045693,111.385232,113.154630,98.844943,22392831.000000
2014-03-07,114.038926,116.810758,113.336044,116.397284,101.677526,17359978.000000
2014-03-10,117.966305,124.666227,116.867600,122.866119,107.328303,58784446.000000
2014-03-11,122.452039,123.036292,121.032261,121.821673,106.415939,12070453.000000
2014-03-12,121.592526,122.005461,121.328558,121.758559,106.360807,5309643.000000
2014-03-13,121.482410,122.831955,120.962166,122.309359,106.841952,10513974.000000
2014-03-14,122.856805,125.775459,121.664353,124.696337,108.927070,19445837.000000
2014-03-17,125.067981,125.418358,124.660365,124.806353,109.023173,11663622.000000
2014-03-18,125.035146,126.995288,124.648808,126.063676,110.121493,11538230.000000
2014-03-19,125.672019,126.666711,125.160389,126.158244,110.204102,10891231.000000
2014-03-20,125.748222,126.826729,123.259409,124.372314,108.644023,16319596.000000
2014-03-21,123.706092,125.099693,118.873502,120.485348,105.248608,12309936.000000
2014-03-24,121.042568,121.559038,120.441119,120.721984,105.455318,10574275.000000
2014-03-25,119.919134,121.117836,117.234394,117.926617,103.013457,18695590.000000
2014-03-26,117.293913,117.899796,113.694109,115.176395,100.611032,16770724.000000
2014-03-27,115.576567,116.850974,114.840002,116.213082,101.516618,15530637.000000
2014-03-28,116.506526,118.531965,115.671465,118.183559,103.237907,13078953.000000
2014-03-31,118.992036,123.801495,116.199640,123.032148,107.796726,25820739.000000
2014-04-01,122.160258,124.138401,119.825955,120.245377,105.355049,16110327.000000
2014-04-02,119.250777,120.475612,115.161728,116.520244,102.091210,28241394.000000
2014-04-03,115.967495,116.844841,115.063862,115.371428,101.084655,16627815.000000
2014-04-04,114.238731,117.395902,107.833236,109.391784,95.845487,39451857.000000
2014-04-07,110.354328,113.867867,109.867267,112.241775,98.342556,26038858.000000
2014-04-08,113.565841,117.889310,111.829757,116.057919,101.686136,31316765.000000
2014-04-09,115.253194,115.966862,111.550202,112.317046,98.408506,16822171.000000
2014-04-10,112.371872,112.764143,111.671144,112.020710,98.148866,17995016.000000
2014-04-11,112.201074,113.308212,112.069056,112.797579,98.829533,13332071.000000
2014-04-14,112.293067,113.203931,110.789244,111.390915,97.597060,11038820.000000
2014-04-15,111.304458,111.854394,110.361502,110.860439,97.132275,8350357.000000
2014-04-16,110.930689,111.478116,110.687616,111.082360,97.326715,12579900.000000
2014-04-17,110.894332,111.113511,110.246587,110.711028,97.001366,8320179.000000
2014-04-18,111.122678,113.101622,110.261661,112.171529,98.281008,15390671.000000
2014-04-21,113.063058,116.527197,111.876140,115.460085,101.162333,22028648.000000
2014-04-22,115.417775,115.540895,115.217366,115.460854,101.163007,8528375.000000
2014-04-23,115.721781,116.474662,115.499754,116.095552,101.719109,6023057.000000
2014-04-24,115.499674,116.326740,113.322689,114.356706,100.195589,9003918.000000
2014-04-25,114.878473,116.855420,114.315031,116.476557,102.052933,20025218.000000
2014-04-28,116.230504,117.015537,113.186681,114.377460,100.213773,14443914.000000
2014-04-29,114.884102,115.324192,114.725744,115.099663,100.846544,8488930.000000
2014-04-30,115.378357,115.717555,114.587409,114.770542,100.558179,26761052.000000
2014-05-01,114.794774,115.674283,114.523455,115.528427,101.222212,13470106.000000
2014-05-02,114.907836,115.285869,111.609419,113.107432,99.101016,19739026.000000
2014-05-05,112.918630,113.188689,112.467144,112.829632,98.857617,15504205.000000
2014-05-06,113.566444,115.356819,112.447161,114.305845,100.151026,11144406.000000
2014-05-07,114.138495,115.308207,111.351735,112.283128,98.378788,21625263.000000
2014-05-08,112.258694,112.743282,111.232747,111.391849,97.597879,11381108.000000
2014-05-09,112.142808,114.309472,111.855118,113.512450,99.455880,19083238.000000
2014-05-12,114.092755,114.702706,113.685180,114.536534,100.353148,6907329.000000
2014-05-13,114.972902,116.445200,114.449832,115.763756,101.428400,11116656.000000
2014-05-14,115.683909,118.119625,114.791222,117.815206,103.225813,19152590.000000
2014-05-15,117.582211,117.813068,117.042703,117.393713,102.856515,16786214.000000
2014-05-16,117.846969,119.892019,116.969862,119.323383,104.547229,9560664.000000
2014-05-19,119.702525,120.107833,119.553256,119.911392,105.062423,9129744.000000
2014-05-20,120.092715,121.456454,119.356039,120.957172,105.978700,19292975.000000
2014-05-21,121.030720,122.685836,120.201033,122.071176,106.954754,8798487.000000
2014-05-21,121.030720,122.685836,120.201033,122.071176,106.954754,8798487.000000
2014-05-22,122.019459,123.224446,121.672478,123.016991,107.783446,18549480.000000
2014-05-23,122.586699,123.189843,120.350194,121.220328,106.209269,11143223.000000
2014-05-26,121.047709,121.458932,120.729787,121.105898,106.109009,11029744.000000
2014-05-27,121.467146,123.781699,120.258239,123.026869,107.792101,17289192.000000
2014-05-28,123.176522,123.423808,122.904825,123.115142,107.869443,19338687.000000
2014-05-29,122.931239,123.321778,122.778472,122.971110,107.743247,10668579.000000
2014-05-30,123.018055,123.641618,122.009359,122.298936,107.154310,13151639.000000
2014-06-02,122.881844,123.461621,122.636653,123.205873,107.948939,10592203.000000
2014-06-03,122.680825,122.962511,121.369202,121.829454,106.742966,9038595.000000
2014-06-04,121.750556,121.945586,121.235733,121.457760,106.417300,11495422.000000
2014-06-05,122.082501,124.292659,121.308559,123.145012,107.895614,14691824.000000
2014-06-06,123.005048,123.287456,121.717276,121.895683,106.800993,7784938.000000
2014-06-09,121.881340,122.128616,121.305279,121.537710,106.487349,14479979.000000
2014-06-10,120.572859,122.311717,116.888418,118.023122,103.407982,17959220.000000
2014-06-11,117.631867,118.059388,115.589012,116.469160,102.046452,11789545.000000
2014-06-12,116.226243,117.144874,116.078945,116.813955,102.348550,11797276.000000
2014-06-13,116.156320,117.222133,113.641818,114.882116,100.655936,11246539.000000
2014-06-16,114.753167,115.550339,112.835410,113.512191,99.455653,15155936.000000
2014-06-17,112.720503,114.107196,109.520631,110.479251,96.798290,18623597.000000
2014-06-18,110.976107,112.612092,110.551134,111.599190,97.779544,12348591.000000
2014-06-19,111.793112,112.136907,110.751449,110.900414,97.167300,9916937.000000
2014-06-20,110.498683,110.765626,108.993665,109.291879,95.757954,8651168.000000
2014-06-23,109.933200,111.303405,109.577424,110.616618,96.918647,13447381.000000
2014-06-24,110.972815,112.261336,110.326820,111.764544,97.924422,8547355.000000
2014-06-25,112.274007,112.677663,111.661208,112.044200,98.169447,6886649.000000
2014-06-26,112.063264,112.324616,110.443796,110.943615,97.497644,15909093.000000
2014-06-27,110.668231,111.152378,109.184368,109.760471,96.457893,11653465.000000
2014-06-30,109.864687,110.166927,108.029002,108.560427,95.403290,11153057.000000
2014-07-01,108.764996,110.379836,108.134845,109.759559,96.457091,12445481.000000
2014-07-02,110.084092,110.425826,109.800788,110.246337,96.884873,13195685.000000
2014-07-03,110.233280,110.465138,109.850972,110.085197,96.743263,10317881.000000
2014-07-04,110.209555,110.551778,109.923054,110.429382,97.045734,8221994.000000
2014-07-07,110.058605,110.533878,109.817354,110.185304,96.831238,14996674.000000
2014-07-08,109.888425,110.280761,109.688401,110.074996,96.734298,8813547.000000
2014-07-09,110.034031,110.485454,109.910537,110.142643,96.793746,12054921.000000
2014-07-10,109.379176,110.413913,107.229919,108.257003,95.136639,20667932.000000
2014-07-11,107.846256,108.656140,107.632800,108.346704,95.215469,10071847.000000
2014-07-14,108.992603,109.960257,108.161187,109.452787,96.187499,12674436.000000
2014-07-15,109.249010,109.928317,108.885574,109.642349,96.354087,8657016.000000
2014-07-16,109.594748,111.179824,109.387272,110.839249,97.405927,8212998.000000
2014-07-17,111.669467,112.759093,110.869676,112.533217,98.894591,19147916.000000
2014-07-18,112.475437,112.805487,111.315000,111.538231,98.020194,8285485.000000
2014-07-21,111.525174,111.727189,111.411449,111.577327,98.054553,18363636.000000
2014-07-22,112.023735,114.699738,111.266151,113.462401,99.711162,28829859.000000
2014-07-23,113.077942,114.027271,110.642925,111.116055,97.649185,13437325.000000
2014-07-24,111.373204,113.443936,110.656386,112.700648,99.041730,11297983.000000
2014-07-25,111.893947,114.015516,108.339939,108.962687,95.756798,16723010.000000
2014-07-28,109.219647,111.961895,108.372422,111.567634,98.046034,33620262.000000
2014-07-29,111.906670,113.511251,111.572346,112.683859,99.026976,12508490.000000
2014-07-30,112.332174,113.303081,109.709312,110.226759,96.867668,25404283.000000
2014-07-31,109.963369,110.556198,107.362936,108.398058,95.260599,28843478.000000
2014-08-01,108.009973,109.178742,104.260801,105.338533,92.571878,28042927.000000
2014-08-04,106.169435,109.150689,104.474432,108.653257,95.484869,21926234.000000
2014-08-05,109.119756,111.872770,108.723753,111.203142,97.725717,9421369.000000
2014-08-06,110.669178,110.997032,107.658262,108.965359,95.759145,15046335.000000
2014-08-07,108.748474,109.336989,107.532131,108.240922,95.122508,14189086.000000
2014-08-08,107.486601,108.676184,104.224664,105.157954,92.413184,12356125.000000
2014-08-11,104.880216,105.461572,103.515307,103.984050,91.381553,11998596.000000
2014-08-12,103.787087,104.317104,102.077011,102.904358,90.432716,9490038.000000
2014-08-13,102.975724,104.516251,102.375209,104.151731,91.528912,11393564.000000
2014-08-14,105.198413,107.891071,103.672645,106.622575,93.700299,12510093.000000
2014-08-15,106.678412,108.149437,106.501982,107.711993,94.657683,10062850.000000
2014-08-18,107.136887,107.997724,105.380145,105.867869,93.037060,9678042.000000
2014-08-19,106.952871,110.189754,106.621480,108.577482,95.418278,16262956.000000
2014-08-20,108.530742,109.687292,108.297526,109.274598,96.030906,13013562.000000
2014-08-21,110.227049,112.553597,109.050407,111.550198,98.030711,17074620.000000
2014-08-22,111.603339,111.685984,111.390864,111.582510,98.059107,8305015.000000
2014-08-25,111.314655,111.638776,110.656301,110.927288,97.483295,10199484.000000
2014-08-26,111.031595,111.633261,109.837209,110.031451,96.696030,12897097.000000
2014-08-27,110.017178,111.438287,109.267081,110.738143,97.317074,12345377.000000
2014-08-28,110.601050,112.268490,109.882842,111.643112,98.112364,13193175.000000
2014-08-29,111.815288,112.849084,111.673372,112.558491,98.916803,7511440.000000
2014-09-01,113.069449,113.860739,112.759406,113.291918,99.561341,12352250.000000
2014-09-02,113.338871,113.494195,113.165635,113.330210,99.594992,6756372.000000
2014-09-03,113.360119,113.517462,113.112980,113.256938,99.530600,10665644.000000
2014-09-04,113.394052,114.210147,112.906176,113.841897,100.044665,14850783.000000
2014-09-05,114.019811,114.132486,113.791527,113.871481,100.070663,9450787.000000
2014-09-08,113.677111,114.533098,113.345845,114.345017,100.486808,15001937.000000
2014-09-09,114.467282,116.474206,114.114117,116.085514,102.016363,18866993.000000
2014-09-10,116.198557,117.053645,115.740965,116.571531,102.443476,11848679.000000
2014-09-11,116.867521,117.284469,116.685546,117.125700,102.930482,9827966.000000
2014-09-12,116.919168,117.702364,116.782796,117.302874,103.086183,8268944.000000
2014-09-15,117.021257,117.156436,116.820442,116.965864,102.790018,4159299.000000
2014-09-16,116.802773,117.003145,116.388934,116.614490,102.481229,10087385.000000
2014-09-17,116.815742,117.184061,114.411662,115.119245,101.167202,10658650.000000
2014-09-18,114.645218,115.776705,114.284830,115.456609,101.463679,8125597.000000
2014-09-19,115.646278,116.282979,114.562604,114.764808,100.855722,20719544.000000
2014-09-22,114.944880,115.350274,114.759852,114.978048,101.043118,9061081.000000
2014-09-23,115.195201,115.472798,114.598792,115.296421,101.627789,10733572.000000
2014-09-24,115.833222,116.763692,115.360088,116.092540,102.329526,13326059.000000
2014-09-25,116.207419,116.774176,115.819434,116.607953,102.783836,11994177.000000
2014-09-26,116.414999,116.896563,114.820627,115.404364,101.722935,20968524.000000
2014-09-29,115.355537,115.797946,115.237665,115.603621,101.898570,11582187.000000
2014-09-30,116.356155,119.641262,115.676349,118.589356,104.530339,19867207.000000
2014-10-01,118.836475,119.044370,118.554580,118.671545,104.602785,8983556.000000
2014-10-02,118.650412,119.169313,118.282464,118.893272,104.798226,9139903.000000
2014-10-03,118.756791,118.864952,118.583762,118.788375,104.705764,10256193.000000
2014-10-06,118.574554,118.965229,118.306332,118.862389,104.771003,6796850.000000
2014-10-07,119.172637,120.156139,118.671664,119.917699,,9563312.000000
2014-10-08,119.894678,120.307344,119.041486,119.514570,105.345867,11550982.000000
2014-10-09,119.692730,121.015366,119.456752,120.577430,106.282723,19477826.000000
2014-10-10,120.709355,120.960572,120.440509,120.528433,106.239534,7223907.000000
2014-10-13,120.580928,120.830595,120.217362,120.393341,106.120458,10296783.000000
2014-10-14,120.865952,121.094850,120.422596,120.645260,106.342512,5500251.000000
2014-10-15,120.532569,120.772086,119.518219,119.818709,105.613949,7086989.000000
2014-10-16,119.927343,120.873018,119.666009,120.349237,106.081583,12370152.000000
2014-10-17,120.641415,120.875229,120.434246,120.623776,106.323575,13845762.000000
2014-10-20,120.558968,121.120327,120.440330,120.817666,106.494478,11146840.000000
2014-10-21,121.236306,123.622498,120.656059,122.611213,108.075397,12610982.000000
2014-10-22,122.784348,123.343490,121.528321,121.926114,107.471517,10654343.000000
2014-10-23,122.309537,122.525681,121.884891,122.097385,107.622484,9236977.000000
2014-10-24,122.024285,123.658749,121.310410,122.936924,108.362494,7324192.000000
2014-10-27,123.350210,125.090822,122.509670,124.257333,109.526365,13356939.000000
2014-10-28,124.040170,124.248132,123.199365,123.524919,108.880781,12102526.000000
2014-10-29,124.246519,124.634432,123.699906,124.160882,109.441349,16190582.000000
2014-10-30,124.766273,126.937088,123.378297,126.263819,111.294979,13734781.000000
2014-10-31,126.375845,126.591309,125.897571,126.005211,111.067029,8500589.000000
2014-11-03,126.042589,128.760528,125.510935,127.667626,112.532361,10192617.000000
2014-11-04,127.141373,128.215566,125.076577,126.089710,111.141511,23131660.000000
2014-11-05,125.814898,127.382420,125.419828,127.141343,112.068470,9877911.000000
2014-11-06,127.268336,129.090014,126.326468,128.506887,113.272126,21858956.000000
2014-11-07,129.036261,130.392594,128.414859,129.594728,114.231001,14049584.000000
2014-11-10,129.312684,129.602643,128.932579,129.315826,113.985163,14110280.000000
2014-11-11,129.392590,129.587077,128.322669,128.645174,113.394019,7955339.000000
2014-11-12,128.420551,129.012880,127.965997,128.502399,113.268171,7427107.000000
2014-11-13,128.809677,130.069447,128.540413,129.504342,114.151331,11334525.000000
2014-11-14,129.835732,130.156337,128.857786,129.230436,113.909897,17500826.000000
2014-11-17,129.034606,129.461067,127.779435,128.109661,112.921992,11301571.000000
2014-11-18,128.055171,128.486406,126.966918,127.249906,112.164163,14291013.000000
2014-11-19,126.883732,127.629282,125.798870,126.201147,111.239737,8816266.000000
2014-11-20,125.867769,126.262486,125.387702,125.796845,110.883365,13604936.000000
2014-11-21,125.686866,126.242157,124.939997,125.170499,110.331273,16451260.000000
2014-11-24,125.446180,126.693428,124.954276,126.115146,111.163931,10777698.000000
2014-11-25,126.052493,126.402098,125.027433,125.581445,110.693502,12403054.000000
2014-11-26,125.799747,127.326004,125.321798,126.650559,111.635870,12084529.000000
2014-11-27,126.336556,127.277186,124.791937,125.262817,110.412647,11391050.000000
2014-11-28,125.178558,126.652075,124.937423,125.946714,111.015467,7276575.000000
2014-12-01,125.630462,125.970807,124.764464,125.240575,110.393042,9355977.000000
2014-12-02,125.395456,125.689643,124.916710,125.310799,110.454941,15705067.000000
2014-12-03,126.161216,128.884091,125.144961,127.662626,112.527954,14954359.000000
2014-12-04,127.507980,127.720746,126.987351,127.361850,112.262836,15684332.000000
2014-12-05,126.752302,127.620504,126.580515,127.268161,112.180254,8954528.000000
2014-12-08,127.650960,128.009574,126.666579,127.071827,112.007196,11646489.000000
2014-12-09,126.362437,127.361862,124.625165,125.446072,110.574177,12922868.000000
2014-12-10,126.315296,129.592041,125.236465,128.229724,113.027821,12881248.000000
2014-12-11,127.594831,128.705503,125.437620,126.239831,111.273834,19406995.000000
2014-12-12,125.692650,126.743891,124.413877,124.936521,110.125034,13331641.000000
2014-12-15,124.637982,125.319279,124.365960,125.206331,110.362858,16512549.000000
2014-12-16,124.982057,125.548240,124.794368,125.229867,110.383603,8323104.000000
2014-12-17,125.055379,125.648999,124.948752,125.318126,110.461400,11744132.000000
2014-12-18,125.122635,125.667717,123.620660,124.279665,109.546050,8597241.000000
2014-12-19,124.869140,126.916491,124.037103,126.184252,111.559523,11467191.000000
2014-12-22,126.132209,126.987528,124.618647,124.867228,110.395142,17236004.000000
2014-12-23,124.755535,125.769247,124.467730,125.279980,110.760056,10484618.000000
2014-12-24,125.469080,125.773973,125.145823,125.255791,110.738670,10561160.000000
2014-12-25,124.728850,125.065198,124.202700,124.782634,110.320352,12438432.000000
2014-12-26,125.381754,126.043717,124.974582,125.415352,110.879738,15969220.000000
2014-12-29,125.775282,126.051200,125.282469,125.519977,110.972237,16681090.000000
2014-12-30,125.603168,125.944060,124.821120,125.190279,110.680751,15958109.000000
2014-12-31,125.067300,125.538690,123.164739,123.982009,109.612520,20176489.000000
2015-01-01,123.966745,125.613602,123.608192,125.144897,110.640629,13746748.000000
2015-01-02,125.338910,128.038034,124.712916,127.505317,112.727477,15593668.000000
2015-01-05,127.359737,127.955299,126.701476,127.199401,112.457016,9798030.000000
2015-01-06,126.762087,127.702098,124.913536,125.626404,111.066329,20923501.000000
2015-01-07,125.364594,125.832304,124.942280,125.125188,110.623204,15759591.000000
2015-01-08,125.192496,125.608783,124.342781,124.602442,110.161045,9909370.000000
2015-01-09,125.030076,125.879135,124.774580,125.562545,111.009872,17110246.000000
2015-01-12,126.153728,128.488117,124.817169,127.941144,113.112791,14848426.000000
2015-01-13,128.184161,129.606758,127.546744,128.920045,113.978238,14557010.000000
2015-01-14,130.050407,133.848303,128.042383,132.374151,117.032014,28122849.000000
2015-01-15,131.598155,132.419694,128.548369,129.790179,114.747524,11621349.000000
2015-01-16,129.565819,132.037541,128.533742,131.646832,116.388991,11750169.000000
2015-01-19,131.140821,131.636444,130.020421,130.687873,115.541175,9766382.000000
2015-01-20,130.954945,133.051889,130.500928,132.580795,117.214708,21549520.000000
2015-01-21,132.618720,133.047781,132.407421,132.940954,117.533124,10290541.000000
2015-01-22,131.954358,133.667274,126.987768,129.017230,114.064159,23044165.000000
2015-01-23,129.467660,131.131152,128.857032,130.239169,115.144476,13834470.000000
2015-01-26,130.320006,131.591206,129.989252,130.953140,115.775698,8425115.000000
2015-01-27,131.493324,132.129831,130.441097,131.113735,115.917680,5448870.000000
2015-01-28,131.279875,131.977796,129.298107,129.656965,114.629749,16601069.000000
2015-01-29,129.089839,130.528148,126.867423,127.203086,112.460275,19770497.000000
2015-01-30,126.396612,127.927997,122.348600,123.815735,109.465517,16840121.000000
2015-02-02,124.196444,125.882890,124.003027,125.093475,110.595167,10462517.000000
2015-02-03,126.138637,129.238898,124.978859,128.471794,113.581939,10612531.000000
2015-02-04,128.035438,128.691771,126.518140,126.976502,112.259951,30133491.000000
2015-02-05,126.392705,126.720541,124.978356,125.663874,111.099456,10691977.000000
2015-02-06,126.459146,128.882133,124.850827,128.509923,113.615649,17464731.000000
2015-02-09,128.725044,130.177697,128.217477,129.628196,114.604314,10685931.000000
2015-02-10,129.615669,131.074655,129.399708,130.395355,115.282560,9163479.000000
2015-02-11,130.810683,132.027503,130.080928,131.299687,116.082080,12003204.000000
2015-02-12,131.849769,133.367959,131.284600,132.423875,117.075975,6737805.000000
2015-02-13,132.786261,134.304366,131.859647,133.630410,118.142673,16455503.000000
2015-02-16,133.426522,133.872012,133.117695,133.777067,118.272333,8005773.000000
2015-02-17,135.006870,140.397507,133.634506,138.249074,122.226035,14623799.000000
2015-02-18,138.372162,138.654255,138.265857,138.491753,122.440587,5644492.000000
2015-02-19,139.229819,141.323012,138.383881,140.295691,124.035449,6360165.000000
2015-02-20,140.444605,141.171787,139.773491,140.825498,124.503851,6141987.000000
2015-02-23,141.348444,142.576487,140.770222,141.957632,125.504771,18271068.000000
2015-02-24,141.674364,142.781351,141.201308,142.597292,126.070295,8876626.000000
2015-02-25,142.704206,144.719521,141.827602,144.140670,127.434795,12664906.000000
2015-02-26,144.815451,147.267879,143.723742,146.645402,129.649230,24941124.000000
2015-02-27,145.981629,147.041520,142.911607,143.671188,127.019727,27255467.000000
2015-03-02,143.880280,144.528837,143.312582,144.279191,127.557262,14003318.000000
2015-03-03,144.377226,146.474084,143.861236,145.638295,128.758846,15551282.000000
2015-03-04,145.241641,145.655905,144.255834,144.860142,128.070881,15868548.000000
2015-03-05,144.653847,144.897720,144.563068,144.702711,127.931697,9427727.000000
2015-03-06,144.548714,144.977392,144.145303,144.576699,127.820289,5719704.000000
2015-03-09,144.341964,144.999964,143.305925,143.810463,127.142859,13089823.000000
2015-03-10,144.056162,144.277546,142.709219,143.129284,126.540629,5600175.000000
2015-03-11,143.251958,145.623044,142.623045,144.627487,127.865191,6921246.000000
2015-03-12,143.922264,144.591323,142.184599,143.190907,126.595110,12863997.000000
2015-03-13,143.533454,144.823247,142.743413,144.255314,127.536153,18186267.000000
2015-03-16,144.685455,145.849993,143.901211,145.186710,128.359600,11058794.000000
2015-03-17,145.268906,145.737714,144.939875,145.381533,128.531843,7277780.000000
2015-03-18,145.297298,146.420026,144.825490,146.046950,129.508664,16577950.000000
2015-03-19,146.949746,147.182908,146.069758,146.944881,130.304914,16042757.000000
2015-03-20,146.588560,147.123726,146.227347,146.825713,130.199241,10840032.000000
2015-03-23,145.151936,146.263773,139.696525,141.617821,125.581088,39247674.000000
2015-03-24,142.180641,142.926855,141.899893,142.487673,126.352438,11443906.000000
2015-03-25,142.249244,142.662170,141.668525,141.875731,125.809792,8457705.000000
2015-03-26,141.776666,142.394972,141.414130,142.136051,126.040634,11851894.000000
2015-03-27,142.308269,142.716191,140.890560,141.371970,125.363077,13048705.000000
2015-03-30,141.309296,142.796078,140.681239,142.386199,126.262455,13143857.000000
2015-03-31,142.639085,143.916791,142.386586,143.262541,127.039561,17764586.000000
2015-04-01,144.726418,148.925436,142.164639,148.187058,131.406427,24458571.000000
2015-04-02,148.728410,151.076699,147.713937,150.210721,133.200932,7366531.000000
2015-04-03,149.871591,151.181336,149.668060,150.577596,133.526263,7855046.000000
2015-04-06,150.380831,151.562471,149.764695,150.991046,133.892893,8928559.000000
2015-04-07,151.020362,151.376142,149.784174,150.191229,133.183647,8499777.000000
2015-04-08,151.218067,155.348458,149.630772,153.703360,136.298067,16157356.000000
2015-04-09,153.949795,156.020671,153.569574,155.048912,137.491248,13227846.000000
2015-04-10,154.303745,154.738100,151.937506,153.069912,135.736349,13106601.000000
2015-04-13,153.059364,153.959049,151.743060,152.290500,135.045197,7943596.000000
2015-04-14,151.084795,152.805973,147.422376,148.978980,132.108672,18831796.000000
2015-04-15,148.761405,149.071818,145.967924,147.002881,130.356346,8159023.000000
2015-04-16,146.075684,147.963600,142.051781,143.658037,127.390271,15463161.000000
2015-04-17,143.425645,143.847287,142.157028,142.576072,126.430826,18393226.000000
2015-04-20,142.940446,144.020355,142.461233,143.403782,127.164808,9131967.000000
2015-04-21,143.972845,146.616870,142.756021,145.413359,128.946820,15372109.000000
2015-04-22,146.336075,149.668378,145.428714,148.015699,131.254473,10767550.000000
2015-04-23,147.812712,147.986679,147.345477,147.492756,130.790748,12109791.000000
2015-04-24,146.831825,147.093569,145.284517,146.048069,129.509657,7025197.000000
2015-04-27,146.161471,146.288253,145.347740,145.788014,129.279050,13379333.000000
2015-04-28,145.901654,146.610262,145.383225,146.138624,129.589957,17693976.000000
2015-04-29,145.911917,146.129626,144.088936,144.632719,128.254580,19935676.000000
2015-04-30,144.692968,144.900983,144.031547,144.383612,128.033682,16162496.000000
2015-05-01,144.832406,146.267158,144.490901,145.688094,129.190445,16684771.000000
2015-05-04,145.492234,145.744266,144.964627,145.353866,128.894065,18753652.000000
2015-05-05,144.713389,146.059294,143.114622,143.472185,127.225464,12949084.000000
2015-05-06,144.692010,148.877323,142.749581,147.147148,130.484276,12516779.000000
2015-05-07,147.809572,149.032434,147.238519,148.649152,131.816194,10804755.000000
2015-05-08,148.998748,151.252131,147.976685,150.186123,133.179120,11468883.000000
2015-05-11,150.203121,150.656805,148.727060,149.263419,132.360902,14622457.000000
2015-05-12,149.579214,150.877656,148.847972,150.185068,133.178184,16596069.000000
2015-05-13,149.608707,149.964373,148.685843,149.099542,132.215582,14000841.000000
2015-05-14,149.333011,151.514748,148.074440,150.591952,133.538992,16698249.000000
2015-05-15,149.633505,151.323334,145.572471,147.347289,130.661754,17369184.000000
2015-05-18,147.415835,147.714600,146.126676,146.691139,130.079906,8779599.000000
2015-05-19,147.187239,150.902369,145.748107,149.638234,132.693273,14602501.000000
2015-05-20,149.303263,151.080540,148.695604,150.792293,133.716647,8145896.000000
2015-05-21,150.615128,151.019215,147.439165,148.614077,131.785091,14885724.000000
2015-05-22,148.113593,149.080280,145.474586,146.295491,129.729061,15573184.000000
2015-05-25,147.867671,152.716988,146.271161,151.694511,134.516698,15350864.000000
2015-05-26,152.075964,152.689239,151.606696,152.152591,134.922906,13685758.000000
2015-05-27,152.510448,154.252263,151.953164,153.641693,136.243382,23577356.000000
2015-05-28,153.831343,157.528570,153.168324,155.911112,138.255813,18362098.000000
2015-05-29,155.412961,155.593407,155.233469,155.449891,137.846821,15658999.000000
2015-06-01,156.406997,158.685854,155.550616,157.535762,139.696489,12582407.000000
2015-06-02,156.790287,157.451443,153.877362,155.266522,137.684216,23365668.000000
2015-06-03,154.690316,155.789126,150.952550,151.967927,134.759153,13701616.000000
2015-06-04,151.605217,152.458708,149.738557,150.239888,133.226796,10345900.000000
2015-06-05,150.041947,150.449819,149.817481,150.332142,133.308603,7086803.000000
2015-06-08,150.267662,150.760158,149.774947,149.958486,132.977260,12187683.000000
2015-06-09,149.970740,150.552277,149.680682,150.142192,133.140163,9303390.000000
2015-06-10,150.567571,152.327615,149.557607,151.450834,134.300615,13031693.000000
2015-06-11,151.311974,151.457076,150.540281,150.746736,133.676249,12879750.000000
2015-06-12,152.076417,155.791765,150.002002,154.135987,136.681703,21521847.000000
2015-06-15,154.917186,155.678045,154.374759,154.907375,137.779076,8531250.000000
2015-06-16,154.006863,154.844601,151.090197,151.991490,135.185605,9898432.000000
2015-06-17,152.020674,154.691053,150.630915,153.707870,136.712202,9974736.000000
2015-06-18,153.908770,155.620381,153.495157,154.819841,137.701221,16531023.000000
2015-06-19,154.903367,155.339559,154.197677,154.425025,137.350060,10206842.000000
2015-06-22,153.785197,155.318982,151.636866,152.015859,135.207279,16220595.000000
2015-06-23,152.029143,152.699410,151.883957,152.325419,135.482611,7693198.000000
2015-06-24,152.562392,152.720401,151.970079,152.177668,135.351196,7152441.000000
2015-06-25,152.057797,152.280902,151.421295,151.671629,134.901111,10404710.000000
2015-06-26,152.803561,156.453962,152.303056,155.468695,138.278330,17258740.000000
2015-06-29,155.486194,156.192875,155.223798,155.800814,138.573727,11989636.000000
2015-06-30,157.037246,160.303079,154.960159,158.929084,141.356100,10352936.000000
2015-07-01,157.577722,159.182778,150.489245,152.653820,135.774699,22230479.000000
2015-07-02,152.386085,152.894743,152.271267,152.540716,135.674101,12572111.000000
2015-07-03,153.517226,159.214075,152.481579,156.906824,139.557444,10626116.000000
2015-07-06,156.370529,157.553936,154.280986,155.394327,138.212185,15714627.000000
2015-07-07,155.404294,157.376486,154.724175,156.832741,139.491552,10692352.000000
2015-07-08,156.460036,158.704402,156.164294,157.941844,140.478020,6860201.000000
2015-07-09,159.289692,163.283985,157.418519,161.454454,143.602236,17192632.000000
2015-07-10,161.741897,164.782589,161.244101,164.143812,145.994229,17430608.000000
2015-07-13,165.210827,167.977328,163.257826,167.339292,148.836381,13332606.000000
2015-07-20,173.788538,174.082836,171.537954,172.702143,153.606255,8156120.000000
2015-07-21,172.844292,173.780084,172.291568,173.191001,154.041059,10254424.000000
2015-07-22,173.441228,173.686070,172.661466,172.869138,153.754785,11104912.000000
2015-07-23,173.172194,174.746992,172.874745,174.105017,154.854011,17622250.000000
2015-07-24,174.619944,180.066307,173.772553,177.673467,158.027893,16215533.000000
2015-07-27,177.541631,178.165189,174.596694,175.112742,155.750311,9150458.000000
2015-07-28,175.005654,177.386725,173.791191,176.666808,157.132542,19013176.000000
2015-07-29,177.485491,179.486310,177.097983,178.532076,158.791565,13631980.000000
2015-07-30,179.181233,180.133737,178.779407,179.440464,159.599512,17916601.000000
2015-07-31,179.637626,182.141217,179.277707,181.386798,161.330637,15853658.000000
2015-08-03,182.138995,185.318633,181.215203,184.341044,163.958228,12206922.000000
2015-08-04,184.585071,185.109387,183.136473,183.825522,163.499708,7612132.000000
2015-08-05,184.287891,189.123918,182.401644,187.798591,167.033470,26411038.000000
2015-08-06,187.942365,188.868718,187.660221,188.476193,167.636149,8624807.000000
2015-08-07,187.688711,188.553119,185.940751,187.007407,166.329768,12014446.000000
2015-08-10,186.559180,186.797099,185.330236,185.807908,165.262899,12672837.000000
2015-08-11,186.482203,188.095341,185.223829,187.574952,166.834560,14777994.000000
2015-08-12,188.238709,192.467990,186.656828,190.997689,169.878840,20368064.000000
2015-08-13,191.713382,193.618960,191.183976,192.619041,171.320917,13455771.000000
2015-08-14,192.107401,193.265231,189.871770,190.467351,169.407142,10606037.000000
2015-08-17,190.116832,191.138427,186.966030,187.748854,166.989233,11776669.000000
2015-08-18,186.981200,188.382143,184.243802,185.303676,164.814421,12223880.000000
2015-08-19,185.172118,185.744329,184.599113,185.036143,164.576469,7145255.000000
2015-08-20,184.613724,184.965166,183.797022,184.084622,163.730160,6207991.000000
2015-08-21,184.080281,184.849133,183.425730,184.515592,164.113476,10287382.000000
2015-08-24,183.990480,186.030716,179.208906,180.753206,160.767102,13992679.000000
2015-08-25,179.920523,180.247268,179.142476,179.878080,159.988740,14394715.000000
2015-08-26,180.872668,183.904514,180.479727,182.456414,162.281984,14076583.000000
2015-08-27,180.864563,182.949345,177.742411,178.519286,158.780189,21741065.000000
2015-08-28,177.618165,178.267822,174.450443,175.367795,155.977162,19142451.000000
2015-08-31,175.382919,176.071406,175.036762,175.207001,155.834148,11964431.000000
2015-09-01,176.134387,177.732144,175.724456,177.076036,157.496521,12075920.000000
2015-09-02,177.416011,178.311289,177.237608,177.704575,158.055562,16353925.000000
2015-09-03,177.993830,181.317053,176.507556,180.841545,160.845673,17215562.000000
2015-09-04,180.460290,181.150925,179.379212,179.848252,159.962210,9180376.000000
2015-09-07,179.183487,180.030928,178.650256,179.886918,159.996600,11127489.000000
2015-09-08,178.491002,180.721528,172.763804,174.360383,155.081141,19706908.000000
2015-09-09,174.507051,177.353713,173.237839,176.227264,156.741599,17133983.000000
2015-09-10,175.716158,177.367626,171.984388,173.012324,154.345175,13568949.000000
2015-09-11,174.826092,182.839923,171.911873,179.292785,159.948005,21669351.000000
2015-09-14,179.959308,184.250279,179.283422,182.607086,162.904711,17830338.000000
2015-09-15,182.041277,183.251616,179.783445,180.973117,161.447038,14717519.000000
2015-09-16,181.738826,186.931204,180.499786,184.864294,164.918377,23026968.000000
2015-09-17,185.486543,188.939241,183.849632,187.266365,167.061277,18795041.000000
2015-09-18,186.893762,187.694398,183.613255,185.065453,165.097832,13315415.000000
2015-09-21,184.429113,185.194328,183.970305,184.245512,164.366359,14785465.000000
2015-09-22,183.368089,184.616404,179.215753,181.153924,161.608337,15909014.000000
2015-09-23,180.359606,181.905698,176.791337,178.488250,159.230276,14256917.000000
2015-09-24,180.044920,183.304377,178.567179,181.468222,161.888724,16936171.000000
2015-09-25,182.019875,182.406262,181.341045,181.628813,162.031988,13587739.000000
2015-09-28,181.797750,181.888337,181.371994,181.591958,161.999110,11446972.000000
2015-09-29,181.361318,181.722061,181.205738,181.567287,161.977100,15270371.000000
2015-09-30,182.268700,183.320676,180.975878,182.935619,163.197796,16149408.000000
2015-10-01,181.523841,182.756115,174.556927,177.500630,158.349215,19398963.000000
2015-10-02,178.210369,179.126428,177.365221,178.848883,159.551999,7234629.000000
2015-10-05,178.546639,179.029911,176.793631,177.419220,158.276589,15899571.000000
2015-10-06,176.509317,177.277551,173.566676,174.750745,155.896029,11532122.000000
2015-10-07,174.871868,175.983486,170.445080,172.058074,153.493883,10908836.000000
2015-10-08,173.839618,178.431177,172.775047,177.326948,158.194272,18957598.000000
2015-10-09,177.418239,178.083565,177.203021,177.491070,158.340687,10050466.000000
2015-10-12,177.453286,179.721521,176.158224,179.194347,159.860188,15694816.000000
2015-10-13,179.809434,180.157957,179.202040,179.624728,160.244133,10160065.000000
2015-10-14,178.900919,181.153331,173.580152,174.416636,155.597969,26979862.000000
2015-10-15,175.237994,176.889595,174.293681,176.155557,157.149268,12694680.000000
2015-10-16,175.798830,176.534365,175.065883,175.616680,156.668533,17295627.000000
2015-10-19,175.040755,175.820915,174.346060,174.765255,155.908973,9400248.000000
2015-10-20,174.712618,176.262800,173.899303,176.011237,157.020520,15737575.000000
2015-10-21,176.931657,180.603971,175.607288,179.800417,160.400867,11551476.000000
2015-10-22,180.062050,180.799763,178.545584,178.972926,159.662658,11616702.000000
2015-10-23,179.140188,179.728522,178.490175,179.347490,159.996809,13097825.000000
2015-10-26,180.016493,181.344764,179.488200,180.467877,160.996311,13791945.000000
2015-10-27,179.788273,180.953697,175.748763,177.382656,158.243970,16346533.000000
2015-10-28,177.234877,178.206277,174.907926,176.013761,157.022771,17497316.000000
2015-10-29,175.759323,176.852322,171.843068,173.131710,154.451679,12214439.000000
2015-10-30,172.979069,173.527906,171.468482,171.706375,153.180130,12932756.000000
2015-11-02,171.232961,171.862015,169.339597,170.319366,151.942773,5445958.000000
2015-11-03,169.685777,171.128717,167.444717,168.406279,150.236098,11775461.000000
2015-11-04,168.209567,170.106208,167.999518,169.294387,151.028384,7726947.000000
2015-11-05,167.598608,168.604651,161.172077,163.770104,146.100143,28729114.000000
2015-11-06,162.569617,164.093772,156.654600,159.127723,141.958651,19031006.000000
2015-11-09,158.252511,158.631683,155.490668,156.750724,139.838118,21910542.000000
2015-11-10,156.232200,156.745073,155.259287,155.574638,138.788926,11755785.000000
2015-11-11,154.956377,155.480276,154.064175,154.432534,137.770049,13005940.000000
2015-11-12,153.701225,154.265358,150.204558,151.395510,135.060705,20527155.000000
2015-11-13,151.093939,151.456640,150.185836,150.778407,134.510184,12565768.000000
2015-11-16,150.371177,151.367151,148.089011,149.138805,133.047486,22120461.000000
2015-11-17,147.939249,148.870161,144.445059,145.337963,129.656736,18037956.000000
2015-11-18,145.527835,145.890726,142.575614,143.285194,127.825451,12190851.000000
2015-11-19,142.527838,143.580693,140.361252,140.742544,125.557139,22230285.000000
2015-11-20,140.447520,141.163347,139.213394,139.872834,124.781267,11614842.000000
2015-11-23,140.171994,142.900371,139.829606,141.715198,126.424849,12017849.000000
2015-11-24,141.416540,141.792837,140.329248,140.580913,125.412947,8641573.000000
2015-11-25,140.911491,141.186197,140.486246,140.603026,125.432675,8497498.000000
2015-11-26,141.240147,141.890824,141.036043,141.675954,126.389839,20109544.000000
2015-11-27,142.220888,142.571065,141.684452,142.359256,126.999416,8594927.000000
2015-11-30,142.300237,143.461225,141.858075,143.084590,127.646491,8267665.000000
2015-12-01,143.287648,143.796133,142.889026,143.440992,127.964439,15027335.000000
2015-12-02,143.902893,144.539203,143.568550,144.241054,128.678178,7093251.000000
2015-12-03,144.116006,145.167347,141.999443,142.589316,127.204654,17832686.000000
2015-12-04,142.900210,143.197060,142.394221,142.728606,127.328915,10254271.000000
2015-12-07,142.169085,142.652934,138.589292,139.723409,124.647964,13379754.000000
2015-12-08,139.571116,140.620265,137.194571,137.678706,123.193454,9122536.000000
2015-12-09,137.536099,138.436850,137.272010,137.959957,123.445115,11560411.000000
2015-12-10,137.440042,137.898736,137.258181,137.407606,122.950877,9435282.000000
2015-12-11,137.863538,139.931760,137.491883,139.201535,124.556066,13927493.000000
2015-12-14,138.473763,140.857845,133.578547,134.855935,120.667669,20735591.000000
2015-12-15,135.246026,135.540811,135.045441,135.384778,121.140871,16390654.000000
2015-12-16,135.322114,136.953120,134.754012,136.502516,122.141012,12383739.000000
2015-12-17,136.478999,136.950781,134.959204,135.526739,121.267897,13267187.000000
2015-12-18,135.345749,135.802563,134.286295,134.945070,120.747426,7690712.000000
2015-12-21,134.375181,135.431242,132.122228,133.172641,119.161475,16061008.000000
2015-12-22,134.103004,136.182623,133.600197,135.681237,121.406140,18664279.000000
2015-12-23,136.091237,137.174153,135.650211,136.588997,122.218395,11880755.000000
2015-12-24,136.012613,136.866390,135.483536,135.820369,121.530634,8415945.000000
2015-12-25,136.415929,137.630095,135.648734,137.062106,122.641727,14453418.000000
2015-12-28,136.326282,136.899626,136.029478,136.424300,122.071025,9351153.000000
2015-12-29,136.798600,137.329853,135.877721,136.030768,121.718897,13760847.000000
2015-12-30,136.293873,136.783853,136.183174,136.435930,122.081431,10320748.000000
2015-12-31,136.768969,137.962126,136.169872,137.491465,123.025913,10343523.000000
2016-01-01,137.813482,138.083481,137.000508,137.340914,122.891201,9076671.000000
2016-01-04,136.429055,137.402396,133.650979,134.889105,120.697349,17637808.000000
2016-01-05,134.607463,134.895056,133.416808,134.117783,120.007178,6658641.000000
2016-01-06,134.624942,136.461255,133.854354,135.485340,121.230854,11946369.000000
2016-01-07,135.975024,138.395471,134.585796,137.621577,123.142336,17142901.000000
2016-01-08,137.180895,137.922292,134.488043,135.198227,120.973948,16862006.000000
2016-01-11,136.106377,137.464382,134.775930,137.092045,122.668517,19070231.000000
2016-01-12,137.004318,137.629426,136.492685,137.457262,122.995308,12633891.000000
2016-01-13,136.698903,137.577577,135.820717,136.356709,122.010546,13688277.000000
2016-01-14,136.040639,136.283588,135.680936,135.993183,121.685266,10243203.000000
2016-01-15,136.163256,136.433644,134.880753,135.415328,121.168208,10448561.000000
2016-01-18,135.211686,135.849391,133.665846,134.415754,120.273799,6810571.000000
2016-01-19,134.205674,135.054700,133.691540,134.763324,120.584802,12256448.000000
2016-01-20,134.952024,136.003826,134.398087,135.451355,121.200444,12804068.000000
2016-01-21,135.771601,136.798752,135.118814,136.161314,121.835708,10693377.000000
2016-01-22,136.209127,137.927916,135.297953,137.599916,123.122954,8379186.000000
2016-01-25,137.543628,139.572182,137.189012,138.861578,124.251876,11007995.000000
2016-01-26,138.180753,138.693188,137.590857,138.128772,123.596169,9074232.000000
2016-01-27,138.517123,139.067274,138.289277,138.879878,124.268250,9172783.000000
2016-01-28,138.929325,139.296603,138.726541,138.978918,124.356871,17410101.000000
2016-01-29,138.858982,139.639058,137.665165,138.276372,123.728240,9705125.000000
2016-02-01,139.106770,141.317258,138.509180,140.097004,125.357322,12587146.000000
2016-02-02,139.419498,139.919506,137.810112,138.759446,124.160489,12810473.000000
2016-02-03,139.358627,140.640562,138.915368,140.173020,125.425340,10071888.000000
2016-02-04,139.208673,140.701340,134.913725,136.296055,121.956273,20630251.000000
2016-02-05,136.140822,136.591233,135.564855,135.790406,121.503823,13601281.000000
2016-02-08,135.576449,135.795918,135.173778,135.299543,121.064604,17197271.000000
2016-02-09,134.666140,134.919681,132.999814,133.394867,119.360321,23897560.000000
2016-02-10,133.640448,134.032133,132.818675,133.147499,119.138978,10363106.000000
2016-02-11,133.075681,134.465827,132.630259,133.832400,119.751820,10135615.000000
2016-02-12,134.318244,134.456279,133.789544,134.108982,119.999303,8234578.000000
2016-02-15,134.468178,136.498396,133.453698,135.538030,121.278000,10639772.000000
2016-02-16,135.854360,136.035135,135.287276,135.620950,121.352196,20696853.000000
2016-02-17,136.628285,140.612872,134.627748,139.190436,124.546134,21556419.000000
2016-02-18,139.303023,140.007345,138.055785,138.487627,123.917269,11511734.000000
2016-02-19,138.490748,139.180890,138.124509,138.674538,124.084514,20347056.000000
2016-02-22,138.636214,139.434862,137.381631,137.825807,123.325079,12087443.000000
2016-02-23,138.423787,141.068894,137.121451,139.765383,125.060591,15350971.000000
2016-02-24,139.908104,140.356905,139.590841,139.870934,125.155037,12809050.000000
2016-02-25,140.504728,145.268976,139.030166,143.592148,128.484740,18914635.000000
2016-02-26,144.531550,146.281856,143.512837,145.745671,130.411689,12253128.000000
2016-02-29,145.917171,147.824074,145.293450,147.161057,131.678162,8310008.000000
2016-03-01,147.946278,151.892808,146.126468,150.335729,134.518825,18492206.000000
2016-03-02,149.962872,152.037590,149.042256,151.789228,135.819401,11506315.000000
2016-03-03,151.963821,154.279868,151.331647,153.265659,137.140496,10200688.000000
2016-03-04,153.454246,154.622905,153.034811,153.807320,138.039286,21228087.000000
2016-03-07,153.310279,154.446254,150.964005,152.132732,136.536374,13710841.000000
2016-03-08,152.033333,152.379738,151.795389,151.979266,136.398640,6983417.000000
2016-03-09,152.411534,154.694806,151.710128,153.898896,138.121474,6910783.000000
2016-03-10,153.478194,154.465026,153.088277,154.161094,138.356791,11049801.000000
2016-03-11,154.071230,154.650644,151.692106,152.396612,136.773201,9351684.000000
2016-03-14,152.427441,153.354880,150.431522,151.173482,135.675464,10260147.000000
2016-03-15,151.253349,152.341098,149.115643,149.980444,134.604734,18410167.000000
2016-03-16,150.715511,152.348369,150.398441,151.439351,135.914076,18207944.000000
2016-03-17,151.245466,152.064107,149.093321,149.795968,134.439170,11808262.000000
2016-03-18,149.596019,150.448304,147.704321,148.505786,133.281255,11686790.000000
2016-03-21,147.488107,148.401265,144.713570,145.278521,130.384844,11761170.000000
2016-03-22,145.088693,146.090578,142.828271,143.870411,129.121090,11925169.000000
2016-03-23,144.371859,146.213111,143.880665,145.493445,130.577734,12202265.000000
2016-03-24,146.108408,146.524104,144.921158,145.177394,130.294084,10794486.000000
2016-03-25,145.809577,148.368617,144.764116,147.209753,132.118089,22500555.000000
2016-03-28,146.841193,147.209948,144.290418,145.558448,130.636072,19303752.000000
2016-03-29,145.903732,146.188004,145.073243,145.689482,130.753673,8736757.000000
2016-03-30,145.591384,146.232121,143.971740,144.720802,129.884300,10507344.000000
2016-03-31,145.507303,149.174609,144.914904,147.825839,132.671015,14156880.000000
2016-04-01,147.473141,148.320243,146.292227,146.607614,131.577680,9997907.000000
2016-04-04,146.512183,147.664756,144.456891,144.907292,130.051672,18058542.000000
2016-04-05,144.876262,145.136265,144.541789,144.838599,129.990021,7602503.000000
2016-04-06,144.824900,145.306202,143.455079,143.736775,129.001154,21821282.000000
2016-04-07,144.069270,146.129763,143.412985,145.303752,130.407488,12134002.000000
2016-04-08,145.923812,146.259043,145.175762,146.066062,131.091647,13776314.000000
2016-04-11,145.400099,146.207488,144.136814,144.755547,129.915483,24225277.000000
2016-04-12,144.471962,144.835710,144.354537,144.484892,129.672576,9072602.000000
2016-04-13,144.147330,145.055963,142.423518,143.021808,128.359484,16226804.000000
2016-04-14,143.053804,144.474760,142.645873,144.173679,129.393267,12412520.000000
2016-04-15,144.610622,144.772480,144.162199,144.391390,129.588660,6717532.000000
2016-04-18,144.879080,147.035122,143.698404,146.195964,131.208231,8963778.000000
2016-04-19,146.834170,149.806467,145.198403,148.530506,133.303440,11720295.000000
2016-04-20,148.021101,148.484973,146.354038,147.272003,132.173957,12383813.000000
2016-04-21,147.484482,147.785017,146.296110,146.955862,131.890226,10061121.000000
2016-04-22,146.641072,147.354877,146.394045,146.825358,131.773102,7514304.000000
2016-04-25,146.510161,146.688423,146.083916,146.379331,131.372800,16633326.000000
2016-04-26,146.805992,147.512443,146.595172,147.239733,132.144996,11461478.000000
2016-04-27,146.393738,148.118387,142.452905,144.085556,129.314179,12037932.000000
2016-04-28,144.584986,145.770835,143.866336,145.127376,130.249193,17729496.000000
2016-04-29,144.767239,145.625657,144.579760,145.354299,130.452852,14130511.000000
2016-05-02,145.058825,145.427799,144.937815,145.049278,130.179102,14863520.000000
2016-05-03,144.593111,145.253947,143.316752,143.646824,128.920425,14295881.000000
2016-05-04,144.117158,145.227875,143.376432,144.916431,130.059874,8557752.000000
2016-05-05,144.611946,145.170681,144.357583,144.811129,129.965368,14181866.000000
2016-05-06,145.100512,145.536683,144.869880,145.162593,130.280799,9054790.000000
2016-05-09,145.199074,145.913644,144.932189,145.637635,130.707141,8590101.000000
2016-05-10,146.181763,146.574357,144.385149,144.866602,130.015153,7317557.000000
2016-05-11,144.848062,145.481439,143.695195,143.908218,129.155021,9247894.000000
2016-05-12,143.799559,145.006567,143.449269,144.704594,129.869754,10632401.000000
2016-05-13,144.983309,147.467285,144.510838,147.040959,131.966599,7867371.000000
2016-05-16,147.390396,150.379181,146.911179,149.015513,133.738726,10928430.000000
2016-05-17,148.759264,149.286195,148.410705,149.112198,133.825499,8988213.000000
2016-05-18,150.281607,150.960269,149.750311,150.457489,135.032874,11229184.000000
2016-05-19,150.509237,152.878878,150.049061,152.078321,136.487540,20718198.000000
2016-05-20,152.040648,153.049527,151.731076,152.562669,136.922234,8572262.000000
2016-05-23,153.329635,156.700194,152.841036,155.642314,139.686160,26580358.000000
2016-05-24,155.274510,155.622028,155.139492,155.355077,139.428369,11407261.000000
2016-05-25,156.198922,158.703627,155.196094,157.804087,141.626312,9069735.000000
2016-05-26,157.845439,158.743976,155.591285,156.460275,140.420265,22273407.000000
2016-05-27,157.285478,161.626361,156.495034,160.712923,144.236939,14354600.000000
2016-05-30,160.613696,160.846141,160.144493,160.436483,143.988840,19944950.000000
2016-05-31,160.609475,161.073849,160.115259,160.627552,144.160320,10401367.000000
2016-06-01,159.414297,160.442763,156.388168,157.473604,141.754975,13534922.000000
2016-06-02,158.145370,161.500345,156.948688,160.561912,144.535015,13404014.000000
2016-06-03,161.005753,161.741012,160.814403,161.232197,145.138394,11018083.000000
2016-06-06,161.067151,161.665456,158.883275,159.926856,143.963349,15192427.000000
2016-06-07,160.560449,161.752598,159.387416,161.247430,145.152106,9234122.000000
2016-06-08,161.175868,161.580215,160.010120,160.382703,144.373694,9884992.000000
2016-06-09,159.556942,160.034512,158.646681,158.869173,143.011241,8424407.000000
2016-06-10,159.006031,159.862645,158.739214,159.325356,143.421889,7893777.000000
2016-06-13,159.576518,161.332269,159.058296,160.850322,144.794637,12528325.000000
2016-06-14,161.536549,164.961930,160.009692,163.403584,147.093038,12981646.000000
2016-06-15,162.465639,163.509719,162.369018,163.245156,146.950425,7158653.000000
2016-06-16,163.226447,163.841632,163.021800,163.669656,147.332552,15565458.000000
2016-06-17,164.504839,168.295467,163.054033,167.500165,150.780709,25800775.000000
2016-06-20,166.900731,167.399773,166.598001,167.053394,150.378534,10966363.000000
2016-06-21,166.440227,167.061360,165.354152,166.317807,149.716371,8192879.000000
2016-06-22,165.390986,166.425234,164.639863,165.157683,148.672048,10028110.000000
2016-06-23,164.773866,165.654516,164.334612,165.357979,148.852350,15111800.000000
2016-06-24,166.282916,167.518908,165.846715,167.059453,150.383987,11328290.000000
2016-06-27,166.945281,167.318689,164.853239,165.717331,149.175833,13488022.000000
2016-06-28,166.440241,168.412704,165.812490,167.949280,151.184994,15057166.000000
2016-06-29,168.577018,171.596270,168.180642,170.103646,153.124316,9652519.000000
2016-06-30,170.513289,171.275824,170.273994,171.019838,153.949057,7534303.000000
2016-07-01,171.151337,171.342548,170.825641,171.065581,153.990233,12268519.000000
2016-07-04,170.917208,172.379498,170.540406,171.750754,154.607015,13775230.000000
2016-07-05,171.287497,172.024537,170.883549,171.204665,154.115435,11304781.000000
2016-07-06,170.897384,171.613906,170.580654,171.446101,154.332771,12301232.000000
2016-07-07,171.665666,171.985324,170.763964,170.910690,153.850803,8470221.000000
2016-07-08,171.888426,173.032814,170.798893,172.701432,155.462798,10717811.000000
2016-07-11,172.956199,173.636405,172.653868,173.357288,156.053188,7717667.000000
2016-07-12,173.181698,173.391813,172.232312,172.699288,155.460868,19069433.000000
2016-07-13,173.445951,178.541668,171.967711,176.199006,158.611253,22395805.000000
2016-07-14,176.107123,177.396107,175.882579,176.979161,159.313534,18265830.000000
2016-07-15,176.950528,177.390564,175.171285,175.709242,158.170376,12643936.000000
2016-07-18,175.674051,176.093955,174.750237,175.215064,157.725525,12372849.000000
2016-07-19,174.751349,175.684031,174.395445,175.427652,157.916893,9781633.000000
2016-07-20,175.529716,176.176934,174.068748,174.303911,156.905321,9163469.000000
2016-07-21,174.840844,176.726153,173.576578,175.768042,158.223306,17456435.000000
2016-07-22,176.828353,181.846971,175.879647,179.719685,161.780506,18294698.000000
2016-07-25,179.632159,180.839164,177.633362,177.926574,160.166379,11084902.000000
2016-07-26,178.176045,181.732877,176.707938,180.210863,162.222656,14861036.000000
2016-07-27,178.962292,179.383008,176.132424,177.676312,159.941098,8157379.000000
2016-07-28,180.656395,186.760228,176.735173,184.914276,166.456585,21972105.000000
2016-07-29,184.517244,187.218245,177.948470,180.610607,162.582498,19668915.000000
2016-08-01,180.352527,183.281449,179.731120,182.120774,163.941924,9844291.000000
2016-08-02,183.303304,187.510219,180.813681,186.411972,167.804785,14720330.000000
2016-08-03,185.486496,187.864438,180.938094,182.989739,164.724152,15462393.000000
2016-08-04,184.284259,189.379379,183.541728,186.922375,168.264241,12305799.000000
2016-08-05,186.428271,187.127547,186.184076,186.993889,168.328617,15320220.000000
2016-08-08,187.204148,187.311346,186.913321,187.032692,168.363546,10539935.000000
2016-08-09,188.404602,195.814804,185.616041,193.176451,173.894051,16515155.000000
2016-08-10,192.529791,193.493095,192.311518,193.295621,174.001325,10386711.000000
2016-08-11,191.308304,193.726253,185.022400,186.978331,168.314612,22583215.000000
2016-08-12,185.834997,187.636935,178.489526,181.226274,163.136711,32333665.000000
2016-08-15,180.701991,181.566112,179.675349,180.516802,162.498057,13653298.000000
2016-08-16,181.143771,183.328793,179.784939,182.215796,164.027461,14628502.000000
2016-08-17,181.653956,184.389497,180.852908,183.684829,165.349859,10798261.000000
2016-08-18,184.019944,184.313995,183.140046,183.498137,165.181802,7453362.000000
2016-08-19,184.283175,186.708115,182.490183,186.158555,167.576664,14370428.000000
2016-08-22,185.766999,186.593956,182.371235,183.054239,164.782213,11128859.000000
2016-08-23,184.161771,188.983986,183.303604,187.892852,169.137847,17099756.000000
2016-08-24,188.188328,190.796181,186.958691,189.767154,170.825061,14929284.000000
2016-08-25,189.227700,190.843821,186.950216,187.411914,168.704916,22027576.000000
2016-08-26,187.274078,190.937929,186.299423,190.063607,171.091923,14031890.000000
2016-08-29,190.056825,190.319134,188.533893,189.128487,170.762431,15627297.000000
2016-08-30,189.665181,191.603290,189.193938,190.877772,172.341846,21298045.000000
2016-08-31,189.552176,190.684890,184.537499,186.200479,168.118759,30365423.000000
2016-09-01,185.073168,187.930903,178.007905,180.752876,163.200167,34837921.000000
2016-09-02,180.537609,181.632540,179.025287,179.383416,161.963694,12203696.000000
2016-09-05,179.001510,179.686349,178.703408,179.429910,162.005673,7909764.000000
2016-09-06,178.951608,179.751399,178.649056,179.105894,161.713122,10052526.000000
2016-09-07,178.041077,178.783346,174.143018,176.098298,158.997590,14916835.000000
2016-09-08,175.812541,176.315938,175.450555,175.999060,158.907989,13229218.000000
2016-09-09,176.678002,178.093277,176.406626,177.306220,160.088212,13320221.000000
2016-09-12,176.655542,177.639733,175.893035,176.237800,159.123545,12141280.000000
2016-09-13,176.917311,183.820045,174.216129,181.201050,163.604820,21453526.000000
2016-09-14,182.913671,187.302550,180.270825,186.363284,168.265755,24439691.000000
2016-09-15,186.586251,187.186196,186.118659,186.852523,168.707484,10518638.000000
2016-09-16,187.073732,187.926030,185.338452,185.950842,167.893364,15761223.000000
2016-09-19,186.085319,187.662106,185.019576,186.733200,168.599748,21107094.000000
2016-09-20,186.575477,187.838585,185.901812,187.407170,169.208270,11270693.000000
2016-09-21,187.870146,188.230205,186.943295,187.419248,169.219175,10960433.000000
2016-09-22,187.293485,188.754208,186.600356,188.234230,169.955015,15617173.000000
2016-09-23,189.400818,193.478546,187.613057,191.573590,172.970093,12161086.000000
2016-09-26,191.287681,191.673649,188.111988,189.428537,171.033344,11925249.000000
2016-09-27,190.117456,191.139387,189.362555,190.459795,171.964458,6381707.000000
2016-09-28,190.127985,191.194031,187.739548,188.108576,169.841563,12998258.000000
2016-09-29,188.192256,188.514738,187.484429,187.947625,169.696242,10730613.000000
2016-09-30,189.086945,193.732343,186.422032,192.775251,174.055063,20610773.000000
2016-10-03,192.135581,194.847921,186.930423,188.596019,170.281672,16946462.000000
2016-10-04,189.772273,191.897396,188.198679,191.388107,172.802622,13866280.000000
2016-10-05,191.123095,191.916177,189.912971,190.515496,172.014750,9589930.000000
2016-10-06,190.145993,190.559673,188.672692,189.231465,170.855410,8130723.000000
2016-10-07,189.743230,192.155930,189.289284,191.591264,172.986051,21281520.000000
2016-10-10,191.698669,194.458807,191.283928,193.295448,174.524744,13091882.000000
2016-10-11,193.045513,193.559683,192.018286,192.301658,173.627460,16124464.000000
2016-10-12,192.829694,196.260250,191.925977,195.332837,176.364285,16803494.000000
2016-10-13,195.685477,197.609248,194.826521,196.506896,177.424332,10796397.000000
2016-10-14,196.651761,196.797119,195.961408,196.293895,177.232015,8860851.000000
2016-10-17,196.458555,197.833310,195.534316,197.219183,178.067450,14225611.000000
2016-10-18,196.231390,197.289816,193.322282,194.455098,175.571781,14510723.000000
2016-10-19,193.241368,195.563123,188.597723,190.198784,171.728794,13833289.000000
2016-10-20,190.613975,193.984502,189.740596,192.982810,174.242466,16510692.000000
2016-10-21,193.817476,197.216446,193.008927,195.712156,176.706768,13115736.000000
2016-10-24,195.404547,197.295774,194.863824,196.637622,177.542363,9118788.000000
2016-10-25,197.121453,199.124919,195.963474,198.563031,179.280798,12637110.000000
2016-10-26,198.985838,201.372140,197.704067,200.484548,181.015719,8874851.000000
2016-10-27,200.898440,203.260516,199.521469,202.858953,183.159548,9086172.000000
2016-10-28,204.186117,211.149052,202.820203,209.385124,189.051969,30009562.000000
2016-10-31,210.513437,210.868940,210.125964,210.618633,190.165694,13790986.000000
2016-11-01,210.956169,212.535469,210.029117,211.479150,190.942647,17691895.000000
2016-11-02,212.380622,215.546300,211.312275,214.419479,193.597444,8663184.000000
2016-11-03,213.481889,213.937158,211.219983,211.973079,191.388611,13758673.000000
2016-11-04,210.962265,213.391547,206.565884,207.976494,187.780130,14072263.000000
2016-11-07,208.555558,208.968493,207.937595,208.326594,188.096232,12356667.000000
2016-11-08,209.138686,211.767822,207.673753,210.360860,189.932953,21003974.000000
2016-11-09,209.379330,210.640414,205.937009,206.969217,186.870669,18853424.000000
2016-11-10,206.803607,207.609532,206.650920,207.420755,187.278358,15700833.000000
2016-11-11,207.871250,208.562492,207.379354,207.924292,187.732998,8344543.000000
2016-11-14,208.683926,211.334994,206.941515,210.522828,190.079193,10768623.000000
2016-11-15,212.264997,216.450379,209.515962,215.460638,194.537497,21361966.000000
2016-11-16,215.388264,216.258273,215.030441,215.293219,194.386336,11445581.000000
2016-11-17,216.700367,219.718586,214.959664,218.664886,197.430585,9913252.000000
2016-11-18,218.837204,221.930000,217.747505,220.880261,199.430827,16236254.000000
2016-11-21,220.653424,221.207892,220.425827,220.895991,199.445029,8411533.000000
2016-11-22,221.146304,224.296735,220.455517,222.664500,201.041801,9518685.000000
2016-11-23,221.779742,223.338755,219.064216,219.561116,198.239782,8013900.000000
2016-11-24,219.781697,220.577216,219.481694,220.025184,199.256555,7053618.000000
2016-11-25,219.098505,219.579280,216.658698,217.582371,197.044324,19645659.000000
2016-11-28,217.205771,217.834508,216.845323,217.455220,196.929175,6142925.000000
2016-11-29,217.081581,218.005738,213.862305,214.813436,194.536755,13816363.000000
2016-11-30,215.724574,220.040904,213.714986,218.056936,197.474094,24874984.000000
2016-12-01,217.976967,219.181768,217.629937,218.898492,198.236214,7520975.000000
2016-12-02,218.027317,218.350801,216.150157,216.817510,196.351660,9014084.000000
2016-12-05,217.436841,218.087467,216.621407,217.566139,197.029624,17043730.000000
2016-12-06,217.005675,217.739130,213.922208,215.182629,194.871098,12970782.000000
2016-12-07,216.259213,216.757157,215.138080,215.887999,195.509887,9137030.000000
2016-12-08,216.395590,216.937255,215.465740,216.075631,195.679808,11344930.000000
2016-12-09,216.149234,216.652604,215.396912,215.669205,195.311745,6528030.000000
2016-12-12,216.406324,218.125199,211.186351,212.946192,192.845764,14668861.000000
2016-12-13,214.065599,216.259763,213.239130,215.515052,195.172144,36026671.000000
2016-12-14,214.387945,215.595825,209.595309,211.557898,191.588513,15750252.000000
2016-12-15,211.552633,212.299027,209.428286,210.092567,190.261498,14963093.000000
2016-12-16,209.506988,210.129813,209.220545,209.985785,190.164795,8977778.000000
2016-12-19,210.291673,210.761869,209.382298,209.573834,189.791730,10799751.000000
2016-12-20,209.358976,210.001211,208.055946,208.314395,188.651171,16419171.000000
2016-12-21,207.976387,209.183680,205.784720,206.767796,187.250559,8603665.000000
2016-12-22,207.261037,209.628010,206.895993,208.920299,189.199882,13923998.000000
2016-12-23,207.566921,208.942217,206.199469,206.608709,187.106489,9908359.000000
2016-12-26,206.883884,209.797789,206.599783,208.433660,188.759179,14969836.000000
2016-12-27,209.125969,211.998162,207.720779,210.392129,190.532784,10699559.000000
2016-12-28,210.301587,213.488510,209.541917,212.668785,192.594541,16002296.000000
2016-12-29,213.961618,215.816466,212.337918,215.124581,194.818530,12234051.000000
2016-12-30,215.492179,216.587987,214.553486,215.872654,195.495991,9012140.000000
2017-01-02,215.582045,217.980222,214.580182,217.344174,196.828610,14922520.000000
2017-01-03,215.840925,217.605970,212.822933,213.963636,193.767169,10951169.000000
2017-01-04,213.556289,214.078220,210.937428,211.812497,191.819081,22449767.000000
2017-01-05,211.076023,211.918433,206.796657,208.496765,188.816327,16877370.000000
2017-01-06,208.402407,210.029972,208.054727,209.626240,189.839189,15096537.000000
2017-01-09,209.305041,209.802393,207.205088,208.093629,188.451244,14717161.000000
2017-01-10,208.615754,209.305017,207.591796,208.183580,188.532704,9943970.000000
2017-01-11,207.922917,209.267491,207.350960,208.551694,188.866071,5116136.000000
2017-01-12,207.589498,208.934374,204.256783,204.987071,185.637920,8762773.000000
2017-01-13,205.466404,209.422195,204.824650,208.896634,189.178451,19091100.000000
2017-01-16,210.317459,211.422422,209.439307,210.740745,190.848493,8698205.000000
2017-01-17,211.366187,214.837905,210.499306,213.353543,193.214664,23853933.000000
2017-01-18,213.836921,217.155714,212.585448,216.423239,195.994605,10452088.000000
2017-01-19,215.798927,216.835504,212.758342,213.984594,193.786149,17175144.000000
2017-01-20,213.792741,214.041689,212.114075,212.859979,192.767688,15536264.000000
2017-01-23,212.045097,212.824317,211.417548,211.779895,191.789556,13441377.000000
2017-01-24,211.724484,212.054327,209.686086,210.641709,190.758806,10553300.000000
2017-01-25,210.049188,211.990378,205.632739,206.758395,187.242045,14414648.000000
2017-01-26,205.237178,206.349600,195.924743,199.189502,180.387596,26655473.000000
2017-01-27,198.806246,199.209733,196.497926,197.533652,178.888044,11506773.000000
2017-01-30,197.560215,200.993284,197.205180,200.021629,181.141176,11698345.000000
2017-01-31,200.363770,200.540338,198.793735,199.376219,180.556688,7912283.000000
2017-02-01,200.448341,206.252363,197.760110,203.728328,184.497993,32075277.000000
2017-02-02,203.589262,204.534915,201.760341,202.608221,183.483615,9223587.000000
2017-02-03,201.993544,203.372864,200.582956,201.318380,182.315524,13277982.000000
2017-02-06,202.465781,203.088754,201.568017,202.072418,182.998387,9228820.000000
2017-02-07,202.278052,203.999560,201.379105,203.640314,184.418286,11970716.000000
2017-02-08,203.779656,205.320832,203.103934,204.524781,185.219266,6997153.000000
2017-02-09,205.184718,207.140294,204.149925,206.206559,186.742298,14343486.000000
2017-02-10,206.823269,207.173885,206.131904,206.372558,186.892628,10519009.000000
2017-02-13,206.761233,207.178231,206.564667,206.992779,187.454305,15309118.000000
2017-02-14,206.697902,208.712871,205.779250,207.793871,188.179780,10421922.000000
2017-02-15,209.434625,213.175661,207.872614,212.214273,192.182932,13747196.000000
2017-02-16,211.950773,212.579951,211.404281,211.823301,191.828864,16263442.000000
2017-02-17,212.372594,218.742421,209.093517,217.236660,196.731245,19030384.000000
2017-02-20,217.197859,219.713074,216.719567,218.352082,197.741380,6256789.000000
2017-02-21,218.504130,218.950831,216.941702,217.372669,197.446756,9240118.000000
2017-02-22,217.341046,217.988720,216.230788,216.494994,196.649535,15150829.000000
2017-02-23,218.036740,220.943616,215.707872,219.938272,199.777178,12390272.000000
2017-02-24,219.330791,220.183458,217.479359,218.450692,198.425960,10997839.000000
2017-02-27,217.190091,218.307401,211.908354,213.185114,193.643062,31529192.000000
2017-02-28,213.407949,214.132963,212.941068,213.568486,193.991292,9594143.000000
2017-03-01,215.244469,223.857394,213.703358,220.642133,200.416518,36613150.000000
2017-03-02,222.067271,223.315442,220.604214,222.890516,202.458798,13080433.000000
2017-03-03,222.015640,223.384858,219.104412,220.041321,199.870781,12450780.000000
2017-03-06,221.287147,223.889673,220.279538,223.346262,202.872768,13959990.000000
2017-03-07,222.804408,223.607683,221.185849,221.935598,201.591415,9277153.000000
2017-03-08,221.501754,222.085769,218.876373,220.174673,199.991909,11459048.000000
2017-03-09,220.999450,221.210178,220.265236,220.526457,200.311446,13829372.000000
2017-03-10,220.692715,221.483292,215.888472,217.673283,197.719814,19221354.000000
2017-03-13,217.732276,218.033571,216.419603,217.063504,197.165932,8960837.000000
2017-03-14,218.225858,221.804611,217.046029,220.539951,200.323703,16971941.000000
2017-03-15,221.378006,225.680100,218.723685,225.015955,204.389405,12712983.000000
2017-03-16,225.824503,229.328272,225.184183,227.867406,206.979472,14203157.000000
2017-03-17,227.474326,231.076713,226.538495,230.019924,208.934675,12596274.000000
2017-03-20,229.870826,230.509719,227.154083,228.261284,207.337245,16954067.000000
2017-03-21,227.561662,227.849877,227.157027,227.544336,206.686017,10003670.000000
2017-03-22,228.370800,230.870030,227.484752,229.986269,208.904105,7259422.000000
2017-03-23,230.744929,231.098096,229.493096,229.973617,208.892613,12947750.000000
2017-03-24,230.807723,231.178711,229.973196,230.879929,209.715846,9174565.000000
2017-03-27,230.376832,231.242228,228.596576,229.441577,208.409343,13885594.000000
2017-03-28,229.815124,230.413575,229.065687,230.121544,209.026979,14932809.000000
2017-03-29,230.351657,232.964139,228.996445,231.759413,210.514710,11651942.000000
2017-03-30,231.638406,233.983526,226.177315,228.121378,207.210163,11784333.000000
2017-03-31,226.505978,227.185578,222.836741,224.647717,204.054922,15274282.000000
2017-04-03,224.514909,225.191529,223.975101,224.796885,204.190416,11191115.000000
2017-04-04,224.234053,224.741581,223.320029,224.136887,203.590919,11928939.000000
2017-04-05,224.073391,225.109771,223.865610,224.574645,203.988548,6202820.000000
2017-04-06,224.294885,225.358121,223.747021,225.009505,204.383546,15354707.000000
2017-04-07,224.966874,225.177892,224.521404,225.011349,204.385221,11346459.000000
2017-04-10,224.600822,226.875742,223.567822,226.477709,205.717164,8760364.000000
2017-04-11,226.411230,226.808865,225.698865,226.237564,205.499033,15163844.000000
2017-04-12,226.391424,226.675142,223.589565,224.738722,204.137585,10791138.000000
2017-04-13,225.615264,225.988763,224.427675,224.623328,204.032769,13038770.000000
2017-04-14,225.147431,225.560822,221.394013,222.802969,202.379277,9931426.000000
2017-04-17,222.903956,223.043895,221.874987,222.485999,202.091362,12122771.000000
2017-04-18,222.856264,223.462573,221.913245,223.206833,202.746119,12199006.000000
2017-04-19,222.713817,223.590162,220.169923,221.352385,201.061664,13041884.000000
2017-04-20,221.229690,222.283403,218.635628,219.936017,199.775130,12998410.000000
2017-04-21,219.583474,220.663441,218.153886,218.908652,198.841941,11054769.000000
2017-04-24,219.280431,219.462703,218.626849,219.023732,198.946471,12148796.000000
2017-04-25,218.512468,219.828971,216.789645,217.563509,197.620102,14106599.000000
2017-04-26,216.796332,218.208879,212.965986,214.363811,194.713711,14219253.000000
2017-04-27,214.696776,215.188311,213.684515,214.460796,194.801806,6957583.000000
2017-04-28,213.788073,214.874265,209.788972,210.978861,191.639050,17593142.000000
2017-05-01,209.945994,211.559130,205.599838,207.314948,188.310997,11775694.000000
2017-05-02,206.786387,209.466939,206.354382,208.564385,189.445902,11183255.000000
2017-05-03,207.925842,208.588181,203.635796,205.443546,186.611141,10485612.000000
2017-05-04,206.569378,212.263037,204.445170,210.306504,191.028326,25883544.000000
2017-05-05,211.334966,211.863210,210.281249,210.814517,191.489771,9888333.000000
2017-05-08,210.827881,211.473365,208.666604,209.723769,190.499009,17637764.000000
2017-05-09,210.366175,213.548522,209.176969,212.271153,192.812881,12378872.000000
2017-05-10,211.740104,212.248466,211.162374,211.972217,192.541348,8956957.000000
2017-05-11,210.896991,211.331652,208.619675,209.557431,190.347918,11213984.000000
2017-05-12,209.275432,210.246340,208.081287,208.332294,189.235086,7598248.000000
2017-05-15,208.939206,209.482688,208.335488,209.126115,189.956140,7584063.000000
2017-05-16,208.684832,209.032762,207.182164,208.081824,189.007576,11023793.000000
2017-05-17,209.803834,212.381593,207.705031,211.392016,192.014332,13134025.000000
2017-05-18,209.948393,212.138348,204.600804,206.902002,187.935905,18351380.000000
2017-05-19,207.095877,208.695155,206.682328,207.882662,189.394855,10477022.000000
2017-05-22,208.118565,208.971554,207.576853,208.336220,189.808077,9413940.000000
2017-05-23,208.306381,208.910016,208.155196,208.643786,190.088289,12393185.000000
2017-05-24,209.583960,211.561087,208.343010,211.172594,192.392200,14577184.000000
2017-05-25,210.016826,211.137461,209.811882,210.765470,192.021283,9280279.000000
2017-05-26,211.642127,211.823946,210.598144,210.857433,192.105068,9499367.000000
2017-05-29,211.786748,215.763833,211.204902,213.880026,194.858850,24653539.000000
2017-05-30,213.496245,214.424120,211.222783,212.470359,193.574550,10669036.000000
2017-05-31,212.070224,212.745126,211.777500,212.567512,193.663064,14605322.000000
2017-06-01,212.406355,214.662143,211.936816,214.233118,195.180541,9560000.000000
2017-06-02,215.711423,220.905377,214.987195,219.130365,199.642257,17421535.000000
2017-06-05,218.561113,219.615294,218.331272,219.424034,199.909808,10581719.000000
2017-06-06,218.766612,219.721285,214.131135,216.241100,197.009945,18330915.000000
2017-06-07,216.537848,218.013409,215.721944,217.598465,198.246594,17515633.000000
2017-06-08,217.027510,217.860258,216.587502,217.618272,198.264639,15152531.000000
2017-06-09,218.245500,219.401619,217.390584,218.451452,199.023722,11851421.000000
2017-06-12,218.180828,220.383316,212.865394,214.873816,195.764259,10469748.000000
2017-06-13,214.060247,215.191300,212.665424,213.018538,194.073978,11852790.000000
2017-06-14,212.350970,212.651512,211.372637,212.157807,193.289795,13110582.000000
2017-06-15,211.986099,212.447881,211.107553,211.663263,192.839232,10400156.000000
2017-06-16,211.063311,211.776845,207.557150,209.189123,190.585127,9650834.000000
2017-06-19,208.046992,209.091596,207.471383,207.769847,189.292073,16680302.000000
2017-06-20,207.196499,208.177846,203.703449,205.515565,187.238273,12056635.000000
2017-06-21,204.957483,205.540227,204.277454,204.708107,186.502626,7857020.000000
2017-06-22,205.906094,206.183453,205.051962,205.664919,187.374345,11874967.000000
2017-06-23,205.664846,206.492904,202.771714,204.185230,186.026250,8492074.000000
2017-06-26,204.439421,205.574119,201.519859,202.137399,184.160541,12552894.000000
2017-06-27,202.021167,203.525989,198.793474,199.810505,182.040586,12604110.000000
2017-06-28,199.012586,199.756097,197.439040,197.981444,180.374190,14431206.000000
2017-06-29,197.546417,198.691840,196.261736,196.830008,179.325156,9648210.000000
2017-06-30,195.772372,196.797829,192.735208,193.581366,176.365428,14533981.000000
2017-07-03,193.924972,194.225598,193.178813,193.710688,176.483249,7977790.000000
2017-07-04,193.501554,196.645575,192.283098,195.899843,178.477714,15658294.000000
2017-07-05,197.527490,200.577722,196.383683,198.755753,181.079637,13611286.000000
2017-07-06,199.342656,202.243706,199.014183,200.852155,182.989598,14129063.000000
2017-07-07,200.815133,201.273483,200.034894,200.259874,182.449991,13650879.000000
2017-07-10,199.888353,200.183172,199.400041,199.971280,182.187062,9740689.000000
2017-07-11,199.130441,199.792336,196.129538,197.201862,179.663940,9145127.000000
2017-07-12,197.594094,198.191850,197.258319,197.914959,180.313619,12024141.000000
2017-07-13,197.751186,197.936744,197.541216,197.814760,180.222330,10168240.000000
2017-07-14,197.956634,198.237569,197.748780,197.970464,180.364187,16180212.000000
2017-07-17,198.106348,198.286377,197.530440,197.809477,180.217517,11031379.000000
2017-07-18,197.780641,199.333698,196.971221,198.856311,181.171252,11028391.000000
2017-07-19,200.016548,203.292983,199.258038,202.618171,184.598555,18388938.000000
2017-07-20,202.630360,203.875533,200.499373,200.890981,183.024971,18447394.000000
2017-07-21,200.323157,201.000819,199.593538,200.156726,182.356017,16298331.000000
2017-07-24,199.150795,201.075505,195.562133,196.661687,179.171804,17682618.000000
2017-07-25,196.803021,197.613668,194.378352,195.161417,177.804959,12794821.000000
2017-07-26,194.236071,195.986811,190.098867,192.088146,175.005007,18593018.000000
2017-07-27,191.883648,193.193167,187.718120,189.380427,172.538095,14730630.000000
2017-07-28,189.680846,190.245104,189.284772,189.413730,172.568436,10648176.000000
2017-07-31,189.291426,191.074481,189.066244,190.770248,173.804314,21037646.000000
2017-08-01,190.516979,191.110192,190.094665,190.922308,173.942851,9323686.000000
2017-08-02,191.179346,194.024125,190.197821,192.759247,175.616423,13109592.000000
2017-08-03,193.147397,193.975767,190.817963,191.871788,174.807890,9807136.000000
2017-08-04,191.426026,191.762045,188.262437,189.669827,172.801758,21300670.000000
2017-08-07,189.673513,190.222901,189.104440,189.628531,172.764134,11760384.000000
2017-08-08,189.194092,190.020571,186.883857,188.183228,171.447368,11869461.000000
2017-08-09,188.362201,189.609062,188.130597,189.160093,172.337357,10495370.000000
2017-08-10,188.854168,189.335183,187.764552,188.183982,171.448054,7794769.000000
2017-08-11,187.875833,188.715258,184.837599,186.235440,169.672804,12217167.000000
2017-08-14,186.204585,186.407697,185.721878,186.010077,169.467483,10676441.000000
2017-08-15,186.180650,187.342469,185.756614,186.703450,170.099192,8991160.000000
2017-08-16,186.904234,187.092670,185.692323,186.229199,170.177651,8352930.000000
2017-08-17,186.491827,188.273925,185.979982,187.174404,171.041387,9936428.000000
2017-08-18,187.282416,188.375640,186.740594,187.686423,171.509273,12236399.000000
2017-08-21,187.889561,188.848984,187.194421,188.618119,172.360664,11190866.000000
2017-08-22,188.059685,188.936016,184.679855,186.162981,170.117141,15186220.000000
2017-08-23,186.935774,187.180578,185.983435,186.321046,170.261581,14174951.000000
2017-08-24,186.335761,186.581025,186.151057,186.292564,170.235555,13361667.000000
2017-08-25,185.983024,186.353971,183.421511,184.352222,168.462455,15866718.000000
2017-08-28,184.895384,186.625985,183.840507,185.632372,169.632266,12115740.000000
2017-08-29,184.690186,185.356337,182.899816,183.487827,167.672564,12474900.000000
2017-08-30,183.544361,183.862183,182.687589,182.890807,167.127003,11001200.000000
2017-08-31,183.841776,188.135000,181.900036,186.403687,170.337100,20733351.000000
2017-09-01,186.791699,187.276082,185.165408,185.718448,169.710923,15337685.000000
2017-09-04,187.208877,188.121340,185.976808,187.321768,171.176049,14780242.000000
2017-09-05,187.325563,187.591771,187.016333,187.422738,171.268316,13193839.000000
2017-09-06,187.631790,187.849566,185.775364,186.638712,170.551867,16401339.000000
2017-09-07,186.211047,187.120127,183.306472,184.620613,168.707713,13613736.000000
2017-09-08,184.892469,185.269396,184.152792,184.470954,168.570953,11352897.000000
2017-09-11,183.618161,184.116160,182.145767,182.500394,166.770241,7044744.000000
2017-09-12,183.225017,183.700069,182.437986,182.985331,167.213380,10636369.000000
2017-09-13,182.879105,183.267328,181.467126,181.847023,166.173186,14127480.000000
2017-09-14,182.760692,185.927893,181.486729,184.963093,169.020674,13909758.000000
2017-09-15,184.362546,186.456489,178.565980,180.945963,165.349790,27839934.000000
2017-09-18,180.915227,182.038544,178.471813,179.562768,164.085816,7645011.000000
2017-09-19,178.901504,180.371005,176.939135,177.281806,162.001455,10238889.000000
2017-09-20,176.735689,177.456687,175.951290,176.587282,161.366794,9197284.000000
2017-09-21,176.763537,177.034486,175.878368,176.161852,160.978033,13191429.000000
2017-09-22,175.444022,175.783066,173.453705,174.596884,159.547953,10633775.000000
2017-09-25,174.262405,177.234034,173.128301,176.229600,161.039942,11543664.000000
2017-09-26,175.564152,176.199447,175.147518,175.592738,160.457972,11245961.000000
2017-09-27,175.204775,176.209981,172.627157,173.778805,158.800387,21813248.000000
2017-09-28,173.500812,174.190178,172.469407,172.837460,157.940179,5835467.000000
2017-09-29,173.072972,173.544941,172.892793,173.392324,158.447217,6474493.000000
2017-10-02,172.122368,172.598273,170.927738,171.358360,156.588566,10621067.000000
2017-10-03,171.290860,172.244918,169.550843,170.210464,155.539609,15570675.000000
2017-10-04,169.572704,170.281930,168.712126,169.047576,154.476954,17395255.000000
2017-10-05,168.673208,169.520174,167.450036,168.151446,153.658064,15560095.000000
2017-10-06,168.011793,168.882433,167.651969,168.600312,154.068240,12243091.000000
2017-10-09,169.028332,170.091001,168.441530,169.509054,154.898656,12547642.000000
2017-10-10,169.385660,169.755123,167.837219,168.104723,153.615368,16366962.000000
2017-10-11,168.190313,172.383374,166.957866,171.085482,156.339208,19030339.000000
2017-10-12,170.976906,171.183888,169.378587,169.783328,155.149289,11271478.000000
2017-10-13,169.650711,170.041581,169.123269,169.927115,155.280683,13211136.000000
2017-10-16,169.722803,170.461297,168.630822,169.394412,154.793895,9222289.000000
2017-10-17,168.908059,169.920102,167.286768,168.060904,153.575326,18463219.000000
2017-10-18,167.771878,168.270440,165.822753,166.771808,152.397339,12264332.000000
2017-10-19,165.877237,166.573697,164.993858,165.877660,151.580260,14920603.000000
2017-10-20,165.342246,165.606452,164.486229,164.889782,150.677530,11748116.000000
2017-10-23,164.447816,165.317443,164.330367,165.071117,150.843236,12055099.000000
2017-10-24,165.110518,165.634868,164.050735,164.321503,150.158233,10837307.000000
2017-10-25,164.442988,164.737894,164.151859,164.360823,150.194163,8743807.000000
2017-10-26,163.935074,164.730116,161.371789,162.256630,148.271336,16690946.000000
2017-10-27,162.581049,163.133974,162.104532,162.762038,148.733182,10161662.000000
2017-10-30,162.063520,163.081199,161.567679,162.671293,148.650258,7861298.000000
2017-10-31,162.874623,163.823146,162.386179,163.573878,149.475047,10827857.000000
2017-11-01,163.323671,164.444213,160.779545,161.548488,147.624231,12452225.000000
2017-11-02,161.429244,162.046194,161.118547,161.311764,147.407911,9203414.000000
2017-11-03,161.240435,161.561742,159.073253,160.116665,146.315820,17914603.000000
2017-11-06,159.727747,160.069360,158.646121,159.223192,145.499357,12032815.000000
2017-11-07,158.812953,159.812397,156.876673,157.769130,144.170625,9499874.000000
2017-11-08,157.073176,158.149553,155.915124,156.875345,143.353877,8757705.000000
2017-11-09,156.662517,157.512716,155.772853,155.985314,142.540560,8378811.000000
2017-11-10,156.272004,156.627426,155.837480,156.441333,142.957274,5605857.000000
2017-11-13,157.152878,158.011318,155.808586,156.588001,143.521866,11468056.000000
2017-11-14,156.518538,157.705997,155.945645,157.181972,144.066274,9684091.000000
2017-11-15,157.205951,158.563959,156.973023,157.962230,144.781425,13487263.000000
2017-11-16,159.047834,163.404484,156.767858,161.537449,148.058318,15658983.000000
2017-11-17,161.520887,161.773762,161.024682,161.222994,147.770102,19194845.000000
2017-11-20,161.278174,161.832638,159.675988,160.536830,147.141193,8970507.000000
2017-11-21,160.176380,161.051799,159.124260,159.628014,146.308211,12341933.000000
2017-11-22,159.809720,161.074309,159.163324,160.666837,147.260352,8815339.000000
2017-11-23,161.001040,162.570011,160.653285,162.152564,148.622106,13029978.000000
2017-11-24,162.570689,164.013341,161.817870,163.524836,149.879872,12826466.000000
2017-11-27,162.591345,164.118602,159.475953,160.258601,146.886180,16914657.000000
2017-11-28,160.578033,161.026038,160.276861,160.430882,147.044086,11791383.000000
2017-11-29,160.919534,162.432971,160.724417,161.583848,148.100845,16732259.000000
2017-11-30,162.318268,163.051087,161.471139,162.327266,148.782231,5242099.000000
2017-12-01,162.650882,163.797019,161.906113,163.238641,149.617558,9907123.000000
2017-12-04,163.329731,163.727122,163.143035,163.367652,149.735804,16769456.000000
2017-12-05,163.112174,165.306948,162.325426,164.405622,150.687163,12589954.000000
2017-12-06,164.260817,164.451927,163.779165,164.009210,150.323829,11319358.000000
2017-12-07,163.375859,164.159329,160.876494,161.880766,148.372988,7892651.000000
2017-12-08,161.341605,161.831663,158.546145,159.273260,145.983059,19841139.000000
2017-12-11,159.146005,160.149617,158.823069,159.803586,146.469133,11362115.000000
2017-12-12,160.642116,164.699791,158.985305,162.854739,149.265690,10157330.000000
2017-12-13,163.226383,165.236700,162.839978,164.455135,150.732544,11286625.000000
2017-12-14,164.445222,165.020827,163.023256,163.426636,149.789866,19735058.000000
2017-12-15,163.761361,165.851754,162.665990,165.114559,151.336944,8531836.000000
2017-12-18,165.162716,165.930044,163.828395,164.112457,150.418460,22162909.000000
2017-12-19,163.567811,164.075158,161.524809,162.147972,148.617897,13004347.000000
2017-12-20,162.007298,164.607686,161.128580,164.114164,150.420025,9607735.000000
2017-12-21,163.671178,164.431820,162.922026,163.145816,149.532478,7121467.000000
2017-12-22,164.070282,166.186983,162.645932,165.267388,151.477021,9437279.000000
2017-12-25,165.808086,168.667827,164.108310,168.084800,154.059340,8410268.000000
2017-12-26,167.660496,168.274177,166.770729,167.467323,153.493387,4020736.000000
2017-12-27,168.088857,170.748503,166.889269,169.410669,155.274574,16200068.000000
2017-12-28,168.540568,169.663575,166.888861,167.832149,153.827771,8510165.000000
2017-12-29,168.102810,170.138455,167.491898,169.249914,155.127234,9154966.000000
2018-01-01,168.038100,169.293555,163.492427,165.387332,151.586956,37216267.000000
2018-01-02,165.585601,167.370789,164.605771,167.075355,153.134126,30872293.000000
2018-01-03,167.097163,168.066188,164.761107,165.119975,151.341908,11351240.000000
2018-01-04,165.874107,167.784970,165.529547,166.958918,153.027405,18071625.000000
2018-01-05,167.817019,169.026782,167.315673,168.419658,154.366257,6576612.000000
2018-01-08,169.400291,173.202042,167.257035,172.570845,158.171057,15635791.000000
2018-01-09,172.924982,175.432035,172.396015,174.668195,160.093399,12712211.000000
2018-01-10,174.914135,176.352271,174.337404,175.666509,161.008410,16293137.000000
2018-01-11,176.163862,177.297233,173.547071,174.457959,159.900705,9830993.000000
2018-01-12,173.836690,174.817395,171.902653,172.667280,158.259445,10555355.000000
2018-01-15,173.290589,174.406721,172.443035,173.418860,158.948311,10761148.000000
2018-01-16,172.430822,173.609132,165.251786,168.031364,154.010363,26033601.000000
2018-01-17,168.015309,169.095240,167.732343,168.590827,154.523143,7389063.000000
2018-01-18,168.572072,169.664696,167.699254,169.230409,155.109356,11335013.000000
2018-01-19,169.796335,170.964810,169.307429,170.358599,156.143407,12207828.000000
2018-01-22,171.441074,175.872493,170.895028,174.483091,159.923740,18641731.000000
2018-01-23,173.514345,174.046203,170.495108,171.465455,157.157904,17809200.000000
2018-01-24,170.534647,171.101866,169.575144,170.214076,156.010943,15383384.000000
2018-01-25,170.683447,172.858287,170.062618,171.727807,157.398364,12867170.000000
2018-01-26,172.022939,175.299894,171.644898,174.094264,159.567358,10039828.000000
2018-01-29,173.831523,175.057367,173.064460,174.800492,160.214656,10817092.000000
2018-01-30,174.510419,175.666087,174.217340,175.046889,160.440493,7859567.000000
2018-01-31,175.496210,177.828330,175.045193,177.122965,162.343336,10385144.000000
2018-02-01,177.013318,179.124298,175.909938,178.842949,163.919799,21215348.000000
2018-02-02,177.841485,179.730034,172.539192,174.901405,160.307148,14935859.000000
2018-02-05,175.981013,181.484613,174.232413,179.489151,164.512080,16875479.000000
2018-02-06,178.875679,179.403966,177.559082,178.142749,163.278026,11272303.000000
2018-02-07,177.986489,178.997048,176.184610,176.876155,162.117120,16406185.000000
2018-02-08,177.605645,178.641504,174.357049,174.843690,160.736459,17489666.000000
2018-02-09,173.653336,174.738761,170.452607,172.016319,158.137214,12892871.000000
2018-02-12,170.997738,172.037667,168.311768,169.021021,155.383591,16597390.000000
2018-02-13,167.817506,168.547406,163.707114,165.135647,151.811707,16689555.000000
2018-02-14,165.261886,166.917779,164.800309,166.351931,152.929856,9386605.000000
2018-02-15,166.867526,170.028744,166.380924,168.678456,155.068666,9684637.000000
2018-02-16,169.469572,173.482399,168.528392,172.025388,158.145551,23334768.000000
2018-02-19,171.776299,172.529520,169.632221,170.146035,156.417833,13593732.000000
2018-02-20,169.960056,170.179120,169.212406,169.666995,155.977445,8378956.000000
2018-02-21,171.416277,175.364045,168.966006,174.045943,160.003078,14265755.000000
2018-02-22,174.348909,175.279984,173.663421,175.026007,160.904066,10585223.000000
2018-02-23,176.313063,179.809979,175.540100,177.974131,163.614321,13491181.000000
2018-02-26,177.565508,178.243887,175.216379,176.191339,161.975373,16376482.000000
2018-02-27,175.407502,177.156462,171.047496,172.585863,158.660804,19148575.000000
2018-02-28,172.761208,174.874317,172.463364,174.060902,160.016830,14085302.000000
2018-03-01,173.527251,174.140110,171.251273,172.361902,158.454913,7414626.000000
2018-03-02,171.285100,171.810151,169.171314,170.439719,156.687821,7573150.000000
2018-03-05,170.440852,172.120718,170.128153,171.815887,157.952954,18230502.000000
2018-03-06,172.264959,175.126894,170.930720,173.897510,159.866622,19959813.000000
2018-03-07,173.648168,174.173937,172.382384,172.913143,158.961678,6838147.000000
2018-03-08,172.723157,174.315221,172.452155,173.744448,159.725909,7592006.000000
2018-03-09,173.844370,175.817040,172.716078,175.167401,161.034051,9409661.000000
2018-03-12,173.808865,176.927605,168.223875,169.610431,155.925444,39143042.000000
2018-03-13,169.866559,170.324148,169.690731,170.049974,156.329523,10618478.000000
2018-03-14,170.571670,171.752214,169.809571,170.987251,157.191176,14314918.000000
2018-03-15,170.464656,171.253503,168.632769,169.394503,155.726939,16093220.000000
2018-03-16,169.188716,170.184071,166.612135,166.980115,153.507355,10486903.000000
2018-03-19,166.475055,166.931872,164.654812,165.765413,152.390661,10476259.000000
2018-03-20,166.211000,170.064645,165.397242,168.261515,154.685365,17172980.000000
2018-03-21,167.809967,168.343241,166.342109,166.653214,153.206830,16355542.000000
2018-03-22,165.337892,167.488906,160.746956,161.509275,148.477929,26799685.000000
2018-03-23,162.770348,165.841184,162.329320,164.644831,151.360493,20439187.000000
2018-03-26,165.049555,166.980101,164.057966,166.538708,153.101563,10970160.000000
2018-03-27,166.362220,167.924175,166.139715,167.522849,154.006298,15833053.000000
2018-03-28,168.081601,169.416426,167.718862,168.587630,154.985168,9694437.000000
2018-03-29,169.202469,169.380577,168.445807,168.782081,155.163929,15617871.000000
2018-03-30,169.508061,170.239861,168.878455,169.303493,155.643272,11544887.000000
2018-04-02,168.960783,169.819405,168.622807,169.449240,155.777259,13025939.000000
2018-04-03,169.871264,170.196200,168.439221,169.039486,155.400566,7512044.000000
2018-04-04,168.423857,168.898632,166.987503,167.390477,153.884607,10450004.000000
2018-04-05,167.241120,168.028707,165.848550,166.510772,153.075881,16439670.000000
2018-04-06,165.687181,167.702077,165.316641,167.255054,153.760110,12438845.000000
2018-04-09,167.535787,168.537868,167.364495,167.974177,154.421211,10206162.000000
2018-04-10,168.315632,168.497875,166.914220,167.324137,153.823620,8319974.000000
2018-04-11,166.673372,167.190775,162.285677,164.132723,150.889704,12645751.000000
2018-04-12,164.076505,164.223031,163.425779,163.651314,150.447138,8535903.000000
2018-04-13,163.513966,163.631315,162.920834,163.224709,150.054953,8732019.000000
2018-04-16,164.410784,168.810305,162.331986,167.731467,154.198085,11647501.000000
2018-04-17,167.593409,167.981379,166.209346,166.529338,153.092949,13741768.000000
2018-04-18,168.066626,173.626714,165.088038,172.506370,158.587725,14646594.000000
2018-04-19,172.571798,172.852668,172.219646,172.431645,158.519029,10642725.000000
2018-04-20,173.046433,176.740588,172.596030,175.229933,161.091538,13061941.000000
2018-04-23,176.317772,177.022805,175.214825,176.757494,162.495847,8246985.000000
2018-04-24,176.452186,178.117962,175.720690,177.813672,163.466809,14009270.000000
2018-04-25,178.642208,184.818953,177.041162,182.833824,168.081910,24057788.000000
2018-04-26,182.725950,183.540054,181.409258,182.108338,167.414960,13343416.000000
2018-04-27,183.617674,186.869294,181.680748,186.162575,171.142082,20275075.000000
2018-04-30,186.098501,186.500072,183.192434,183.568807,168.757592,10336032.000000
2018-05-01,184.991209,191.838282,181.761875,188.997564,173.748330,23145840.000000
2018-05-02,187.762198,188.807559,184.719114,185.839787,170.845338,13751589.000000
2018-05-03,185.545111,186.754838,184.755983,186.544531,171.493220,15449212.000000
2018-05-04,186.435346,187.068217,184.726986,185.283354,170.333800,12625830.000000
2018-05-07,185.433385,185.852641,183.476713,184.398274,169.520133,11577390.000000
2018-05-08,184.814479,187.557130,183.608008,185.983318,171.491763,18638686.000000
2018-05-09,185.672366,185.933705,185.049828,185.512912,171.058011,9424359.000000
2018-05-10,186.903678,191.376329,184.973112,189.388638,174.631745,24061950.000000
2018-05-11,189.418390,189.771280,186.932453,187.741069,173.112553,13065364.000000
2018-05-14,186.895862,188.512948,183.731599,185.313359,170.874007,12517106.000000
2018-05-15,184.781006,185.082741,183.408420,183.860496,169.534348,11778665.000000
2018-05-16,184.205111,185.349536,183.768909,184.810646,170.410465,14203251.000000
2018-05-17,185.038757,188.012373,183.583593,187.329226,172.732800,6384700.000000
2018-05-18,187.988457,190.289640,186.697782,189.900146,175.103398,22719162.000000
2018-05-21,190.057544,191.029224,189.700472,190.798848,175.932074,8080771.000000
2018-05-22,191.258301,192.701624,190.289936,192.253524,177.273404,8093369.000000
2018-05-23,193.668833,198.777176,192.889631,197.027270,181.675186,14764841.000000
2018-05-24,197.055637,197.917514,195.645055,196.297959,181.002702,5756395.000000
2018-05-25,196.984726,199.659199,195.927859,198.398744,182.939797,12165647.000000
2018-05-28,198.080206,199.650812,195.088035,196.234218,180.943928,8734875.000000
2018-05-29,197.602917,201.591645,195.607885,200.777033,185.132773,18345476.000000
2018-05-30,200.023310,200.736980,195.821134,197.254990,181.885163,30667070.000000
2018-05-31,198.453007,202.736051,197.202961,201.505503,185.804482,13016945.000000
2018-06-01,202.106446,205.520477,201.135128,204.346918,188.424498,35684039.000000
2018-06-04,204.420972,207.827600,202.911535,206.853246,190.735536,19113409.000000
2018-06-05,205.988892,206.735287,205.517851,206.446966,190.360913,10007905.000000
2018-06-06,207.241696,209.402307,205.933417,208.555223,192.304897,15025637.000000
2018-06-07,208.655489,209.500277,208.189978,209.272579,192.966358,19537824.000000
2018-06-08,208.610393,209.628202,204.721593,206.348231,190.269871,12151958.000000
2018-06-11,205.925839,209.569880,205.634518,208.356035,192.121230,13645936.000000
2018-06-12,207.869224,208.661165,206.744881,207.267213,191.117247,11310203.000000
2018-06-13,206.508851,208.564369,199.578336,201.989985,186.251213,20038045.000000
2018-06-14,201.965061,202.448701,199.435303,200.621389,184.989257,9262234.000000
2018-06-15,201.071565,201.421693,200.605900,200.972088,185.312629,10149098.000000
2018-06-18,200.804693,201.490790,199.345641,200.091038,184.500230,8153858.000000
2018-06-19,200.392737,202.344002,199.783677,201.781005,186.058517,16918875.000000
2018-06-20,202.486334,202.998423,201.314118,201.977895,186.240066,5648428.000000
2018-06-21,201.961906,202.414004,201.539373,202.021201,186.279997,7172124.000000
2018-06-22,201.780532,202.866144,201.635817,202.371852,186.603326,8745435.000000
2018-06-25,202.265738,203.072323,200.368929,201.227233,185.547894,10114053.000000
2018-06-26,202.131072,204.212055,200.784689,203.647991,187.780030,22206238.000000
2018-06-27,205.335961,208.598308,204.458844,207.109278,190.971619,9969942.000000
2018-06-28,207.279409,209.892522,206.316647,208.588763,192.335824,13849819.000000
2018-06-29,207.080897,208.929168,204.245563,205.816834,189.779880,20618340.000000
2018-07-02,205.377561,206.981686,202.638334,203.512524,187.655119,10221373.000000
2018-07-03,203.243207,204.400975,203.007326,203.793483,187.914186,8716299.000000
2018-07-04,203.140642,203.824783,201.072894,202.259218,186.499468,14514177.000000
2018-07-05,202.059585,202.948406,201.595919,202.689340,186.896076,15139455.000000
2018-07-06,203.271005,205.043049,202.735103,203.954704,188.062844,8714161.000000
2018-07-09,202.646413,203.206870,201.083138,201.711995,185.994885,19735666.000000
2018-07-10,201.123346,201.775857,197.549771,199.140093,183.623381,8536232.000000
2018-07-11,200.526667,204.243578,199.367151,202.635683,186.846600,17634401.000000
2018-07-12,201.801413,202.161167,199.047876,200.542239,184.916274,15668119.000000
2018-07-13,200.737976,201.544303,199.476206,199.847463,184.275634,15805122.000000
2018-07-16,198.764337,199.629919,194.332777,195.282900,180.066735,18074903.000000
2018-07-17,194.976385,195.134811,194.159132,194.715261,179.543326,9455638.000000
2018-07-18,195.352916,200.582691,192.508976,199.623504,184.069126,20371515.000000
2018-07-19,198.873925,199.915923,195.093554,196.273105,180.979785,19104641.000000
2018-07-20,196.118356,196.633148,194.384599,195.056961,179.858401,13464920.000000
2018-07-23,195.835276,200.540128,194.181844,198.314062,182.861713,16235256.000000
2018-07-24,198.871754,200.657392,198.365730,199.890778,184.315574,10212042.000000
2018-07-25,199.381296,200.739543,197.128018,197.764487,182.354960,8468779.000000
2018-07-26,199.376386,204.993025,197.838714,202.584333,186.799251,13626397.000000
2018-07-27,202.235609,202.600581,201.403975,201.867664,186.138424,9740874.000000
2018-07-30,201.976029,205.188240,201.298435,203.804776,187.924599,16804867.000000
2018-07-31,204.689181,207.185634,203.937635,206.520737,190.428936,18337787.000000
2018-08-01,206.997635,210.570227,206.006732,209.342636,193.030957,12808427.000000
2018-08-02,209.337874,210.215354,208.503646,209.722834,193.381530,12747778.000000
2018-08-03,210.241669,211.039163,209.172783,210.415529,194.604064,20525242.000000
2018-08-06,210.152935,212.106920,209.842017,211.518645,195.624287,9508222.000000
2018-08-07,209.791510,211.859305,205.605634,207.084739,191.523562,11742026.000000
2018-08-08,206.204599,207.069754,202.969352,204.274928,188.924892,21490412.000000
2018-08-09,204.967352,207.883043,204.548751,206.643356,191.115346,10692078.000000
2018-08-10,205.998666,206.449602,204.796398,205.396771,189.962435,14151418.000000
2018-08-13,206.046376,206.240662,204.672593,205.198509,189.779071,13087978.000000
2018-08-14,204.368917,205.218807,203.239080,204.024380,188.693171,11144916.000000
2018-08-15,202.107234,203.013211,195.649700,197.441706,182.605145,16350405.000000
2018-08-16,196.614159,197.864259,192.897759,193.431905,178.896657,18017321.000000
2018-08-17,192.809162,194.352116,190.240378,191.539136,177.146118,19039774.000000
2018-08-20,191.454002,191.825021,190.242663,190.696435,176.366741,11292452.000000
2018-08-21,190.805741,190.926617,190.247812,190.404673,176.096903,12542227.000000
2018-08-22,190.260002,191.275460,187.975242,188.569164,174.399321,19536300.000000
2018-08-23,188.154881,189.314025,185.411560,186.470711,172.458555,17006693.000000
2018-08-24,186.462415,187.380526,184.996176,185.855212,171.889307,10635589.000000
2018-08-27,184.953560,185.865142,181.955907,182.647037,168.922208,13275215.000000
2018-08-28,181.543575,182.416156,177.664770,179.483247,165.996157,20630030.000000
2018-08-29,178.423186,178.849284,176.577921,177.054495,163.749912,16234836.000000
2018-08-30,177.331226,180.028703,176.264979,179.228037,165.760124,18423750.000000
2018-08-31,178.033680,178.359125,176.347383,177.641586,164.292886,13434444.000000
2018-09-03,177.719879,178.642636,177.495038,178.198237,164.807707,7424343.000000
2018-09-04,178.472701,178.642917,178.146834,178.297693,164.899690,12745803.000000
2018-09-05,178.348059,181.542506,177.380136,180.825467,167.237517,9957915.000000
2018-09-06,180.359136,180.912193,178.476209,179.421746,165.939278,13219472.000000
2018-09-07,179.527447,180.119822,178.971437,179.557511,166.064840,16291306.000000
2018-09-10,179.878753,181.633837,179.044406,180.777017,167.192708,16984958.000000
2018-09-11,181.134273,181.669225,180.865213,181.417154,167.784743,19777423.000000
2018-09-12,181.090113,181.957633,178.783994,179.797390,166.286694,10273022.000000
2018-09-13,179.885474,184.502792,178.842108,182.976982,169.227358,18590376.000000
2018-09-14,182.678644,183.036389,180.991178,182.004230,168.327703,14414785.000000
2018-09-17,181.625397,182.591137,177.829442,179.386088,165.906299,14924987.000000
2018-09-18,177.841240,179.148789,173.578183,175.711256,162.507609,10017302.000000
2018-09-19,175.858317,176.945526,175.409098,176.386387,163.132007,8698634.000000
2018-09-20,176.807076,179.220198,176.332113,178.686602,165.259375,16642675.000000
2018-09-21,178.982751,180.382888,178.364173,179.850390,166.335711,15700061.000000
2018-09-24,180.033431,181.659531,179.494375,180.955914,167.358162,13604432.000000
2018-09-25,181.032340,181.273063,180.646232,180.970695,167.371832,12028134.000000
2018-09-26,181.468806,182.969591,180.559755,182.150057,168.462572,16615298.000000
2018-09-27,181.389721,181.720778,180.567504,181.050472,167.445614,9982430.000000
2018-09-28,180.876339,181.636557,180.307179,180.562402,166.994220,10600706.000000
2018-10-01,180.765362,183.020934,179.794926,181.891597,168.223534,24367091.000000
2018-10-02,182.618891,183.808081,181.396185,183.105515,169.346233,12576147.000000
2018-10-03,183.058595,183.834448,180.350650,181.453066,167.817956,15919812.000000
2018-10-04,181.694264,183.721855,180.917526,182.677987,168.950831,11309387.000000
2018-10-05,183.326554,183.600087,182.473948,183.095911,169.337351,11844957.000000
2018-10-08,182.439357,183.301445,180.270226,181.177782,167.563358,10264293.000000
2018-10-09,181.554637,185.551038,180.666413,184.067179,170.235634,13075075.000000
2018-10-10,184.542494,186.429210,183.776121,185.985744,172.010031,11546073.000000
2018-10-11,186.536204,186.972254,185.886900,186.704112,172.674417,16914395.000000
2018-10-12,185.416136,187.843775,178.879479,180.033507,166.505068,14527174.000000
2018-10-15,180.091820,180.377806,178.861529,179.327570,165.852179,11025867.000000
2018-10-16,179.510130,180.475744,179.082014,179.924931,166.404651,10280855.000000
2018-10-17,179.870666,183.123099,178.913097,181.933106,168.261924,14480359.000000
2018-10-18,182.375497,182.851091,181.604611,182.074235,168.392448,15811568.000000
2018-10-19,182.503007,182.886068,181.159748,181.735464,168.079134,12177923.000000
2018-10-22,182.304185,183.479397,181.542634,182.746008,169.013741,8370478.000000
2018-10-23,182.800932,183.519861,179.851607,180.934636,167.338482,13993353.000000
2018-10-24,181.208077,181.590258,179.069198,179.887852,166.370358,15756159.000000
2018-10-25,180.506352,182.991458,180.004502,181.761789,168.103480,15366650.000000
2018-10-26,181.198315,181.959789,179.164150,180.144761,166.607962,12292271.000000
2018-10-29,180.393666,183.287458,179.638533,182.061270,168.380457,14970053.000000
2018-10-30,181.610694,182.842586,177.605113,178.894989,165.452103,9914630.000000
2018-10-31,179.025776,179.526038,178.272991,179.261355,166.289808,22074051.000000
2018-11-01,179.979038,182.133310,179.546410,181.012099,167.913866,21231223.000000
2018-11-02,181.308419,182.602728,180.648733,182.022682,168.851322,10612855.000000
2018-11-05,182.397537,185.494954,181.484542,184.299066,170.962985,25566972.000000
2018-11-06,184.773066,187.667313,183.821088,186.866852,173.344963,21990436.000000
2018-11-07,187.432443,187.900453,186.700497,186.937455,173.410457,6830710.000000
2018-11-08,186.717632,187.205743,186.442845,187.019456,173.486525,12858859.000000
2018-11-09,187.201672,191.166405,185.372643,189.852675,176.114729,12705896.000000
2018-11-12,190.453967,192.621085,189.314703,191.700982,177.829290,7225487.000000
2018-11-13,192.222830,195.685429,190.439371,194.644287,180.559614,24318015.000000
2018-11-14,194.767616,196.196769,191.936429,192.421799,178.497948,12070187.000000
2018-11-15,192.507173,193.055135,191.802435,192.779681,178.829933,7771690.000000
2018-11-16,192.768678,194.498025,192.351227,193.763104,179.742195,11155341.000000
2018-11-19,191.575918,193.193795,186.509372,187.708696,174.125891,18646815.000000
2018-11-20,187.537347,188.457712,184.649582,185.899453,172.447566,12085176.000000
2018-11-21,185.195563,186.854757,178.888950,179.708255,166.704370,19680686.000000
2018-11-22,179.212334,179.680953,177.242155,178.014757,165.133416,10113163.000000
2018-11-23,177.478392,177.974652,177.045333,177.824625,164.957042,10829701.000000
2018-11-26,177.232947,177.670980,176.824641,177.056128,164.244154,12527722.000000
2018-11-27,176.726210,177.019687,175.686815,176.341244,163.580999,13642050.000000
2018-11-28,176.523754,178.055094,176.067723,177.421459,164.583050,7989580.000000
2018-11-29,177.451768,177.974000,175.296024,176.127467,163.382692,14712904.000000
2018-11-30,175.386637,176.215028,174.344014,175.009251,162.345391,16858644.000000
2018-12-03,175.620992,177.274881,174.601871,176.297825,163.540722,10679791.000000
2018-12-04,175.514609,176.576858,174.040864,174.626119,161.989983,15009191.000000
2018-12-05,173.814863,175.090303,171.515540,172.016644,159.569332,13438055.000000
2018-12-06,170.828073,172.160419,169.280939,169.723831,157.442430,12209894.000000
2018-12-07,169.056116,169.439165,168.223780,168.736652,156.526685,16193633.000000
2018-12-10,169.058500,172.654276,168.434600,172.197379,159.736989,19500953.000000
2018-12-11,172.080879,172.372572,170.979584,171.531055,159.118881,11258758.000000
2018-12-12,171.042134,171.540261,170.012592,170.599562,158.254792,14005309.000000
2018-12-13,170.708163,175.421492,169.260498,173.858284,161.277710,15042369.000000
2018-12-14,173.484834,173.716153,173.350232,173.522253,160.965994,9395785.000000
2018-12-17,173.555520,174.861615,172.792011,174.198800,161.593585,16540209.000000
2018-12-18,174.829227,177.438999,174.489117,176.283894,163.527799,20294768.000000
2018-12-19,176.935115,177.540529,175.969441,176.146536,163.400381,16806052.000000
2018-12-20,175.239204,175.871432,173.708795,174.147402,161.545907,13620190.000000
2018-12-21,175.069359,175.319349,174.167832,174.719755,162.076843,11098309.000000
2018-12-24,174.961005,176.475249,174.719944,176.219194,163.467781,9532904.000000
2018-12-25,175.479139,176.766398,172.890077,174.343587,161.727895,14397801.000000
2018-12-26,175.238194,178.027351,173.738937,176.668067,163.884173,11676720.000000
2018-12-27,178.384836,182.835662,176.055010,181.830836,168.673359,16629749.000000
2018-12-28,182.212535,183.176515,181.897010,182.463938,169.260649,14222512.000000
2018-12-31,183.604820,187.477284,181.723914,185.784642,172.341064,9963685.000000
2019-01-01,186.097617,186.506766,185.169435,185.478150,172.056750,16440164.000000
2019-01-02,185.777393,186.667820,183.816953,184.229139,170.898118,11566268.000000
2019-01-03,184.606262,185.220803,183.418140,184.124778,170.801309,6457335.000000
2019-01-04,184.576804,185.200514,184.283141,184.535481,171.182293,12375862.000000
2019-01-07,184.669053,184.972256,184.136349,184.392729,171.049871,12292975.000000
2019-01-08,184.418192,187.078498,183.935575,186.674871,173.166874,19553434.000000
2019-01-09,187.232431,190.692138,186.356229,189.286194,175.589239,24059397.000000
2019-01-10,189.836958,190.776153,189.458296,190.124430,176.366819,6914630.000000
2019-01-11,189.687647,191.152994,186.493381,187.883471,174.288018,11460534.000000
2019-01-14,188.828509,192.948128,187.122488,191.120194,177.290529,14590700.000000
2019-01-15,191.313592,193.010798,189.854399,192.689059,178.745869,13921907.000000
2019-01-16,192.141429,192.810950,190.320728,190.672956,176.875653,9073246.000000
2019-01-17,190.827780,194.623478,190.191894,193.693410,179.677544,13093590.000000
2019-01-18,193.345912,194.877543,190.316872,191.312243,177.468681,14774094.000000
2019-01-21,190.783767,191.258298,189.332438,189.882913,176.142779,12018771.000000
2019-01-22,190.359525,190.575867,188.991779,189.535623,175.820619,7142080.000000
2019-01-23,190.595772,194.276339,188.786839,192.744808,178.797584,18752905.000000
2019-01-24,192.149659,192.660552,188.443200,190.178207,176.416705,10428572.000000
2019-01-25,191.266827,192.970659,190.542454,192.042178,178.145797,10881223.000000
2019-01-28,191.584165,192.401178,190.234511,190.432189,177.183860,10266423.000000
2019-01-29,190.608309,192.138017,189.514391,191.708590,178.371462,17292858.000000
2019-01-30,191.701621,192.999493,191.150456,192.621133,179.220520,12666074.000000
2019-01-31,192.392215,193.170632,188.881771,189.941061,176.726900,10251037.000000
2019-02-01,189.952235,194.578826,188.422956,192.942874,179.519877,16227056.000000
2019-02-04,193.478564,195.332732,192.437724,194.409176,180.884169,12750056.000000
2019-02-05,193.425888,194.658607,190.002080,191.053699,177.762131,10316285.000000
2019-02-06,192.317351,193.507062,191.814793,192.726326,179.318394,17245399.000000
2019-02-07,191.728752,193.633523,187.805391,188.743269,175.612438,15640067.000000
2019-02-08,188.840030,189.738718,188.290066,189.042111,175.890490,14108682.000000
2019-02-11,189.059920,189.414027,187.820978,188.287719,175.188581,13347204.000000
2019-02-12,188.569386,188.948980,187.817561,188.035254,174.953679,8647720.000000
2019-02-13,188.707831,189.530551,188.227331,188.525765,175.410066,17111888.000000
2019-02-14,188.680461,188.840489,187.575996,188.061490,174.978090,10268334.000000
2019-02-15,187.979036,188.634949,185.582318,186.583771,173.603176,10306915.000000
2019-02-18,186.464959,188.424556,185.676278,187.634270,174.580592,11596029.000000
2019-02-19,187.289176,187.598170,186.848307,187.342300,174.308934,8789319.000000
2019-02-20,187.337627,187.749764,184.496962,185.665573,172.748857,14923170.000000
2019-02-21,185.547718,186.068604,184.860934,185.059865,172.185288,12105676.000000
2019-02-22,185.874264,189.938485,185.406318,188.394701,175.288120,21506872.000000
2019-02-25,188.316702,189.874337,184.395071,185.688798,172.770466,13064782.000000
2019-02-26,186.583973,188.088271,185.829278,187.021623,174.010567,14469580.000000
2019-02-27,188.049944,188.438003,186.682442,187.095384,174.079196,18731324.000000
2019-02-28,187.228735,187.936095,184.666552,185.507879,172.602133,12422491.000000
2019-03-01,185.952491,188.557294,185.644445,187.317999,174.286323,16041385.000000
2019-03-04,188.390431,190.328033,186.632905,189.522300,176.337272,9125039.000000
2019-03-05,189.581631,191.009658,189.152521,190.519600,177.265190,11410541.000000
2019-03-06,191.663956,195.644331,189.325879,194.318494,180.799796,18389010.000000
2019-03-07,193.595652,194.770180,192.152371,192.660937,179.257555,7980217.000000
2019-03-08,192.531090,193.947738,192.087545,193.332410,179.882314,7345641.000000
2019-03-11,193.250137,194.457672,192.626488,194.088471,180.585775,12199310.000000
2019-03-12,194.055500,195.071769,193.370724,194.699344,181.154150,9239111.000000
2019-03-13,195.589673,197.259612,194.486383,196.519877,182.848029,10656879.000000
2019-03-14,196.738481,197.529506,196.222690,197.252514,183.529697,10370300.000000
2019-03-15,197.581158,198.915440,194.777635,195.357057,181.766106,13167797.000000
2019-03-18,197.067082,199.664434,195.381071,198.396784,184.594360,14117870.000000
2019-03-19,196.946413,198.304186,191.395845,193.653204,180.180790,27198735.000000
2019-03-20,194.217613,195.213767,193.853377,194.705148,181.159550,8585941.000000
2019-03-21,193.825038,194.477471,192.778726,193.532678,180.068649,9277552.000000
2019-03-22,192.788274,194.287076,189.427295,190.146664,176.918199,18294268.000000
2019-03-25,190.066305,190.409751,188.877270,189.590605,176.400825,11331999.000000
2019-03-26,189.598364,191.022844,189.322224,190.302766,177.063441,17593913.000000
2019-03-27,189.304440,190.794223,189.205811,190.427360,177.179367,10217083.000000
2019-03-28,190.087064,191.094436,189.555615,190.808948,177.534408,7842761.000000
2019-03-29,191.064586,193.170050,190.414824,191.999933,178.642537,13358634.000000
2019-04-01,192.196257,192.636751,190.454905,190.895449,177.614891,11399871.000000
2019-04-02,191.673462,192.479276,190.877040,191.574552,178.246749,10594926.000000
2019-04-03,190.421406,192.845495,186.175746,187.256953,174.229525,24004515.000000
2019-04-04,187.679734,189.377304,186.658353,189.077149,175.923090,10895862.000000
2019-04-05,189.076337,189.916959,188.416555,189.612787,176.421464,10868273.000000
2019-04-08,190.870715,191.735854,190.180366,191.253156,177.947713,13164366.000000
2019-04-09,191.306852,191.973152,190.781165,191.555937,178.229429,16414714.000000
2019-04-10,192.041681,194.780795,191.480771,193.649863,180.177681,9061349.000000
2019-04-11,192.984343,193.579038,192.699506,193.323819,179.874320,15011476.000000
2019-04-12,194.562124,197.432020,193.436672,195.766147,182.146736,10454760.000000
2019-04-15,195.625832,196.735297,193.769146,194.381017,180.857969,16086807.000000
2019-04-16,194.763404,197.011434,193.868310,195.881186,182.253771,17763556.000000
2019-04-17,195.900122,196.886716,193.442673,194.273633,180.758056,19006571.000000
2019-04-18,194.657065,197.013198,193.969345,196.025077,182.387652,14217073.000000
2019-04-19,196.137661,196.975021,195.466797,196.439336,182.773091,9726694.000000
2019-04-22,196.496109,197.497915,194.170235,195.121663,181.547089,12757194.000000
2019-04-23,195.082985,195.260051,194.039003,194.637395,181.096511,13358651.000000
2019-04-24,194.792572,196.855886,193.809634,196.196293,182.546957,12575564.000000
2019-04-25,196.601706,198.934494,195.889964,198.012108,184.790818,10668238.000000
2019-04-26,198.098216,198.651258,196.213357,197.015184,183.860459,6438918.000000
2019-04-29,196.235634,197.724481,193.890464,194.551687,181.561450,9427052.000000
2019-04-30,195.346650,196.667516,194.449707,195.600485,182.540219,14403210.000000
2019-05-01,194.823252,195.374949,192.535395,193.670783,180.739364,17989654.000000
2019-05-02,194.246133,194.600677,193.791150,194.065075,181.107329,8385835.000000
2019-05-03,194.514639,194.872147,193.263474,193.691595,180.758786,8746330.000000
2019-05-06,192.974132,194.406961,191.612305,191.918811,179.104371,11479669.000000
2019-05-07,192.344806,192.979255,190.659336,191.357152,178.580215,8301800.000000
2019-05-08,191.342897,193.044209,191.062009,191.956453,179.139500,8698568.000000
2019-05-09,192.351459,193.464941,191.448860,193.084670,180.192386,11281194.000000
2019-05-10,193.223757,193.845835,192.503585,192.714078,179.846538,11272504.000000
2019-05-13,193.389217,196.037495,191.662727,194.929201,181.913757,9447585.000000
2019-05-14,194.745210,196.626258,194.078408,196.256764,183.152679,15482804.000000
2019-05-15,195.894619,196.644865,194.143830,194.885707,181.873168,21333667.000000
2019-05-16,195.260570,200.559565,194.652828,198.324084,185.081963,19151305.000000
2019-05-17,199.138424,204.376938,197.331295,201.848087,188.370669,12837331.000000
2019-05-20,201.654512,205.072045,200.558728,204.407641,190.759320,20141158.000000
2019-05-21,205.395706,207.954078,203.974438,207.179773,193.346357,14017206.000000
2019-05-22,207.033790,207.576068,203.939991,205.185767,191.485491,10785242.000000
2019-05-23,205.759852,208.679898,204.696041,207.508239,193.652892,7874165.000000
2019-05-24,207.859190,210.111514,206.823345,209.427066,195.443599,9292139.000000
2019-05-27,209.300961,210.562714,208.720535,210.273537,196.233550,5543878.000000
2019-05-28,209.998199,213.413192,209.043386,212.446489,198.261414,15868324.000000
2019-05-29,212.053656,212.809472,208.699884,209.394852,195.413535,16855552.000000
2019-05-30,209.127601,210.278888,208.714784,209.746309,195.741525,13436350.000000
2019-05-31,209.828873,211.803595,209.253483,210.720574,196.650738,17140301.000000
2019-06-03,209.931897,210.753105,209.337154,210.051562,196.026397,16189873.000000
2019-06-04,210.039588,210.529975,209.149980,209.680136,195.679771,15029448.000000
2019-06-05,210.680140,211.637109,209.584026,211.051023,196.959123,9148509.000000
2019-06-06,211.570599,212.723679,210.728843,211.506896,197.384557,7320675.000000
2019-06-07,210.870571,211.510433,207.515881,209.058614,195.099748,10448336.000000
2019-06-10,207.662788,209.497796,203.447086,204.174415,190.541667,23932723.000000
2019-06-11,203.845133,204.399056,202.867750,203.214253,189.645615,8211697.000000
2019-06-12,202.786209,203.061250,202.485932,202.820632,189.278276,6640663.000000
2019-06-13,203.232138,203.892854,202.273816,203.009256,189.454306,8908942.000000
2019-06-14,202.577492,205.507817,201.321164,205.109789,191.414586,11251798.000000
2019-06-17,205.334932,205.687991,204.481929,204.871767,191.192457,9458233.000000
2019-06-18,205.027449,207.404680,203.809140,206.203487,192.435258,13357297.000000
2019-06-19,206.913448,207.248503,206.395269,206.690553,192.889803,10276229.000000
2019-06-20,206.199418,206.391585,205.584106,205.962460,192.210324,10903001.000000
2019-06-21,206.768903,209.395083,205.880937,208.242517,194.338141,10419165.000000
2019-06-24,206.908817,208.494467,203.123040,204.672645,191.006630,20746687.000000
2019-06-25,204.038755,205.119264,201.745714,202.484786,188.964855,9764152.000000
2019-06-26,203.206738,205.143656,202.095058,203.994150,190.373439,24116607.000000
2019-06-27,203.830300,205.135124,200.438707,201.856603,188.378616,26531431.000000
2019-06-28,201.936501,202.552108,201.629328,202.312509,188.804081,10167056.000000
2019-07-01,202.592824,204.138360,201.782325,203.400071,189.819027,21785855.000000
2019-07-02,203.841931,204.476121,203.302787,204.232045,190.595449,11470666.000000
2019-07-03,203.556219,203.871429,202.271291,203.290344,189.716626,11779961.000000
2019-07-04,203.851670,204.599277,203.012410,204.161075,190.529218,11114336.000000
2019-07-05,204.709612,205.079951,202.457152,203.251306,189.680194,15604947.000000
2019-07-08,203.037826,203.520183,202.528272,203.086112,189.526030,8656102.000000
2019-07-09,203.676439,203.837814,202.490939,203.146597,189.582477,11395275.000000
2019-07-10,202.528749,203.529122,201.957274,202.738827,189.201934,7838955.000000
2019-07-11,202.467358,203.226024,202.251106,203.067197,189.508379,11562899.000000
2019-07-12,203.667394,204.158968,202.909825,203.178945,189.612665,10687007.000000
2019-07-15,203.775764,207.622855,202.535423,206.449949,192.665264,27647093.000000
2019-07-16,207.088250,207.477928,206.245261,207.232793,193.395837,9363346.000000
2019-07-17,207.828172,208.748409,205.511171,206.162785,192.397274,11232440.000000
2019-07-18,205.408326,206.835338,202.550843,202.965813,189.413764,13361846.000000
2019-07-19,203.000297,203.831239,201.770546,202.565559,189.040234,8862119.000000
2019-07-22,202.177574,202.361370,201.774460,202.039970,188.549740,12381199.000000
2019-07-23,201.958099,202.537233,199.756784,200.424984,187.605402,9546633.000000
2019-07-24,200.834148,202.786652,199.878894,201.727550,188.824654,24304404.000000
2019-07-25,203.494453,207.233024,202.034469,205.644247,192.490831,16623926.000000
2019-07-26,205.636270,208.533426,204.397237,207.239918,193.984440,17543302.000000
2019-07-29,207.360184,207.946417,206.603992,207.607666,194.328665,9636403.000000
2019-07-30,208.334487,213.200627,206.773377,211.434971,197.911169,24656047.000000
2019-07-31,210.704776,211.306466,210.003800,210.595487,197.125380,15168336.000000
2019-08-01,210.911306,211.604752,210.650283,211.266445,197.753422,6660992.000000
2019-08-02,210.840133,211.797553,205.969009,207.936220,194.636204,14589952.000000
2019-08-05,206.532575,207.106438,203.616408,204.913788,191.807094,13292993.000000
2019-08-06,205.152750,205.742483,204.926711,205.244911,192.117038,8398103.000000
2019-08-07,206.212504,207.789880,205.010164,207.216569,193.962585,16927860.000000
2019-08-08,207.844833,208.498873,206.720561,208.086694,194.777054,5441663.000000
2019-08-09,207.454030,208.942485,204.690051,205.916986,192.746125,11911803.000000
2019-08-12,206.378509,207.580574,203.285738,204.201650,191.140505,10672662.000000
2019-08-13,204.789806,205.882805,204.485636,205.522225,192.376614,9735821.000000
2019-08-14,206.996119,211.365314,204.662582,209.429004,196.033507,29055435.000000
2019-08-15,209.579097,209.982943,208.554899,209.092400,195.718433,13140956.000000
2019-08-16,208.994429,210.286044,204.179625,205.752191,192.591871,18411200.000000
2019-08-19,205.789805,206.568224,204.220660,205.040353,191.925563,10344821.000000
2019-08-20,205.413729,208.729231,204.101649,208.003648,194.699320,19586939.000000
2019-08-21,209.177787,209.558703,208.148867,208.462242,195.128582,13370232.000000
2019-08-22,208.195094,209.057574,207.157374,208.814280,195.458103,9135289.000000
2019-08-23,209.876744,214.991804,209.163846,212.747508,199.139753,22048541.000000
2019-08-26,211.664285,212.112478,210.721231,210.998913,197.503002,17736061.000000
2019-08-27,210.912764,212.997583,209.523757,212.549806,198.954697,9236258.000000
2019-08-28,212.129311,212.606848,209.713468,210.789813,197.307277,16119689.000000
2019-08-29,211.702840,213.637408,211.191319,212.736842,199.129770,8189739.000000
2019-08-30,212.029708,213.381318,209.734011,211.122438,197.618626,8911956.000000
2019-09-02,210.982214,211.767869,207.971497,209.296008,195.909018,17018178.000000
2019-09-03,209.786401,212.701732,208.113519,211.994817,198.435206,14135591.000000
2019-09-04,212.900712,215.732124,212.470674,214.358622,200.647817,15067100.000000
2019-09-05,214.938623,218.063089,213.914034,216.623782,202.768093,6758791.000000
2019-09-06,216.149723,217.764764,213.704873,214.135437,200.438907,13684726.000000
2019-09-09,214.793111,216.161276,214.047441,215.795363,201.992661,13686221.000000
2019-09-10,217.367431,220.017859,216.895293,218.372514,204.404972,27761797.000000
2019-09-11,216.863371,218.907438,213.944336,214.975649,201.225378,26165685.000000
2019-09-12,214.701265,215.826061,213.086791,213.481352,199.826659,11264476.000000
2019-09-13,213.098696,213.823617,212.651985,213.299934,199.656845,8103303.000000
2019-09-16,212.291741,214.386351,207.736820,209.644263,196.234998,21258832.000000
2019-09-17,209.918647,210.697583,208.801298,209.472181,196.073922,9891211.000000
2019-09-18,210.559307,213.560135,209.009005,212.161380,198.591115,9606578.000000
2019-09-19,212.740464,213.999790,212.221453,213.308414,199.664783,12302027.000000
2019-09-20,213.722436,215.495463,213.388874,214.371415,200.659792,8612558.000000
2019-09-23,215.423860,219.430422,214.472532,218.431457,204.460145,22066965.000000
2019-09-24,218.672225,219.294983,217.681713,218.075547,204.127000,11382033.000000
2019-09-25,216.833162,218.620365,213.569493,214.870105,201.126585,15842132.000000
2019-09-26,213.775103,214.555982,210.686289,212.372038,198.788299,9528982.000000
2019-09-27,211.815183,212.284918,210.766266,211.465595,197.939834,10886206.000000
2019-09-30,211.703469,212.227566,210.871087,211.499406,197.971482,11087705.000000
2019-10-01,210.912470,211.413765,210.191419,210.607051,197.136204,9974010.000000
2019-10-02,210.391583,212.152194,205.999140,207.766239,194.477096,13566641.000000
2019-10-03,207.730501,208.038010,206.061185,206.728759,193.505976,12428610.000000
2019-10-04,206.047369,206.516427,205.844692,206.273509,193.079844,7240865.000000
2019-10-07,206.293495,207.855997,205.655983,207.527675,194.253791,11501189.000000
2019-10-08,205.704574,208.509297,199.250546,201.780465,188.874185,19040262.000000
2019-10-09,203.319262,210.538812,202.566469,207.328098,194.066979,17845617.000000
2019-10-10,207.128173,207.706187,206.113483,206.576902,193.363831,9969557.000000
2019-10-11,205.763814,207.611444,202.535228,203.661471,190.634877,17349591.000000
2019-10-14,204.026908,206.043404,203.459980,205.552986,192.405407,11207880.000000
2019-10-15,205.613283,209.438782,204.936731,208.548416,195.209244,15575663.000000
2019-10-16,207.007136,209.855112,200.114358,201.717718,188.815450,28174573.000000
2019-10-17,201.586589,202.286114,200.345939,200.776917,187.934825,8415570.000000
2019-10-18,199.774064,201.185472,195.928160,197.056757,185.007637,10620477.000000
2019-10-21,196.805909,197.315574,196.374751,196.815906,184.781513,11644009.000000
2019-10-22,196.876204,198.241117,196.084701,197.847629,185.750150,7601104.000000
2019-10-23,197.456929,198.887002,194.341153,195.193349,183.258167,13815434.000000
2019-10-24,194.133850,196.909645,188.891848,190.774976,179.109958,22191980.000000
2019-10-25,191.037796,191.229746,189.415849,190.064694,178.443107,10096851.000000
2019-10-28,189.250621,190.798692,186.851325,187.422897,175.962843,18141123.000000
2019-10-29,187.791202,190.123627,187.289768,189.298814,177.724056,9194041.000000
2019-10-30,189.817592,194.753822,189.096978,192.896851,181.102090,19336725.000000
2019-10-31,193.522210,195.731825,192.360589,194.572407,182.675194,15185121.000000
2019-11-01,194.803503,197.416259,193.963172,196.165663,184.171029,12507103.000000
2019-11-04,195.084490,195.902373,194.192949,195.288042,183.347070,11213898.000000
2019-11-05,193.648331,194.285592,188.685171,191.156893,179.468522,16439816.000000
2019-11-06,190.870900,191.480050,190.148308,191.029151,179.348592,7934943.000000
2019-11-07,191.299865,194.452760,190.895909,193.107257,181.299630,9468681.000000
2019-11-08,193.166960,194.212433,192.775727,193.535913,181.702076,9832995.000000
2019-11-11,194.189200,196.448322,193.704355,195.530282,183.574499,11675964.000000
2019-11-12,196.670647,201.689682,195.739099,199.564465,187.362010,17325356.000000
2019-11-13,200.674792,204.732066,199.590053,202.729797,190.333796,18373984.000000
2019-11-14,201.808704,202.272276,200.723564,201.185813,188.884220,15341324.000000
2019-11-15,201.045659,201.771199,199.672345,200.536882,188.274968,9487230.000000
2019-11-18,200.455894,201.820108,200.184181,201.342785,189.031594,13237851.000000
2019-11-19,200.337929,201.560431,197.796650,199.225508,187.043779,8533240.000000
2019-11-20,197.945371,198.956703,196.365268,197.186760,185.129691,13245240.000000
2019-11-21,196.978712,198.271508,196.749495,197.677919,185.590818,10532396.000000
2019-11-22,196.918647,197.944133,194.137633,194.872175,182.956632,22843127.000000
2019-11-25,194.755190,195.549193,191.513018,192.275814,180.519027,12391049.000000
2019-11-26,192.436980,193.176614,192.252400,192.662838,180.882386,9237725.000000
2019-11-27,192.739519,193.060608,191.100971,191.494047,179.785061,6605242.000000
2019-11-28,190.741771,191.354091,184.778699,187.313853,175.860467,26379736.000000
2019-11-29,186.409837,187.214692,184.310738,185.396497,174.060349,10797690.000000
2019-12-02,184.586078,186.686250,180.387318,182.249743,171.106004,17609133.000000
2019-12-03,182.750709,183.744239,181.953297,183.178152,171.977645,5858410.000000
2019-12-04,183.841491,184.342627,183.089833,184.095836,172.839217,8685610.000000
2019-12-05,184.061464,184.366246,183.567316,183.926172,172.679927,9392451.000000
2019-12-06,183.910079,184.635385,183.546296,184.174760,172.913315,6270679.000000
2019-12-09,183.916492,184.074003,183.576390,183.957588,172.709423,10245307.000000
2019-12-10,185.173070,188.329804,184.640399,186.959472,175.527755,6517761.000000
2019-12-11,187.297394,188.637686,187.013743,187.784838,176.302653,9895570.000000
2019-12-12,187.964330,188.743090,187.651281,188.346035,176.829536,9243647.000000
2019-12-13,188.018398,188.869109,186.389326,187.321359,175.867514,10647099.000000
2019-12-16,188.157429,191.346155,186.188284,190.203565,178.573486,13648176.000000
2019-12-17,190.770249,191.221467,189.222257,189.795530,178.190401,10112278.000000
2019-12-18,189.410998,191.004859,189.156052,190.674012,179.015168,8513377.000000
2019-12-19,189.806588,190.709128,184.612965,186.593423,175.184088,22297111.000000
2019-12-20,187.213669,188.242779,186.420485,187.337841,175.882988,9832560.000000
2019-12-23,187.294456,189.449844,187.033831,188.665455,177.129425,13549162.000000
2019-12-24,188.818244,188.949793,188.463327,188.649436,177.114385,7028267.000000
2019-12-25,188.716978,189.374777,184.947488,186.113382,174.733399,21917840.000000
2019-12-26,185.650955,187.429314,181.939069,182.766606,171.591264,18596957.000000
2019-12-27,182.736325,186.923178,181.185304,185.520220,174.176506,17218985.000000
2019-12-30,186.173430,190.909654,184.720047,190.203574,178.573494,16953393.000000
2019-12-31,191.289770,195.315380,189.585369,194.521162,182.627082,19805837.000000
2020-01-01,195.024814,199.595261,194.365628,198.439974,186.306277,38103886.000000
2020-01-02,198.155336,198.790062,197.422164,197.736346,185.645672,11718180.000000
2020-01-03,198.204029,198.902846,196.121122,196.451000,184.438920,16953985.000000
2020-01-06,195.739013,196.612962,195.214351,195.450475,183.499571,8489184.000000
2020-01-07,195.584603,195.832148,195.253589,195.491408,183.538001,6385451.000000
2020-01-08,195.469486,195.668243,194.345114,194.970604,183.049043,10349061.000000
2020-01-09,196.295909,199.708384,194.634002,198.178382,186.060679,26275492.000000
2020-01-10,197.551337,198.996288,193.782608,195.564031,183.606184,10874655.000000
2020-01-13,195.559110,195.781783,194.743137,195.307384,183.365230,13413931.000000
2020-01-14,195.220197,195.879200,194.997785,195.545625,183.588904,5891512.000000
2020-01-15,196.098178,200.338701,194.101619,198.271858,186.708566,15967078.000000
2020-01-16,198.183894,198.607071,197.665118,198.014996,186.466684,10574412.000000
2020-01-17,199.297360,199.641890,197.674853,198.658466,187.072627,10695887.000000
2020-01-20,199.306000,201.519797,198.665014,200.425703,188.736797,14225252.000000
2020-01-21,199.986399,201.130404,196.449253,198.017486,186.469028,9845550.000000
2020-01-22,197.992629,198.657644,195.972794,196.866727,185.385383,14777707.000000
2020-01-23,196.339688,198.326184,193.033930,193.567360,182.278436,21363789.000000
2020-01-24,194.101375,196.332926,193.140151,195.875583,184.452042,7736514.000000
2020-01-27,195.315858,197.458247,194.603329,196.332510,184.882321,12273922.000000
2020-01-28,195.762935,198.512413,195.247340,198.098195,186.545031,16158840.000000
2020-01-29,196.823548,198.096070,194.568060,195.500853,184.099167,23390380.000000
2020-01-30,195.829108,197.190749,195.188541,196.818659,185.340118,14416012.000000
2020-01-31,197.186101,198.071726,196.957903,197.482064,185.964833,7883732.000000
2020-02-03,199.120402,204.091988,197.154528,202.218255,190.424807,8437019.000000
2020-02-04,203.524925,210.873945,201.562491,207.900272,195.775446,26325569.000000
2020-02-05,206.694017,208.341572,198.101746,201.295649,189.556008,24627815.000000
2020-02-06,203.178014,210.763877,200.609816,207.392154,195.296962,21761615.000000
2020-02-07,206.990982,208.195426,204.537854,205.204966,193.237332,11130428.000000
2020-02-10,206.847886,214.408970,205.301334,210.911057,198.610641,28140512.000000
2020-02-11,209.298614,209.878804,207.537333,208.035978,195.903239,14654175.000000
2020-02-12,208.179628,209.367380,207.643468,209.112124,196.916623,12964816.000000
2020-02-13,209.542849,213.084634,208.613889,211.437810,199.106674,17133613.000000
2020-02-14,210.474925,211.513996,206.835660,208.303374,196.155040,21127983.000000
2020-02-17,209.030937,211.526303,207.689694,210.987597,198.682718,25233287.000000
2020-02-18,211.208789,212.154816,207.958865,209.342459,197.133525,8841159.000000
2020-02-19,210.183004,211.397709,209.292258,209.945216,197.701129,17099550.000000
2020-02-20,210.029755,210.446620,208.868784,209.492496,197.274812,9642811.000000
2020-02-21,209.280850,209.624080,208.878195,209.439998,197.225376,10294584.000000
2020-02-24,209.157251,209.889755,207.350707,207.796983,195.678182,11745791.000000
2020-02-25,209.385952,213.874094,207.353281,211.920238,199.560967,23998158.000000
2020-02-26,212.705739,215.048664,211.516033,214.193664,201.701806,14810250.000000
2020-02-27,213.692336,214.738941,212.307923,213.032516,200.608377,5630828.000000
2020-02-28,212.485575,214.312001,211.763943,213.702073,201.238885,8510518.000000
2020-03-02,213.680884,213.948663,213.038093,213.397829,200.952384,8146704.000000
2020-03-03,213.182994,213.601052,212.835093,213.173713,200.741338,13404881.000000
2020-03-04,214.837225,218.547139,213.010915,216.294144,203.679785,10560287.000000
2020-03-05,215.576296,217.862794,214.889417,217.421650,204.741534,10361516.000000
2020-03-06,218.332676,220.786203,216.857831,219.796605,206.977981,14096690.000000
2020-03-09,219.836634,220.598029,219.606600,220.417289,207.562467,12304316.000000
2020-03-10,221.042226,225.421772,219.914860,223.350687,210.324788,10683010.000000
2020-03-11,223.274579,223.588177,220.696506,222.043549,209.093883,17872316.000000
2020-03-12,222.196964,225.105321,220.908645,223.826208,210.772576,16379531.000000
2020-03-13,224.124494,226.162309,222.892934,225.729262,212.564643,13129735.000000
2020-03-16,226.610329,227.107743,225.736130,226.513663,213.303298,8715021.000000
2020-03-17,227.379655,229.304965,226.347883,228.849196,215.502621,8871075.000000
2020-03-18,227.853235,228.573242,225.712269,226.328641,213.129066,11396412.000000
2020-03-19,227.221271,232.240958,224.674686,230.616686,217.167031,18634335.000000
2020-03-20,230.945939,231.231593,229.099272,229.804346,216.402067,12640857.000000
2020-03-23,230.048431,231.711276,228.789667,230.744331,217.287231,11568114.000000
2020-03-24,231.103071,235.159339,230.166884,233.469193,219.853178,14138264.000000
2020-03-25,233.424431,237.050398,232.414100,235.565675,221.827393,7456904.000000
2020-03-26,236.071410,236.776912,234.785603,235.137189,221.423896,7518954.000000
2020-03-27,234.829921,236.057386,232.906374,233.810575,220.174651,9212548.000000
2020-03-30,234.151884,237.074978,233.421898,236.331383,222.548444,19053562.000000
2020-03-31,235.188858,237.093560,229.801941,232.073104,218.538509,18820954.000000
2020-04-01,232.434145,233.499325,230.691689,231.386809,217.892240,6777045.000000
2020-04-02,231.762466,233.641632,230.547370,232.655616,219.087050,21374287.000000
2020-04-03,232.200034,237.048137,230.379678,236.158178,222.385341,9299919.000000
2020-04-06,235.998991,236.601884,234.831364,235.668035,221.923783,13577211.000000
2020-04-07,235.087410,236.001876,234.938203,235.507304,221.772426,10614331.000000
2020-04-08,234.782098,235.405389,232.953188,233.815413,220.179207,8043939.000000
2020-04-09,233.303604,233.821668,230.179111,230.756307,217.298509,17231955.000000
2020-04-10,229.725382,231.307446,225.787541,227.410950,214.148255,16327385.000000
2020-04-13,228.875757,230.674045,227.175124,229.486661,216.753169,15123223.000000
2020-04-14,228.923425,230.297143,228.436699,229.785523,217.035448,10078704.000000
2020-04-15,229.387860,230.579282,228.883982,230.160121,217.389260,12865048.000000
2020-04-16,230.937094,234.394368,228.748228,233.749053,220.779054,17678112.000000
2020-04-17,233.709516,234.716520,231.537628,231.916795,219.048462,10689016.000000
2020-04-20,231.357122,232.343866,230.896510,231.701597,218.845205,11258299.000000
2020-04-21,230.734786,232.310871,228.875058,229.379959,216.652387,20876206.000000
2020-04-22,229.583316,230.703836,228.670344,229.888350,217.132569,11253195.000000
2020-04-23,228.023824,229.905892,222.431692,225.030779,212.544530,15095639.000000
2020-04-24,225.180277,228.113157,224.472563,227.612854,214.983334,7619055.000000
2020-04-27,226.953604,227.659871,225.166653,226.260892,213.706388,6535534.000000
2020-04-28,226.191341,226.723269,222.990831,224.419634,211.967295,15673105.000000
2020-04-29,225.940004,228.299125,223.915117,227.346925,214.732160,12252008.000000
2020-04-30,227.227770,228.072160,225.406455,226.176763,213.626926,8704543.000000
2020-05-01,225.181839,226.663452,222.810569,224.002259,211.573079,9722874.000000
2020-05-04,224.136081,225.144030,223.041733,223.301149,210.910871,15968779.000000
2020-05-05,224.280583,224.591535,222.458070,222.654566,210.300166,7513319.000000
2020-05-06,222.487284,226.687576,221.165689,225.105153,212.614777,13412349.000000
2020-05-07,226.549128,228.665079,224.904053,227.544621,214.918886,9834943.000000
2020-05-08,227.207884,228.197126,225.549635,225.979354,213.440471,11016036.000000
2020-05-11,226.506066,226.674823,225.860038,226.205198,213.653783,10980158.000000
2020-05-12,224.703746,226.936593,220.539405,221.977963,209.661104,19162860.000000
2020-05-13,221.308245,223.657470,217.300920,218.599470,206.470074,28554688.000000
2020-05-14,218.050238,218.773213,217.733857,218.443896,206.323132,9360236.000000
2020-05-15,218.674241,220.474223,217.551368,219.501111,207.321685,12351478.000000
2020-05-18,219.206790,220.846238,215.595413,216.903064,204.867796,25755434.000000
2020-05-19,217.005242,219.796220,216.447153,218.743455,206.606069,11230718.000000
2020-05-20,218.425495,218.781108,218.252228,218.531658,206.406025,17803703.000000
2020-05-21,218.775164,220.422650,217.741176,220.020962,207.812691,9409328.000000
2020-05-22,219.533267,219.842003,218.379347,219.253645,207.087951,7306158.000000
2020-05-25,220.632590,229.878517,219.375716,225.931896,213.395646,15674433.000000
2020-05-26,226.306973,229.703298,225.028908,228.559987,215.877913,23143666.000000
2020-05-27,228.900351,229.365820,223.544408,225.625457,213.106211,10346576.000000
2020-05-28,225.477398,229.042901,224.101816,227.726164,215.090356,20010752.000000
2020-05-29,227.993274,230.732385,227.084205,229.393209,216.664902,14577745.000000
2020-06-01,229.981579,230.461964,228.191087,228.687993,215.998816,17318330.000000
2020-06-02,228.224022,229.717963,227.279272,229.182450,216.465837,23555224.000000
2020-06-03,229.105176,230.374430,228.577943,229.647339,216.904931,6041409.000000
2020-06-04,229.120224,229.719199,226.798465,228.102214,215.445541,11264243.000000
2020-06-05,228.806373,229.768300,227.879945,229.442427,216.711389,20979081.000000
2020-06-08,229.462051,233.405338,227.230217,232.815684,219.897474,10929494.000000
2020-06-09,233.057395,233.854727,230.701031,231.400030,218.560370,7846590.000000
2020-06-10,231.626462,232.085315,230.494522,230.848500,218.039444,11450982.000000
2020-06-11,230.879925,233.096841,230.265530,232.097399,219.219045,6866008.000000
2020-06-12,232.070655,233.429057,228.456227,229.459915,216.727906,12218315.000000
2020-06-15,230.345752,231.088634,228.010662,228.405695,215.732182,11332176.000000
2020-06-16,227.706163,228.050860,225.774354,226.548629,213.978159,10085728.000000
2020-06-17,226.890769,229.194593,225.943993,228.605124,215.920545,12849684.000000
2020-06-18,229.477963,233.803404,228.675933,232.583473,219.678148,15960013.000000
2020-06-19,233.867824,238.075863,233.193013,236.598737,223.470618,25403810.000000
2020-06-22,235.928647,237.707809,233.197157,233.977732,220.995044,17841258.000000
2020-06-23,234.200512,235.337933,233.681074,234.715718,221.692082,15011018.000000
2020-06-24,236.083754,238.582015,234.221566,237.822922,224.626877,18298021.000000
2020-06-25,237.370273,238.559316,237.011834,237.991894,224.786473,12023444.000000
2020-06-26,238.265381,238.497903,236.995332,237.372770,224.201702,8557679.000000
2020-06-29,237.436766,238.181871,236.646093,237.786335,224.592319,9763453.000000
2020-06-30,237.572817,238.190286,236.902634,237.443058,224.268091,3230259.000000
2020-07-01,236.975120,240.021937,236.299207,238.869660,225.615535,5088903.000000
2020-07-02,238.650198,239.869802,236.667752,237.015571,223.864323,6496966.000000
2020-07-03,237.426874,238.546325,236.944267,237.958623,224.755048,8435045.000000
2020-07-06,237.400794,238.260087,235.347025,236.011231,222.915711,14576421.000000
2020-07-07,237.280447,242.488030,235.144267,240.828808,227.465976,17083872.000000
2020-07-08,241.178629,244.268809,240.435945,242.843253,229.368646,17976646.000000
2020-07-09,242.217457,242.749834,241.757599,242.384040,229.623784,13414407.000000
2020-07-10,242.545397,245.224782,241.587521,244.173084,231.318644,10677967.000000
2020-07-13,243.303704,245.030244,238.881922,240.558217,227.894081,11860984.000000
2020-07-14,241.028223,243.110251,239.933218,242.495637,229.729506,12019258.000000
2020-07-15,242.188164,242.476183,240.115853,240.850101,228.170599,11972140.000000
2020-07-16,241.212689,242.864990,240.232291,241.947375,229.210107,9711102.000000
2020-07-17,242.999736,246.226849,242.416502,245.280064,232.367347,12945318.000000
2020-07-20,245.305749,246.650063,245.005797,246.175719,233.215851,12916999.000000
2020-07-21,245.965870,246.478078,245.412750,245.946850,232.999031,13387092.000000
2020-07-22,247.002953,249.458517,245.492925,248.286326,235.215345,15050611.000000
2020-07-23,247.684626,249.198275,245.743380,246.245301,233.281770,16816852.000000
2020-07-24,247.135841,247.703053,246.590176,246.946531,233.946084,11290734.000000
2020-07-27,246.832987,247.624287,246.444166,247.366385,234.343835,11092305.000000
2020-07-28,246.910057,247.677983,246.681713,247.314600,234.294776,4521164.000000
2020-07-29,246.404222,247.298741,246.116388,246.596601,233.614576,8637577.000000
2020-07-30,247.150305,248.891526,246.587945,247.999665,234.943775,18423902.000000
2020-07-31,246.397486,248.835199,241.192102,242.746570,229.967229,25564132.000000
2020-08-03,242.804033,244.203876,242.444713,243.696259,230.866922,13241010.000000
2020-08-04,243.717210,245.136624,242.881965,244.789203,231.902328,11535100.000000
2020-08-05,246.140472,251.336114,242.702237,250.396228,237.214172,18844894.000000
2020-08-06,249.904122,251.012111,249.730855,250.654324,237.458681,15720617.000000
2020-08-07,250.415024,250.862707,247.720301,248.904823,235.801281,16511301.000000
2020-08-10,249.681885,251.325154,248.739074,250.237635,237.063928,12863261.000000
2020-08-11,250.076308,254.372365,249.202227,253.155079,239.827784,12555759.000000
2020-08-12,252.738054,253.977368,252.519056,253.375211,240.036328,15649421.000000
2020-08-13,254.416023,256.149771,252.941776,255.310596,241.869824,17142558.000000
2020-08-14,255.721311,257.848561,254.298700,256.740213,243.224180,5659393.000000
2020-08-17,257.062201,257.774676,256.315793,257.523180,243.965927,16469410.000000
2020-08-18,255.584887,256.339363,252.192265,254.044190,240.670088,24111140.000000
2020-08-19,253.486527,254.339107,251.649388,252.054195,238.784856,15289576.000000
2020-08-20,252.482223,257.283173,251.295949,255.210849,241.775328,22712937.000000
2020-08-21,255.256907,256.067806,254.499234,255.314245,241.873281,8744176.000000
2020-08-24,258.029385,264.026737,256.554724,262.082861,248.285565,14654235.000000
2020-08-25,262.072132,262.841270,260.844555,261.687190,247.910724,13236633.000000
2020-08-26,263.384098,269.425612,261.872430,266.757333,252.713950,19234452.000000
2020-08-27,266.299916,266.694669,264.480347,265.370788,251.400400,9788391.000000
2020-08-28,264.678977,266.164643,260.190327,262.109432,248.310737,21584858.000000
2020-08-31,262.189042,263.578926,259.737587,260.169549,246.472979,14593238.000000
2020-09-01,260.654917,262.965982,259.267542,262.209213,248.405265,14557183.000000
2020-09-02,262.485161,264.547495,261.987872,263.802175,249.914366,12687363.000000
2020-09-03,264.705707,267.136704,263.583115,265.653317,251.668055,12880716.000000
2020-09-04,264.605838,265.819865,262.772194,263.993238,250.095371,10001160.000000
2020-09-07,262.573390,264.878126,257.786758,259.895510,246.213366,17604655.000000
2020-09-08,260.185068,262.484574,259.464677,261.971680,248.180237,14655230.000000
2020-09-09,261.818045,263.414514,259.348496,259.809369,246.131760,12972591.000000
2020-09-10,259.765914,262.960047,258.115562,261.289653,247.534115,11244891.000000
2020-09-11,261.447462,263.005382,261.073161,261.944743,248.154718,4244175.000000
2020-09-14,261.385232,261.864093,258.141780,259.016116,245.380268,8461971.000000
2020-09-15,258.844942,259.697180,258.135425,259.362494,245.708411,13422133.000000
2020-09-16,259.451840,259.979155,256.666646,257.249523,243.706677,18427552.000000
2020-09-17,256.004773,256.750911,255.538887,256.105138,242.622538,9204484.000000
2020-09-18,255.667299,257.640330,251.690966,253.180635,239.851995,13104868.000000
2020-09-21,251.016496,252.033965,244.044392,246.387350,233.416340,15209102.000000
2020-09-22,247.182581,251.908346,245.617145,250.577782,237.386168,19071345.000000
2020-09-23,251.777481,253.496482,250.207598,252.553020,239.257420,15584318.000000
2020-09-24,253.377479,259.635260,250.377359,257.055216,243.522600,15651137.000000
2020-09-25,257.527344,259.752615,255.952903,258.565991,244.953840,13095636.000000
2020-09-28,257.629006,258.699255,255.667638,256.170524,242.684482,10631168.000000
2020-09-29,256.450926,256.622107,255.977583,256.239712,242.750027,8482049.000000
2020-09-30,256.304825,257.355998,253.735377,254.695081,241.286713,16679841.000000
2020-10-01,254.463708,255.743545,251.754313,252.870120,239.557827,6220606.000000
2020-10-02,253.605396,258.814963,251.736038,256.632268,243.121917,12093548.000000
2020-10-05,257.269899,259.150630,256.350140,258.393198,244.790143,13044855.000000
2020-10-06,258.810842,260.436744,257.860005,259.613114,246.685895,12044400.000000
2020-10-07,259.199130,259.929824,258.697395,259.780861,246.845289,12880752.000000
2020-10-08,260.513484,263.452326,259.717993,261.916534,248.874618,14011762.000000
2020-10-09,260.590826,262.275140,256.256459,258.489469,245.618201,14003993.000000
2020-10-12,258.672437,262.047811,257.145180,260.559743,247.585387,9159093.000000
2020-10-13,259.758852,264.103974,249.454800,253.364011,240.747961,21545502.000000
2020-10-14,254.071402,260.437337,252.746802,258.007860,245.160573,25138847.000000
2020-10-15,258.127323,258.871867,257.325673,258.485249,245.614191,13044719.000000
2020-10-16,259.702202,260.694151,258.410888,259.336144,246.422717,19818814.000000
2020-10-19,260.962879,263.107870,259.471373,261.772288,248.737555,13973643.000000
2020-10-20,261.392036,261.580429,260.895445,261.334711,248.321767,9177380.000000
2020-10-21,261.370679,264.488574,260.892170,263.997319,250.851792,16193255.000000
2020-10-22,264.187327,266.968812,262.675255,266.491396,253.221679,8708341.000000
2020-10-23,266.017618,267.955490,262.938986,263.915358,250.773912,17035776.000000
2020-10-26,263.143325,263.543895,260.181744,261.754970,248.721099,9469089.000000
2020-10-27,261.702655,262.412609,261.144964,262.152797,249.099117,13506926.000000
2020-10-28,262.511002,264.509004,261.059328,263.793127,250.657767,9055485.000000
2020-10-29,264.729766,265.417421,263.749620,264.137664,250.985149,10498180.000000
2020-10-30,265.029839,267.848795,264.159058,267.094769,253.795007,21371897.000000
2020-11-02,267.227635,268.099446,266.041456,266.337591,253.075532,15009799.000000
2020-11-03,266.680455,267.305189,261.540701,263.038956,249.941150,10440471.000000
2020-11-04,261.699729,262.326382,259.253788,261.084328,248.083851,6521229.000000
2020-11-05,260.351356,261.888702,259.960720,261.398400,248.382284,15394443.000000
2020-11-06,262.552745,262.861277,261.486608,262.520088,249.448118,20112943.000000
2020-11-09,260.946882,261.483779,259.534513,260.637852,247.659607,9435967.000000
2020-11-10,258.634432,260.275978,255.409773,256.270824,243.510032,15962502.000000
2020-11-11,256.776794,257.495584,256.385706,256.902716,244.110459,16395332.000000
2020-11-12,257.625494,259.374183,257.251909,258.925417,246.032441,16134462.000000
2020-11-13,256.866427,257.582354,255.094433,256.421687,243.653382,12505102.000000
2020-11-16,257.147768,262.101058,256.523680,259.875281,246.935008,13253740.000000
2020-11-17,261.416216,267.051025,259.429862,264.390755,251.225637,6953470.000000
2020-11-18,265.338683,265.752622,264.121000,264.884827,251.695107,6468812.000000
2020-11-19,265.790354,266.404663,264.838570,265.369488,252.155635,10971581.000000
2020-11-20,265.759502,266.832768,265.260776,266.492554,253.222779,12735075.000000
2020-11-23,266.040935,266.445805,265.368808,266.068649,252.819982,11166951.000000
2020-11-24,265.488769,266.019880,261.347985,262.996029,249.900360,9423269.000000
2020-11-25,262.507742,262.890001,260.811652,261.161367,248.157054,19141555.000000
2020-11-26,261.738464,262.333040,258.490565,259.365254,246.450377,16370326.000000
2020-11-27,259.451213,259.646173,258.673369,259.431775,246.513585,13157807.000000
2020-11-30,260.341610,262.123650,259.059661,261.576529,248.551543,26673736.000000
2020-12-01,262.553231,263.257463,261.437879,261.725047,248.692666,7025679.000000
2020-12-02,261.685434,262.318493,259.703688,260.961172,247.966827,10711468.000000
2020-12-03,260.062861,261.788642,258.797552,259.274608,246.364244,7570082.000000
2020-12-04,257.591719,258.283399,251.708461,254.252584,241.592288,18787056.000000
2020-12-07,254.007152,255.298996,249.847262,250.850427,238.359538,16446794.000000
2020-12-08,250.742727,252.576637,250.203078,251.912491,239.368718,15474736.000000
2020-12-09,252.929213,256.389499,252.202889,255.069103,242.368149,15366979.000000
2020-12-10,257.664709,263.757411,256.685481,262.787805,249.702504,27923364.000000
2020-12-11,262.425690,266.291755,261.693595,264.947093,251.754273,11034454.000000
2020-12-14,264.528281,265.844737,263.608501,265.067313,251.868507,6264562.000000
2020-12-15,263.753934,265.393007,258.716059,260.889515,247.898738,18823427.000000
2020-12-16,260.198885,261.750405,259.533340,261.307529,248.295937,11028023.000000
2020-12-17,262.924301,265.809617,260.622773,265.032153,251.835097,18912855.000000
2020-12-18,264.474938,266.139077,263.389824,265.381879,252.167409,11018039.000000
2020-12-21,265.231815,266.110894,263.877099,264.470708,251.301609,12874939.000000
2020-12-22,264.760235,267.305761,264.323253,266.298693,253.038571,13859434.000000
2020-12-23,265.491711,266.819287,264.656471,266.056093,252.808051,13697771.000000
2020-12-24,265.260459,266.598093,262.265757,263.907239,250.766198,13032513.000000
2020-12-25,265.006810,271.062798,264.317312,268.391971,255.027616,15975083.000000
2020-12-28,267.506761,267.837688,266.551348,266.963927,253.670680,10685729.000000
2020-12-29,268.335433,271.007706,266.470317,269.489251,256.070258,15030403.000000
2020-12-30,270.573911,278.387663,267.017118,275.532205,261.812308,7757449.000000
2020-12-31,275.300872,277.496655,271.032433,272.637984,259.062203,10063585.000000
2021-01-01,273.305270,274.314222,271.899874,272.923035,260.113400,9643713.000000
2021-01-04,273.699458,274.926043,270.367722,271.497791,258.755049,8438964.000000
2021-01-05,269.833622,270.523118,266.193344,267.083742,254.548173,19381856.000000
2021-01-06,268.523168,272.969484,267.674487,271.818019,259.060248,11113571.000000
2021-01-07,270.835317,271.546670,270.069430,270.527010,257.829832,16429923.000000
2021-01-08,269.802590,270.520555,268.939909,269.361623,256.719142,11850553.000000
2021-01-11,269.910425,271.925593,268.682043,271.181803,258.453892,11074033.000000
2021-01-12,269.558394,271.308722,262.655597,265.555588,253.091744,17906475.000000
2021-01-13,265.951071,270.646307,264.209632,268.842778,256.224649,17241951.000000
2021-01-14,268.920166,269.594608,267.014846,267.768659,255.200944,9391659.000000
2021-01-15,266.481216,267.041408,264.907268,266.354158,253.852833,9824408.000000
2021-01-18,266.207669,267.151153,265.345801,266.845691,254.321296,8985099.000000
2021-01-19,267.428502,268.317329,261.907243,263.857918,251.473754,18775532.000000
2021-01-20,263.078207,263.516916,262.298079,262.610378,250.284767,10942941.000000
2021-01-21,263.324456,268.868012,262.592866,266.696178,254.178800,16405801.000000
2021-01-22,267.568557,269.255999,266.905486,268.839460,256.221487,10412666.000000
2021-01-25,267.533984,268.344493,266.074917,267.231531,254.689026,10407442.000000
2021-01-26,267.566981,269.353339,266.276859,268.555158,255.950529,12314784.000000
2021-01-27,267.377724,268.612550,265.364531,266.170183,253.677493,10774973.000000
2021-01-28,263.792990,264.786575,256.582046,259.678600,247.490592,19649638.000000
2021-01-29,259.539048,260.395947,258.716905,260.190473,247.978440,11197138.000000
2021-02-01,259.848979,260.773172,258.175556,259.206332,247.040490,8776110.000000
2021-02-02,258.900809,260.961079,254.174275,255.562423,243.567607,13886895.000000
2021-02-03,255.207958,255.840059,252.479408,253.547557,241.647309,13271502.000000
2021-02-04,253.461793,254.441633,251.545883,252.364960,240.520217,11638955.000000
2021-02-05,250.234825,254.247840,237.809015,242.106036,230.742796,23501895.000000
2021-02-08,242.523500,243.440698,241.755477,243.156337,231.743801,6807736.000000
2021-02-09,242.862718,244.075692,241.329784,242.083223,230.721053,16541461.000000
2021-02-10,242.073936,244.034751,241.232930,243.486736,232.058692,9090035.000000
2021-02-11,243.005075,243.996611,240.638837,241.504972,230.169943,10476558.000000
2021-02-12,242.501563,245.740931,241.351241,244.234611,232.771466,13513881.000000
2021-02-15,243.949478,245.114003,240.614251,241.743919,230.397675,9225236.000000
2021-02-16,241.842315,242.045321,240.555399,241.119967,229.803007,10022275.000000
2021-02-17,241.056528,241.996210,237.145461,238.807421,227.599001,11091730.000000
2021-02-18,238.087648,239.335727,236.969342,238.273637,227.090270,11880950.000000
2021-02-19,238.552652,241.794754,237.396733,240.938607,229.630160,17987185.000000
2021-02-22,241.830340,249.239403,238.503668,246.779401,235.196817,15639133.000000
2021-02-23,247.893699,248.098306,246.294557,246.790151,235.207061,10505356.000000
2021-02-24,246.793317,247.284046,246.197722,247.069747,235.473535,10561972.000000
2021-02-25,247.207241,247.646302,246.708269,247.413922,235.801556,8914046.000000
2021-02-26,246.833235,247.766302,246.223093,247.107256,235.509284,6057253.000000
2021-03-01,248.327539,251.425206,246.816245,250.055355,238.319013,15048490.000000
2021-03-02,250.237743,251.250243,248.071513,249.003272,237.316310,10398027.000000
2021-03-03,248.936209,249.519016,248.446452,248.719420,237.045781,10604684.000000
2021-03-04,248.262222,249.162831,247.234761,247.648382,236.025012,9779217.000000
2021-03-05,247.692906,247.990333,247.171994,247.375104,235.764560,9283614.000000
2021-03-08,247.317689,248.572591,246.491197,248.241730,236.590511,17414321.000000
2021-03-09,249.065725,249.804290,248.161079,248.701940,237.029121,10272139.000000
2021-03-10,248.789931,251.712241,247.589453,250.232957,238.488279,11470020.000000
2021-03-11,250.953038,256.537964,249.075321,254.164619,242.235409,13801608.000000
2021-03-12,255.132542,256.207685,254.718577,255.499914,243.508032,11003766.000000
2021-03-15,256.202337,256.897431,255.898032,256.489788,244.451446,13562943.000000
2021-03-16,256.655368,258.349437,255.885091,257.557988,245.469510,8929240.000000
2021-03-17,255.903837,256.877098,253.699119,255.349556,243.364732,12153349.000000
2021-03-18,253.979202,255.717504,248.872753,250.411844,238.658771,16246169.000000
2021-03-19,251.228746,255.061933,249.527021,253.239824,241.354020,13847026.000000
2021-03-22,254.009931,256.926862,253.046920,256.082177,244.062967,8886945.000000
2021-03-23,255.769327,256.318838,255.554708,256.068308,244.049749,6824368.000000
2021-03-24,256.609801,257.470821,256.149501,257.125513,245.057334,9313095.000000
2021-03-25,257.884092,267.128617,256.294456,263.534980,251.165973,21424603.000000
2021-03-26,261.844789,262.335978,259.224546,260.598193,248.367024,10639880.000000
2021-03-29,260.990453,262.986381,260.068202,261.848377,249.558531,8061076.000000
2021-03-30,260.172721,261.849162,257.039801,258.855663,246.706279,17074563.000000
2021-03-31,259.458898,259.870256,256.931159,257.653101,246.299057,8583072.000000
2021-04-01,257.159922,257.805011,256.228532,257.414607,246.071072,6845511.000000
2021-04-02,256.055543,258.795919,251.694235,253.842887,242.656748,11462668.000000
2021-04-05,253.231906,254.606279,250.407818,251.602486,240.515075,10179932.000000
2021-04-06,252.680354,255.185350,252.313001,253.668653,242.490192,13257196.000000
2021-04-07,253.992596,256.879999,253.681613,255.434689,244.178404,17777202.000000
2021-04-08,255.609094,255.983091,254.422953,254.795597,243.567475,9849934.000000
2021-04-09,254.143697,255.950159,250.039625,251.008698,239.947454,10170910.000000
2021-04-12,250.238886,251.270335,248.863902,249.530535,238.534430,11026003.000000
2021-04-13,250.252751,255.421577,248.150196,253.457826,242.288655,16117610.000000
2021-04-14,253.070227,253.788044,250.492105,250.986497,239.926231,15904602.000000
2021-04-15,250.966125,252.150813,248.163670,249.165308,238.185296,11513336.000000
2021-04-16,249.557455,250.467871,249.098982,249.630231,238.629732,11194331.000000
2021-04-19,248.928766,249.587610,247.229324,248.420636,237.473440,9205790.000000
2021-04-20,248.574405,249.555462,246.809312,247.060407,236.173153,10994633.000000
2021-04-21,247.208624,250.647547,245.638974,249.866915,238.855986,12404804.000000
2021-04-22,250.810998,252.501805,249.456510,251.286436,240.212953,12315792.000000
2021-04-23,249.463765,251.066489,245.392787,246.917787,236.036818,24675761.000000
2021-04-26,245.531321,246.886713,243.893855,244.488379,233.714467,8016856.000000
2021-04-27,244.762413,245.002303,243.743431,243.993521,233.241416,6268412.000000
2021-04-28,243.208292,244.273597,242.695582,243.109993,232.396822,14418915.000000
2021-04-29,242.876934,243.233589,240.264824,240.729528,230.121257,14006504.000000
2021-04-30,240.581336,241.490355,239.635456,239.957273,229.383034,9410126.000000
2021-05-03,239.193371,242.159902,233.704084,234.798994,224.452065,20170189.000000
2021-05-04,234.900684,235.095988,234.269572,234.671991,224.330659,12735906.000000
2021-05-05,234.909470,235.874690,232.240144,233.496887,223.207339,12736569.000000
2021-05-06,233.163769,234.087034,231.387207,232.201453,221.968991,5663615.000000
2021-05-07,232.992918,235.202841,232.282964,233.971054,223.660610,10478270.000000
2021-05-10,234.525671,237.132063,233.711238,235.718097,225.330667,16815768.000000
2021-05-11,236.333471,241.169517,234.444290,238.993659,228.461883,13807786.000000
2021-05-12,238.092337,239.854005,234.042484,236.033530,225.632199,10824893.000000
2021-05-13,236.461017,237.862219,236.063968,237.038126,226.592526,19130789.000000
2021-05-14,237.333706,239.152664,236.759863,237.986367,227.498980,13411988.000000
2021-05-17,237.838490,238.775242,237.539990,237.955474,227.469449,12863854.000000
2021-05-18,237.591642,238.320459,234.516310,235.845281,225.452245,29151634.000000
2021-05-19,235.431804,237.196307,229.468933,231.891378,221.672580,11563624.000000
2021-05-20,231.597417,232.889551,231.402294,232.542181,222.294704,11990449.000000
2021-05-21,232.854825,234.137694,231.782119,233.745870,223.445350,26696709.000000
2021-05-24,234.642139,237.158386,233.786564,236.096401,225.692299,17393116.000000
2021-05-25,236.609570,236.779681,235.668783,236.164650,225.757541,12852154.000000
2021-05-26,236.072499,238.517466,235.307582,237.597878,227.127611,12074317.000000
2021-05-27,237.042272,237.666113,234.743079,235.926858,225.530228,10675141.000000
2021-05-28,234.896519,235.260208,234.163196,234.548116,224.212243,9610961.000000
2021-05-31,233.809541,238.193855,232.884962,236.635538,226.207678,13932496.000000
2021-06-01,237.539290,242.195988,236.643883,240.549126,229.948805,14826689.000000
2021-06-02,239.398242,240.645266,238.807865,239.106767,228.570008,11394908.000000
2021-06-03,239.907833,241.918397,238.947792,240.896378,230.280755,14666172.000000
2021-06-04,240.033332,241.418611,238.640113,239.100437,228.563956,4830357.000000
2021-06-07,238.604280,239.177523,237.921486,238.643574,228.127226,10610253.000000
2021-06-08,238.861806,242.667955,237.800130,240.946224,230.328405,12254522.000000
2021-06-09,239.159109,240.778380,238.032605,238.862597,228.336597,14694698.000000
2021-06-10,239.718983,242.616771,239.003809,241.100677,230.476051,17078869.000000
2021-06-11,239.817956,241.300259,236.784260,238.473363,227.964516,15712934.000000
2021-06-14,238.278965,239.684408,237.374468,239.152049,228.613294,18702301.000000
2021-06-15,238.541326,239.096964,236.888720,238.024400,227.535337,15542626.000000
2021-06-16,238.563240,241.474478,236.713536,239.924344,229.351556,14999496.000000
2021-06-17,238.555997,239.968683,234.288268,235.096445,224.736409,16643884.000000
2021-06-18,234.681803,236.915285,228.650560,230.779342,220.609548,12553545.000000
2021-06-21,230.704986,231.611496,230.081066,230.927585,220.751259,6093168.000000
2021-06-22,232.212196,235.855095,229.942446,234.513821,224.179460,17542703.000000
2021-06-23,234.432556,235.017655,234.154663,234.606862,224.268400,11144869.000000
2021-06-24,234.671622,238.510469,233.466987,236.821235,226.385192,9500161.000000
2021-06-25,237.881792,243.986582,235.962066,242.067531,231.400299,20356918.000000
2021-06-28,240.868452,242.271726,236.463811,237.998553,228.195214,14662475.000000
2021-06-29,237.402478,238.737732,235.561098,236.307585,226.573899,11002698.000000
2021-06-30,237.114307,239.627397,235.518859,238.860530,229.021686,15191014.000000
2021-07-01,238.269401,239.088335,236.332122,237.099769,227.333453,10272434.000000
2021-07-02,236.214739,236.744166,233.035911,234.442244,224.785393,18513819.000000
2021-07-05,234.518477,235.408539,233.232026,233.466576,223.849913,18914200.000000
2021-07-06,234.373839,237.024440,232.773308,235.598266,225.893797,8077154.000000
2021-07-07,236.107212,238.188768,235.203706,237.635455,227.847073,6595441.000000
2021-07-08,237.177637,238.758330,233.652122,235.323328,225.630184,6859782.000000
2021-07-09,235.941946,236.589476,235.495602,235.693376,225.984990,11838163.000000
2021-07-12,235.331390,236.266129,234.424524,234.704705,225.037043,7679526.000000
2021-07-13,234.757743,235.284924,234.479350,234.702223,225.034663,16935364.000000
2021-07-14,233.923542,234.825031,232.196628,233.346291,223.734582,13295541.000000
2021-07-15,232.563413,233.792563,228.433111,230.504234,221.009592,17190721.000000
2021-07-16,228.619570,230.990801,225.114428,226.079956,216.767554,19304081.000000
2021-07-19,226.206692,227.797019,225.794557,227.340332,217.976014,11131686.000000
2021-07-20,224.901756,228.353385,220.970012,221.988839,212.844953,10709605.000000
2021-07-21,222.301398,225.081334,220.956876,223.775512,214.558032,9438685.000000
2021-07-22,223.558740,224.023613,222.767658,223.098284,213.908699,7359756.000000
2021-07-23,223.410045,224.832264,222.533421,224.227575,214.991473,11742113.000000
2021-07-26,225.913984,232.675631,222.673386,230.016437,220.541888,29713138.000000
2021-07-27,230.552397,230.881483,230.166349,230.475159,220.981715,11683626.000000
2021-07-28,230.026639,231.340867,226.340416,227.791088,218.408203,17003347.000000
2021-07-29,225.696603,228.132476,216.735709,220.764810,211.671342,23241254.000000
2021-07-30,221.569988,222.011972,221.195501,221.635205,212.505885,15360099.000000
2021-08-02,221.875865,223.768959,220.875444,223.208897,214.014755,12925027.000000
2021-08-03,223.874012,224.974657,223.268676,224.328838,215.088566,9720490.000000
2021-08-04,224.117653,225.085404,221.463715,222.610439,213.440949,9236715.000000
2021-08-05,224.812964,235.834453,222.313126,231.591657,222.052224,34590516.000000
2021-08-06,231.801830,232.810175,228.845812,229.327383,219.881217,17315881.000000
2021-08-09,229.075756,229.742892,228.040338,228.576948,219.161693,12227317.000000
2021-08-10,229.945698,238.166294,228.537641,234.611857,224.948020,14697636.000000
2021-08-11,233.142493,234.560846,227.749138,229.860782,220.392645,20888524.000000
2021-08-12,231.080688,231.556394,230.277030,231.280720,221.754094,12772024.000000
2021-08-13,233.891183,240.758356,231.414783,239.168207,229.316690,24446525.000000
2021-08-16,240.128912,241.209837,239.555180,240.423066,230.519861,11005831.000000
2021-08-17,239.714820,243.747340,238.701487,242.393584,232.409211,16994653.000000
2021-08-18,241.943705,245.354023,241.096518,243.935922,233.888019,15220152.000000
2021-08-19,243.737093,244.668876,239.901383,240.860090,230.938883,7812118.000000
2021-08-20,240.179767,241.992812,239.559386,241.594286,231.642837,20204351.000000
2021-08-23,240.282724,243.067545,235.191186,236.995434,227.233415,11230721.000000
2021-08-24,236.084464,237.453492,234.243281,235.002758,225.322819,10555160.000000
2021-08-25,234.043998,234.488612,231.017777,232.145165,222.582932,21352136.000000
2021-08-26,233.563061,239.498441,230.391852,237.398981,227.620339,21744651.000000
2021-08-27,237.696544,239.556528,237.442615,238.583460,228.756029,14590501.000000
2021-08-30,239.289779,243.257680,238.683276,241.566813,231.616496,15544939.000000
2021-08-31,241.087106,241.755823,240.239409,240.586232,230.676306,16354604.000000
2021-09-01,240.595699,243.470649,239.797197,242.285304,232.305391,7808270.000000
2021-09-02,243.535934,248.876497,240.735264,246.915673,236.745032,13652549.000000
2021-09-03,247.641651,253.546048,245.595389,250.922062,240.586395,10905471.000000
2021-09-06,253.281770,261.103663,251.665083,257.460184,246.855207,16090762.000000
2021-09-07,257.368136,258.171345,256.284242,256.673023,246.100470,11212754.000000
2021-09-08,257.507718,257.897292,255.293013,255.950702,245.407902,8291572.000000
2021-09-09,255.228020,256.096497,254.897947,255.699223,245.166781,14316639.000000
2021-09-10,256.967253,261.470770,255.016618,259.529274,248.839069,13830779.000000
2021-09-13,260.274531,260.994999,259.203056,259.654632,248.959264,10986460.000000
2021-09-14,257.806334,258.878784,255.163234,257.050661,246.462552,20672350.000000
2021-09-15,256.314822,256.772546,255.316963,255.844309,245.305891,11517112.000000
2021-09-16,256.934258,257.616064,255.573478,256.312791,245.755076,11036251.000000
2021-09-17,255.073476,256.003948,254.052074,254.736035,244.243268,14416342.000000
2021-09-20,253.705800,254.307353,252.023114,253.312610,242.878474,19789916.000000
2021-09-21,252.998343,253.411964,250.629814,251.399494,241.044161,17399970.000000
2021-09-22,250.000879,251.079409,245.801736,247.130875,236.951369,16306763.000000
2021-09-23,245.486734,246.503218,243.734572,244.929032,235.546863,8064224.000000
2021-09-24,245.094724,246.253363,244.663171,245.984276,236.561685,8848984.000000
2021-09-27,246.617988,248.516066,244.816319,248.084836,238.581782,11202034.000000
2021-09-28,247.288773,248.393354,247.032323,248.151228,238.645630,12684160.000000
2021-09-29,249.394154,253.472640,247.447440,251.229394,241.605885,14767327.000000
2021-09-30,250.322374,251.588171,247.045250,248.555785,239.034690,18320858.000000
2021-10-01,248.407147,249.158065,247.942889,248.534676,239.014390,7659622.000000
2021-10-04,249.410042,254.669772,248.283887,252.160770,242.501584,13256968.000000
2021-10-05,252.164450,253.423968,251.464010,252.922873,243.234495,8931555.000000
2021-10-06,252.828496,254.577613,249.300940,250.338182,240.748812,10100931.000000
2021-10-07,251.434900,253.891839,250.688641,252.992887,243.301826,10944575.000000
2021-10-08,252.177947,253.205475,251.332136,251.912951,242.263258,9294101.000000
2021-10-11,251.051997,251.610231,249.174384,250.280881,240.693705,14174107.000000
2021-10-12,249.834691,251.091819,249.592377,250.470373,240.875939,13384917.000000
2021-10-13,250.199219,250.725300,248.671357,249.626135,240.064040,8037739.000000
2021-10-14,250.593547,252.641426,250.220511,251.991988,242.339267,13640004.000000
2021-10-15,251.990723,253.103883,251.654213,252.603468,242.927325,9325696.000000
2021-10-18,251.270793,252.501878,247.945579,249.002076,239.463886,16566445.000000
2021-10-19,248.786047,249.819761,247.553782,248.126499,238.621849,19376304.000000
2021-10-20,250.316968,254.752630,247.995276,253.711542,243.992952,22882314.000000
2021-10-21,255.180733,258.503333,254.605453,257.518551,247.654132,25695610.000000
2021-10-22,258.411984,259.907772,257.698191,259.144223,249.217531,10327780.000000
2021-10-25,259.607723,260.672611,258.995151,259.980230,250.021515,8763252.000000
2021-10-26,258.913288,259.427952,257.113544,257.642664,247.773491,13548088.000000
2021-10-27,256.731759,258.181433,253.600021,254.278036,244.537747,9131046.000000
2021-10-28,254.806866,258.127053,253.930163,256.517567,246.691491,10951818.000000
2021-10-29,255.872552,256.518867,255.407286,256.092665,246.282865,7703657.000000
2021-11-01,256.534258,257.732723,255.609796,256.932099,247.090144,11750805.000000
2021-11-02,256.320060,258.616497,249.369535,251.980722,242.328433,15846640.000000
2021-11-03,251.286495,252.475157,249.036372,250.372265,240.781589,14556758.000000
2021-11-04,249.640963,249.940146,248.239061,249.030775,239.491486,11187774.000000
2021-11-05,248.801579,249.438268,248.074651,248.968650,239.431741,8131003.000000
2021-11-08,248.026968,250.705804,247.798231,249.871475,240.299982,11119483.000000
2021-11-09,249.569003,250.207253,249.155556,249.549496,239.990337,9786013.000000
2021-11-10,249.830458,251.230661,249.257471,250.338986,240.749585,10915462.000000
2021-11-11,249.595119,250.538053,247.636930,248.154992,238.649250,13238411.000000
2021-11-12,248.649536,249.335488,247.804112,248.205117,238.697455,7474745.000000
2021-11-15,247.495463,249.122214,247.353833,248.469170,238.951394,10979048.000000
2021-11-16,248.729607,251.622082,247.380754,250.391425,240.800015,12759280.000000
2021-11-17,250.497488,251.037212,247.521853,248.736891,239.208859,8549926.000000
2021-11-18,248.596496,249.451965,248.313410,249.100704,239.558736,8750506.000000
2021-11-19,249.414184,249.754190,245.801420,247.289089,237.816516,9798949.000000
2021-11-22,247.939612,249.830098,247.331835,248.294790,238.783693,14238449.000000
2021-11-23,250.251810,254.390663,248.228040,252.692814,243.013248,10628765.000000
2021-11-24,254.027797,254.499135,252.247775,252.874476,243.187951,14973414.000000
2021-11-25,251.748216,252.803564,250.435657,251.345946,241.717972,6913726.000000
2021-11-26,251.824471,254.154605,251.390843,252.803600,243.119790,8907881.000000
2021-11-29,252.152998,258.345986,250.240534,256.546524,246.719339,16305466.000000
2021-11-30,256.068725,257.335564,255.140737,257.093608,247.245467,13585957.000000
2021-12-01,257.449238,260.906666,256.993230,260.166879,250.201014,17089378.000000
2021-12-02,261.077797,265.710519,259.230375,263.803015,253.697865,32402380.000000
2021-12-03,264.081505,265.933442,263.536177,264.732612,254.591853,11722433.000000
2021-12-06,265.319216,272.296780,264.307565,269.649378,259.320279,13875215.000000
2021-12-07,270.237601,271.159732,268.906098,269.744630,259.411883,12792024.000000
2021-12-08,266.945871,272.050232,253.789558,258.407843,248.509359,25873489.000000
2021-12-09,257.277167,257.648692,254.326053,255.952512,246.148081,8664105.000000
2021-12-10,257.682384,262.424897,256.933808,260.052418,250.090937,11264820.000000
2021-12-13,261.444064,263.859006,260.190787,263.206297,253.124005,13672580.000000
2021-12-14,263.627198,263.874047,263.170898,263.353239,253.265318,7176796.000000
2021-12-15,263.577508,263.812314,262.125530,262.781413,252.715396,12485675.000000
2021-12-16,263.569328,268.685190,262.114341,266.143882,255.949064,15912723.000000
2021-12-17,264.827864,266.340605,260.321933,262.025137,251.988090,18371593.000000
2021-12-20,263.400434,265.953588,262.429464,264.547757,254.414079,12962794.000000
2021-12-21,263.550964,265.640470,257.257110,259.833876,250.632664,22095649.000000
2021-12-22,261.287487,268.729035,258.322460,267.412500,257.942916,9930556.000000
2021-12-23,267.807276,269.636694,266.513921,268.259755,258.760168,9674990.000000
2021-12-24,269.083104,269.626178,267.537571,267.967414,258.478179,6430386.000000
2021-12-27,267.121080,267.778877,264.893763,266.230503,256.802775,6875418.000000
2021-12-28,267.493063,268.434937,266.887005,267.521656,258.048206,10512246.000000
2021-12-29,267.026256,269.848463,266.406627,268.559060,259.048874,11295956.000000
2021-12-30,267.207994,268.129039,266.125233,267.196764,257.734819,9471016.000000
2021-12-31,267.213062,267.687978,265.769753,266.391147,256.957731,10927750.000000
2022-01-03,265.591346,266.835246,261.880011,263.274043,253.951009,16894128.000000
2022-01-04,262.830782,265.015122,259.316964,260.121299,250.909910,10486041.000000
2022-01-05,260.455304,260.738760,260.065975,260.201953,250.987708,12338341.000000
2022-01-06,259.193302,259.748833,256.054946,256.996923,247.896174,17564935.000000
2022-01-07,257.141718,258.521731,256.892077,258.037546,248.899947,9662425.000000
2022-01-10,259.346326,261.238873,257.756998,260.666752,251.436047,14649321.000000
2022-01-11,260.024057,260.619376,256.866041,258.359584,249.210580,14473859.000000
2022-01-12,258.756496,266.100242,256.649690,263.224203,253.902934,11515728.000000
2022-01-13,262.751490,264.230094,262.412710,263.411541,254.083637,7369142.000000
2022-01-14,263.403822,264.242004,261.964093,262.856913,253.548650,12130274.000000
2022-01-17,263.507947,268.351186,261.929466,267.317633,257.851407,15306505.000000
2022-01-18,267.614173,271.405547,265.316212,270.754617,261.166682,13220708.000000
2022-01-19,271.316551,273.290158,270.490499,272.390053,262.744204,12230091.000000
2022-01-20,271.692019,273.740467,267.970278,268.714806,259.199104,12270490.000000
2022-01-21,269.677640,270.393383,267.817222,268.608320,259.096389,14243158.000000
2022-01-24,268.620473,269.251357,267.535953,268.075547,258.582483,11126581.000000
2022-01-25,267.905091,269.297937,264.352001,264.940602,255.558552,11361261.000000
2022-01-26,266.068269,274.970454,264.829363,272.166901,262.528954,41847792.000000
2022-01-27,270.771004,271.591345,265.046257,268.102117,258.608112,11412181.000000
2022-01-28,268.248584,270.253441,267.976061,269.403595,259.863502,14465554.000000
2022-01-31,269.423730,270.385427,268.213506,268.805378,259.286469,10862313.000000
2022-02-01,268.522305,268.909946,266.571099,267.877498,258.391446,6452713.000000
2022-02-02,268.224711,269.521806,267.154864,268.803296,259.284460,9438218.000000
2022-02-03,268.744678,270.028443,263.768489,265.957556,256.539494,19787553.000000
2022-02-04,265.947958,266.406941,264.806430,265.523122,256.120444,7992954.000000
2022-02-07,265.587884,266.558671,265.355738,265.935781,256.518490,9751120.000000
2022-02-08,263.900574,265.869393,256.394280,259.986292,250.779683,25998534.000000
2022-02-09,260.106255,260.316898,259.554182,259.989560,250.782835,18406260.000000
2022-02-10,260.027251,267.340484,258.557030,265.552690,256.148964,19681496.000000
2022-02-11,265.217549,266.742742,261.175689,261.981298,252.704043,13356947.000000
2022-02-14,261.990691,263.400841,257.483198,258.790428,249.626167,17146065.000000
2022-02-15,257.691425,259.066936,257.186327,258.675404,249.515216,6336745.000000
2022-02-16,258.476543,259.429722,256.795844,257.558515,248.437878,9192537.000000
2022-02-17,257.886422,258.965904,256.077252,256.870524,247.774251,10647957.000000
2022-02-18,257.016876,257.369094,254.483581,255.758783,246.701879,11961046.000000
2022-02-21,254.441971,255.384387,251.175815,252.436886,243.497616,11342990.000000
2022-02-22,252.590442,254.214442,251.115902,253.718140,244.733498,12095886.000000
2022-02-23,253.004287,253.951401,252.015207,252.936107,243.979159,15556039.000000
2022-02-24,252.300969,253.145209,250.407977,251.448906,242.544622,10663392.000000
2022-02-25,251.387236,253.315711,250.640125,252.551665,243.608330,10238396.000000
2022-02-28,252.411450,253.856733,251.910858,253.122279,244.158738,7512455.000000
2022-03-01,251.739249,253.594624,246.726836,248.296704,239.504046,18736153.000000
2022-03-02,248.205794,248.761346,247.233871,247.617544,238.848937,11098595.000000
2022-03-03,247.987384,248.850160,246.255804,246.814086,238.073930,12580537.000000
2022-03-04,247.085759,252.569778,244.973182,250.331434,241.466723,15945299.000000
2022-03-07,249.929722,250.238676,248.583003,249.272071,240.444873,11615163.000000
2022-03-08,249.625229,251.247514,246.722540,247.189732,238.436274,13656867.000000
2022-03-09,247.652229,248.406209,247.317226,248.022906,239.239944,8473250.000000
2022-03-10,248.763606,251.162090,247.281133,249.666162,240.825009,11358117.000000
2022-03-11,248.381175,249.933485,245.885330,246.432472,237.705830,13037833.000000
2022-03-14,244.842365,247.472219,239.627087,241.770579,233.209023,8766951.000000
2022-03-15,241.842752,245.680463,241.076676,244.323576,235.671614,11388989.000000
2022-03-16,243.894871,244.458167,243.296935,244.308283,235.656862,6779230.000000
2022-03-17,242.966909,243.492617,241.937020,242.503288,233.915786,15874136.000000
2022-03-18,243.511627,244.539924,242.100761,243.505825,235.589590,16424970.000000
2022-03-21,242.807951,244.366927,239.246657,240.177457,232.369425,8970531.000000
2022-03-22,240.961584,241.435273,238.600698,239.523898,231.737113,14035868.000000
2022-03-23,239.076154,240.046071,238.886471,239.511403,231.725025,13361846.000000
2022-03-24,238.211418,239.347743,233.344502,234.452895,226.830965,22242066.000000
2022-03-25,234.059915,235.228002,231.266502,231.866059,224.328226,11981210.000000
2022-03-28,231.494021,232.291750,230.038421,230.694036,223.194305,11907559.000000
2022-03-29,230.931614,232.332771,230.216031,231.741095,224.207324,10512588.000000
2022-03-30,232.698585,236.175556,232.134255,234.542534,226.917690,17829127.000000
2022-03-31,234.601584,235.102233,234.402989,234.590940,226.964523,13290933.000000
2022-04-01,235.333903,239.375305,234.297425,237.906899,230.172682,16338045.000000
2022-04-04,237.381520,237.998918,237.133953,237.363245,229.646702,10512137.000000
2022-04-05,236.906284,238.316507,236.220116,237.918321,230.183732,7943539.000000
2022-04-06,238.280515,239.916331,237.780235,239.242023,231.464401,9947926.000000
2022-04-07,240.193647,244.431944,238.100048,242.345864,234.467338,13927077.000000
2022-04-08,241.944716,243.717693,239.276345,240.029651,232.226425,15004058.000000
2022-04-11,241.672944,247.722429,238.647826,245.287494,237.313337,23854734.000000
2022-04-12,245.033290,245.606026,244.755449,244.961259,236.997708,10481038.000000
2022-04-13,246.093451,249.630161,245.487188,248.299124,240.227062,20722934.000000
2022-04-14,247.966273,248.957459,246.694929,247.392479,239.349891,10758929.000000
2022-04-15,247.621621,251.059475,245.918011,249.852310,241.729754,5518825.000000
2022-04-18,250.192270,256.804953,248.313631,254.619090,246.341569,11590964.000000
2022-04-19,256.593796,266.017792,255.397554,262.354954,253.825945,13271479.000000
2022-04-20,262.010110,262.661255,261.496610,262.173484,253.650374,7409468.000000
2022-04-21,262.226776,266.116196,260.658187,264.599746,255.997760,21403295.000000
2022-04-22,265.959430,268.692972,264.456805,267.143580,258.458895,13803444.000000
2022-04-25,266.461650,268.301344,262.419203,263.038033,254.486817,12304093.000000
2022-04-26,262.761843,263.860518,258.405279,259.804669,251.358568,22789698.000000
2022-04-27,261.178146,264.108212,260.363224,262.416965,253.885940,11569632.000000
2022-04-28,262.679233,264.570612,261.626318,263.798582,255.222641,18362647.000000
2022-04-29,263.348744,264.316372,261.297495,261.934652,253.419306,15031057.000000
2022-05-02,261.212312,261.883147,260.706485,261.294527,252.799991,6094897.000000
2022-05-03,262.618718,269.871894,259.890642,266.704848,258.034426,15240107.000000
2022-05-04,266.631879,268.328174,262.502625,263.679730,255.107653,9993618.000000
2022-05-05,264.826569,265.927851,264.273145,265.519249,256.887370,18435354.000000
2022-05-06,265.859473,267.195980,264.936887,266.708111,258.037583,8943843.000000
2022-05-09,266.931674,267.381794,266.120719,266.575244,257.909036,17069314.000000
2022-05-10,267.185925,267.699628,265.847291,266.098261,257.447559,9672688.000000
2022-05-11,266.506145,269.237773,265.416444,267.781351,259.075932,7871079.000000
2022-05-12,268.882193,269.447901,266.633945,267.180420,258.494537,11872393.000000
2022-05-13,266.615226,269.269333,265.628809,268.667856,259.933618,13461966.000000
2022-05-16,269.886982,274.539200,268.855716,273.254324,264.370982,8799423.000000
2022-05-17,274.537258,277.923148,274.106922,276.161596,267.183740,13680370.000000
2022-05-18,276.492434,277.092805,273.378086,274.369595,265.449996,20887770.000000
2022-05-19,273.912543,274.459999,272.462994,272.980875,264.106422,11979024.000000
2022-05-20,273.149933,274.353929,272.571997,273.435964,264.546718,8776880.000000
2022-05-23,273.136282,273.531209,271.275660,272.419008,263.562822,12576697.000000
2022-05-24,270.083146,271.479241,267.582885,268.755414,260.018330,12040126.000000
2022-05-25,269.455251,272.345136,268.081154,271.400981,262.577890,11511838.000000
2022-05-26,271.466938,272.130565,268.896424,270.027569,261.249127,9165825.000000
2022-05-27,269.229315,270.613570,268.590735,270.302698,261.515311,11962723.000000
2022-05-30,270.263884,270.953370,266.999445,268.840569,260.100716,11132981.000000
2022-05-31,269.363982,270.072528,268.627832,269.409342,260.650998,6526137.000000
2022-06-01,268.193855,269.757095,265.712727,267.030088,258.349093,13208046.000000
2022-06-02,267.435090,270.482281,266.521159,269.028430,260.282469,16518942.000000
2022-06-03,269.472498,272.073317,268.316982,270.715067,261.914275,13102284.000000
2022-06-06,271.750516,273.766068,270.841588,272.686378,263.821499,12843637.000000
2022-06-07,274.708440,275.143648,272.946965,274.619943,265.692205,14587777.000000
2022-06-08,274.157135,275.147038,269.797108,271.554483,262.726402,18576018.000000
2022-06-09,271.843997,272.803664,269.914260,270.869719,262.063899,9457379.000000
2022-06-10,271.798101,274.053865,271.377677,272.740717,263.874073,11341298.000000
2022-06-13,272.297053,272.929601,270.980130,271.812541,262.976070,8705352.000000
2022-06-14,273.635386,277.734045,271.984567,275.409967,266.456547,12761139.000000
2022-06-15,274.838858,275.042543,273.390303,273.860818,265.755025,13260702.000000
2022-06-16,275.011535,276.567205,273.894218,275.573920,267.417421,18182357.000000
2022-06-17,277.163217,279.423207,276.225679,277.877010,269.652344,17097464.000000
2022-06-20,277.522007,281.944075,275.320727,281.430960,273.101104,20668797.000000
2022-06-21,280.455356,281.925383,277.778746,278.963862,270.707027,13544426.000000
2022-06-22,279.049858,280.199244,276.888113,277.901756,269.676358,11013706.000000
2022-06-23,275.518395,278.657169,264.653604,269.019479,261.056981,22991466.000000
2022-06-24,268.553718,269.459204,267.380904,267.857659,259.929548,7222609.000000
2022-06-27,269.291943,269.779882,267.987647,268.329084,260.387020,9459868.000000
2022-06-28,268.046327,268.339386,266.836378,267.466688,259.550149,9596181.000000
2022-06-29,266.637313,269.303597,260.180946,262.395093,254.628665,13703396.000000
2022-06-30,263.315571,265.846946,261.690629,265.097357,257.250946,11767979.000000
2022-07-01,264.716384,265.823573,264.226996,265.387253,257.532262,14872634.000000
2022-07-04,264.496006,266.744377,260.151715,261.281644,253.548171,18389682.000000
2022-07-05,259.449601,262.686581,253.948172,256.206149,248.622903,19558126.000000
2022-07-06,256.039857,258.599096,255.584924,257.756232,250.127106,10096316.000000
2022-07-07,257.027965,258.752955,250.678618,253.413696,245.913101,9941781.000000
2022-07-08,253.525625,255.116886,250.232162,251.627600,244.179870,5834016.000000
2022-07-11,251.816173,252.288205,251.118008,251.904885,244.448948,9753266.000000
2022-07-12,251.007951,251.548900,245.763603,248.218188,240.871371,12491981.000000
2022-07-13,248.097915,251.901542,246.218024,250.990023,243.561164,25482040.000000
2022-07-14,251.140346,253.324542,250.367147,252.755601,245.274484,8503990.000000
2022-07-15,252.076448,252.764717,249.299462,250.109520,242.706723,19809714.000000
2022-07-18,251.239929,251.803018,249.904115,250.135492,242.731926,7577089.000000
2022-07-19,250.164295,254.275925,248.715028,252.712054,245.232226,10792512.000000
2022-07-20,252.706897,253.063583,251.201704,252.075737,244.614743,15212091.000000
2022-07-21,250.774489,252.545064,247.734916,249.048590,241.677194,11784947.000000
2022-07-22,248.369256,250.081172,244.514599,245.044824,237.791933,15531218.000000
2022-07-25,244.623829,246.280543,240.712623,241.844178,234.686020,10300018.000000
2022-07-26,240.756919,241.447969,237.662013,239.170205,232.091192,9363482.000000
2022-07-27,238.921564,240.297995,236.645458,237.696365,230.660975,11946333.000000
2022-07-28,237.800704,238.133932,235.273208,235.682497,228.706714,7802294.000000
2022-07-29,235.013597,235.498369,231.060054,232.165435,225.293751,19945253.000000
2022-08-01,231.499209,232.387832,228.590141,229.138637,222.356540,16528836.000000
2022-08-02,229.041438,229.996146,228.329172,229.407839,222.617774,10016145.000000
2022-08-03,229.192124,230.113887,227.243949,228.562819,221.797766,9276947.000000
2022-08-04,228.053584,229.647241,225.688807,226.288585,219.590845,10825978.000000
2022-08-05,226.311665,227.336826,225.331516,226.722995,220.012398,12587271.000000
2022-08-08,226.508969,226.899278,222.777092,224.193448,217.557721,23649962.000000
2022-08-09,224.751496,226.303146,224.150552,225.046571,218.385592,11542689.000000
2022-08-10,224.447372,225.853072,222.936056,223.299453,216.690186,14641510.000000
2022-08-11,223.746841,224.731876,223.116514,224.393838,217.752179,13866348.000000
2022-08-12,225.535732,229.450113,223.525620,227.576064,220.840217,9702506.000000
2022-08-15,227.005595,227.637702,226.730213,227.033923,220.314122,9630663.000000
2022-08-16,228.354028,229.855851,226.891144,228.848298,222.074795,14493725.000000
2022-08-17,228.564773,228.941729,226.683785,227.347930,220.618835,15542196.000000
2022-08-18,227.034111,229.644779,226.233778,228.678572,221.910093,15402982.000000
2022-08-19,228.014675,229.121153,224.484913,225.870429,219.185066,15205244.000000
2022-08-22,225.192601,226.035888,221.833179,223.425096,216.812110,24551502.000000
2022-08-23,223.959755,226.912495,223.280634,225.639826,218.961288,19189772.000000
2022-08-24,224.691598,225.748922,222.071025,223.412465,216.799853,16964426.000000
2022-08-25,222.660391,223.819743,222.486533,223.392920,216.780886,9780331.000000
2022-08-26,224.739984,228.506391,222.878003,226.564093,219.858198,12050003.000000
2022-08-29,227.133875,228.658502,226.565130,227.569511,220.833858,13920872.000000
2022-08-30,227.329272,228.621158,225.380444,226.041654,219.351222,12674266.000000
2022-08-31,225.614039,227.443235,225.094240,226.707093,219.996966,7840688.000000
2022-09-01,227.583493,228.159316,226.573931,227.282757,220.555591,13655300.000000
2022-09-02,227.305591,227.659966,225.431952,226.203050,219.507841,11007613.000000
2022-09-05,225.336358,226.514389,222.346815,223.357670,216.746680,10842733.000000
2022-09-06,222.525289,224.754776,221.898697,224.156127,217.521504,9418116.000000
2022-09-07,224.043040,225.434433,223.230622,224.921832,218.264545,11407140.000000
2022-09-08,225.158796,226.113143,224.735161,225.860865,219.175785,10592474.000000
2022-09-09,226.120624,227.739391,225.695276,226.834879,220.120970,6765331.000000
2022-09-12,226.111234,227.055726,225.216244,226.031982,220.001843,9802982.000000
2022-09-13,225.837729,226.268368,222.885025,223.864249,217.891941,11436085.000000
2022-09-14,224.524830,227.881949,223.031877,227.208683,221.147151,8674723.000000
2022-09-15,228.289793,228.636400,227.546904,228.116254,222.030510,10547206.000000
2022-09-16,228.334048,231.275832,227.395157,230.560712,224.409754,17589951.000000
2022-09-19,231.079136,231.929200,230.112785,231.166202,224.999091,10625633.000000
2022-09-20,231.710543,233.670265,226.867641,227.843652,221.765180,13832377.000000
2022-09-21,228.157481,229.365694,226.999930,229.113750,223.001394,6018713.000000
2022-09-22,229.054912,231.515935,228.538243,230.638454,224.485422,16039905.000000
2022-09-23,230.673419,231.451016,230.287489,231.077185,224.912448,16271729.000000
2022-09-26,230.430957,231.126287,224.495036,226.166367,220.132642,22868608.000000
2022-09-27,226.925244,229.650457,225.874173,228.594490,222.495987,7473786.000000
2022-09-28,229.626173,230.093158,228.271448,228.698339,222.597066,12285475.000000
2022-09-29,227.921942,231.332398,226.724452,230.084995,223.946728,14166518.000000
2022-09-30,230.543994,231.129513,228.791612,229.284384,223.167477,8509495.000000
2022-10-03,229.086248,230.097694,228.886623,229.448931,223.327633,11403570.000000
2022-10-04,229.482644,234.362092,227.652694,232.488623,226.286231,15013655.000000
2022-10-05,231.432810,234.138961,226.705975,227.900689,221.820696,24841469.000000
2022-10-06,227.805708,228.161100,226.999652,227.535932,221.465670,10399811.000000
2022-10-07,228.036034,231.951015,227.507174,230.388448,224.242086,7075058.000000
2022-10-10,231.013045,232.805318,229.641063,232.263574,226.067186,7935789.000000
2022-10-11,232.453016,233.347795,230.616676,231.192906,225.025082,12162099.000000
2022-10-12,231.564536,233.385137,230.782626,232.252039,226.055960,9426113.000000
2022-10-13,234.924286,248.000931,231.938372,244.795638,238.264917,42285714.000000
2022-10-14,244.470406,245.263228,241.238567,242.171114,235.710410,17628289.000000
2022-10-17,242.265409,242.729007,240.446559,240.940852,234.512969,9469878.000000
2022-10-18,241.410543,244.075258,239.963130,243.364715,236.872168,16724353.000000
2022-10-19,241.523553,245.721288,234.400858,235.483668,229.201374,17643621.000000
2022-10-20,235.228003,236.264581,233.799159,234.609015,228.350056,13819588.000000
2022-10-21,235.561414,237.595172,235.184568,237.100965,230.775524,8735542.000000
2022-10-24,236.433418,238.454341,229.319894,232.153132,225.959691,13560704.000000
2022-10-25,231.144447,231.615530,228.827245,230.074130,223.936153,13820438.000000
2022-10-26,230.212490,231.434510,229.571133,230.972661,224.810713,12378692.000000
2022-10-27,233.231261,238.267252,232.164627,236.972964,230.650939,12941861.000000
2022-10-28,237.238453,237.715173,234.240079,234.653315,228.393174,25663538.000000
2022-10-31,234.932638,238.091771,233.816068,237.551345,231.213888,11524713.000000
2022-11-01,238.110839,241.827491,237.620031,239.993865,233.591247,11165007.000000
2022-11-02,240.173294,241.085007,239.416376,240.123532,233.717454,6232475.000000
2022-11-03,238.816214,241.148817,235.411923,235.972268,229.676939,22336059.000000
2022-11-04,234.150922,236.859047,227.763757,229.372746,223.253480,20644245.000000
2022-11-07,228.776148,229.495522,226.351521,227.678544,221.604477,11526872.000000
2022-11-08,227.404872,229.087101,226.687617,228.805840,222.701698,7464716.000000
2022-11-09,227.357758,228.631049,221.709008,223.072987,217.121788,20295145.000000
2022-11-10,223.926896,228.335508,222.143748,226.984419,220.928870,16794851.000000
2022-11-11,226.027374,227.780511,221.284018,223.445469,217.484334,13456415.000000
2022-11-14,223.542150,223.815756,222.495079,223.144263,217.191163,12958415.000000
2022-11-15,222.282103,224.751508,216.714402,218.757867,212.921789,20160677.000000
2022-11-16,218.307707,218.764612,215.229389,215.809446,210.052026,16423189.000000
2022-11-17,216.234456,217.664144,215.154126,216.603261,210.824663,9799858.000000
2022-11-18,216.102447,217.731444,215.428391,216.870868,211.085131,13030887.000000
2022-11-21,215.799145,217.267249,212.092306,213.818491,208.114186,9040884.000000
2022-11-22,213.440925,214.469038,211.432451,212.569513,206.898529,14061607.000000
2022-11-23,212.283562,214.922983,211.107513,213.738838,208.036658,8329779.000000
2022-11-24,213.530858,214.859619,212.777918,214.549455,208.825650,13292114.000000
2022-11-25,215.702482,221.830855,213.497110,219.712089,213.850553,14800480.000000
2022-11-28,218.672034,219.812957,214.311869,215.601374,209.849505,15885268.000000
2022-11-29,216.496546,221.320249,215.522285,219.587777,213.729558,18581280.000000
2022-11-30,220.087638,222.155894,219.382976,221.124367,215.225154,10261173.000000
2022-12-01,221.463111,221.814505,220.029330,220.783423,214.893306,7959355.000000
2022-12-02,221.337530,222.091341,218.946124,219.589711,213.731440,11749341.000000
2022-12-05,219.715492,220.246359,218.701064,219.129084,213.283102,13541897.000000
2022-12-06,218.932115,221.856246,218.498626,220.699883,214.811994,13324202.000000
2022-12-07,221.376291,223.992583,220.664238,222.799168,216.855274,9101217.000000
2022-12-08,222.016558,223.439960,218.025799,219.515047,214.301673,9845015.000000
2022-12-09,220.495806,222.129781,219.827447,221.506606,216.245934,18415089.000000
2022-12-12,220.101754,222.608516,214.902991,216.738790,211.591351,14629334.000000
2022-12-13,216.800148,217.827243,216.248429,217.192853,212.034630,13293064.000000
2022-12-14,218.022269,219.230851,217.601819,218.495484,213.306324,12864879.000000
2022-12-15,219.281428,220.766845,218.213639,219.701187,214.483393,16052583.000000
2022-12-16,219.565681,220.103569,216.925491,217.517925,212.351982,11158289.000000
2022-12-19,216.879606,218.027398,216.510103,217.611283,212.443122,6959895.000000
2022-12-20,217.673599,218.361507,213.152676,214.588296,209.491930,16970118.000000
2022-12-21,214.887034,216.216017,213.828832,215.735422,210.611812,10410672.000000
2022-12-22,215.358069,216.259509,214.619841,215.123255,210.014184,9923726.000000
2022-12-23,215.289630,215.953996,213.806700,214.561627,209.465895,6222495.000000
2022-12-26,214.169860,214.989507,211.571399,212.209910,207.170029,15076282.000000
2022-12-27,212.919389,214.042455,211.909915,213.133387,208.071575,11215786.000000
2022-12-28,212.444711,212.683287,210.973436,212.051369,207.015253,7454402.000000
2022-12-29,212.300639,212.463540,211.886531,212.322181,207.279634,4501245.000000
2022-12-30,211.925456,214.485281,210.661785,213.966609,208.885007,15367358.000000
2023-01-02,215.807469,221.743901,213.521947,220.600577,215.361422,23087863.000000
2023-01-03,220.559907,222.636417,220.025609,221.951700,216.680457,12117191.000000
2023-01-04,221.322889,221.567208,220.483570,221.157877,215.905487,23615315.000000
2023-01-05,221.351026,222.203142,221.006513,221.459168,216.199622,18395136.000000
2023-01-06,223.115506,229.539186,222.336913,226.845781,221.458306,14767497.000000
2023-01-09,226.319577,227.057795,221.704853,223.715814,218.402673,11666572.000000
2023-01-10,224.676916,227.546120,222.741984,226.913979,221.524884,17228716.000000
2023-01-11,228.673787,235.055827,226.819545,232.493132,226.971535,16667224.000000
2023-01-12,230.960430,231.987904,225.686821,228.007712,222.592641,24151052.000000
2023-01-13,228.276232,229.743748,223.574546,225.101169,219.755127,14206726.000000
2023-01-16,225.098854,225.680925,223.942892,224.624239,219.289524,11488835.000000
2023-01-17,224.171750,225.318467,222.866917,223.141212,217.841718,9460833.000000
2023-01-18,223.450345,224.808092,222.975131,224.135879,218.812763,14460019.000000
2023-01-19,224.166042,225.095032,222.564557,223.186148,217.885587,11176494.000000
2023-01-20,224.012832,228.167975,222.549565,226.421921,221.044512,9808348.000000
2023-01-23,227.012045,231.125817,226.058012,229.436827,223.987815,17131049.000000
2023-01-24,228.791183,229.079927,227.419501,228.224678,222.804455,14380857.000000
2023-01-25,228.320174,228.782223,223.806679,225.637019,220.278251,14617656.000000
2023-01-26,225.329259,225.773045,222.734550,223.644111,218.332674,16836301.000000
2023-01-27,224.239244,225.845192,223.677783,224.857387,219.517135,21077130.000000
2023-01-30,224.928975,228.482679,222.757078,227.729702,222.321234,19539486.000000
2023-01-31,228.250395,229.859015,227.329431,228.947816,223.510418,18664215.000000
2023-02-01,228.878603,230.006378,227.271779,228.338256,222.915336,6933606.000000
2023-02-02,228.432796,232.093393,227.182849,230.790731,225.309565,15915069.000000
2023-02-03,231.849014,236.383058,230.042594,234.289769,228.725503,13721400.000000
2023-02-06,234.159075,235.408835,231.100931,231.824631,226.318911,12291297.000000
2023-02-07,231.568102,232.215294,230.778943,231.236741,225.744983,7471937.000000
2023-02-08,230.399634,231.262186,229.430721,230.082089,224.617753,17777787.000000
2023-02-09,230.004823,230.571649,225.922854,227.626451,222.220435,15828465.000000
2023-02-10,227.989855,233.208701,225.520208,231.390753,225.895337,18412365.000000
2023-02-13,231.486343,232.959660,230.780101,232.155671,226.642088,8066055.000000
2023-02-14,232.107710,232.697398,232.003386,232.212607,226.697672,5237873.000000
2023-02-15,231.949018,233.871732,226.309983,228.190006,222.770606,25260848.000000
2023-02-16,227.512220,229.096484,227.063839,228.452180,223.026554,5847841.000000
2023-02-17,227.577621,228.601756,226.979579,228.038909,222.623097,15304147.000000
2023-02-20,227.761604,231.290822,226.367381,230.061465,224.597618,9310263.000000
2023-02-21,230.734709,235.732254,229.785335,234.241653,228.678529,10948257.000000
2023-02-22,234.607257,237.867548,233.661127,236.218944,230.608860,16476020.000000
2023-02-23,235.464935,236.262752,235.042914,235.856568,230.255091,11551566.000000
2023-02-24,235.661530,235.950336,235.087737,235.263256,229.675870,14589564.000000
2023-02-27,235.931335,237.759205,234.741815,237.016822,231.387789,14312394.000000
2023-02-28,237.312644,238.788280,236.402988,237.997081,232.344768,9688822.000000
2023-03-01,239.191172,241.616072,238.604104,240.206688,234.501898,9938092.000000
2023-03-02,239.813808,240.736304,239.054225,240.385280,234.676249,9296084.000000
2023-03-03,241.349507,243.132499,240.371238,242.714856,236.950498,14584603.000000
2023-03-06,242.892658,243.450449,239.386920,240.616639,234.902112,13756833.000000
2023-03-07,240.306967,241.025713,238.255824,238.725498,233.757157,10011025.000000
2023-03-08,237.755414,239.304469,237.229424,239.066158,234.090727,12217506.000000
2023-03-09,239.066449,242.064611,238.468009,240.231266,235.231587,13088732.000000
2023-03-10,240.730605,241.768046,238.489395,238.987164,234.013377,9534211.000000
2023-03-13,239.204426,239.949330,238.098971,238.320167,233.360261,14388426.000000
2023-03-14,238.979407,240.505528,238.673567,239.647167,234.659644,8451573.000000
2023-03-15,240.129501,241.856027,239.211893,241.117610,236.099485,10355532.000000
2023-03-16,241.797482,242.102337,240.981040,241.356171,236.333080,10182524.000000
2023-03-17,242.447128,244.702233,240.529978,244.154991,239.073652,8636872.000000
2023-03-20,245.082968,251.710077,244.125320,248.735393,243.558727,20856291.000000
2023-03-21,247.627051,248.888297,247.482298,248.746208,243.569316,11145784.000000
2023-03-22,247.960323,249.666527,244.869299,246.187383,241.063745,13471753.000000
2023-03-23,246.793642,250.313195,244.953964,249.459120,244.267391,12173462.000000
2023-03-24,248.786855,249.709765,243.996494,245.662225,240.549517,18090581.000000
2023-03-27,246.187295,246.986726,243.841098,244.176839,239.095045,7938922.000000
2023-03-28,243.905098,244.662978,243.314954,244.264718,239.181095,10602914.000000
2023-03-29,244.725759,244.939808,243.789940,244.521263,239.432300,7264873.000000
2023-03-30,244.286874,244.790555,241.930305,242.891597,237.836551,18195999.000000
2023-03-31,242.486724,244.134950,239.830379,240.207063,235.207888,9155235.000000
2023-04-03,240.528546,241.365557,238.877112,239.440715,234.457489,10039684.000000
2023-04-04,239.425813,240.050402,239.101937,239.328713,234.347818,9025552.000000
2023-04-05,240.236857,241.085326,239.798108,240.077325,235.080849,9323079.000000
2023-04-06,239.364617,240.929883,239.038710,240.260320,235.260036,10242361.000000
2023-04-07,239.981693,241.397829,237.519953,238.864087,233.892861,8778259.000000
2023-04-10,237.986210,239.092590,236.059808,236.946285,232.014973,23648687.000000
2023-04-11,237.129447,237.357075,236.377506,236.573685,231.650127,10836528.000000
2023-04-12,235.827443,236.672347,235.637927,236.197579,231.281849,7759182.000000
2023-04-13,237.407468,241.010078,236.451317,238.920865,233.948458,14801388.000000
2023-04-14,239.681593,243.511509,237.424248,242.409284,237.364276,19189192.000000
2023-04-17,242.308166,244.547779,241.507567,243.468693,238.401637,8322537.000000
2023-04-18,242.638815,244.395262,239.833356,240.944527,235.930003,9207185.000000
2023-04-19,241.819882,244.975711,240.403499,243.435594,238.369227,11754480.000000
2023-04-20,243.334042,244.259918,243.058016,243.591671,238.522055,7500480.000000
2023-04-21,244.098301,244.739487,242.837521,243.234195,238.172019,9746181.000000
2023-04-24,243.203497,244.327602,242.481824,243.783775,238.710161,4513535.000000
2023-04-25,242.615906,244.639562,237.049733,238.330953,233.370823,26956812.000000
2023-04-26,238.280621,239.168375,236.362734,236.916859,231.986159,5807967.000000
2023-04-27,236.466607,236.860130,235.982870,236.694224,231.768158,5595740.000000
2023-04-28,237.613191,243.346774,236.078569,242.352753,237.308921,17012055.000000
2023-05-01,242.380245,242.901880,242.176175,242.631466,237.581834,12537294.000000
2023-05-02,242.772691,243.309156,242.134744,242.368203,237.324050,10526138.000000
2023-05-03,242.072644,243.946225,241.006581,243.057725,237.999222,11040177.000000
2023-05-04,243.347233,244.606018,242.912568,244.144356,239.063238,14524448.000000
2023-05-05,242.607195,244.162574,235.976064,238.957106,233.983944,15611257.000000
2023-05-08,238.687298,243.253065,237.625020,241.416018,236.391681,10524735.000000
2023-05-09,242.207418,243.218091,241.506598,242.726126,237.674524,15793740.000000
2023-05-10,243.277945,244.800238,242.480728,244.319973,239.235200,8225698.000000
2023-05-11,244.999224,247.951505,243.549306,246.465853,241.336420,13807433.000000
2023-05-12,245.701407,247.313005,241.406382,243.208652,238.147007,21494240.000000
2023-05-15,244.416455,248.003189,243.121385,246.406719,241.278517,18927101.000000
2023-05-16,246.815863,248.162916,243.587404,244.766534,239.672467,15216392.000000
2023-05-17,245.283287,245.579574,244.359998,245.031491,239.931910,6517106.000000
2023-05-18,246.877504,253.430896,245.008490,251.361386,246.130067,26710175.000000
2023-05-19,251.705428,252.176192,250.082215,250.855073,245.634292,5570562.000000
2023-05-22,251.178870,252.181955,248.769948,249.925766,244.724325,26590567.000000
2023-05-23,248.632739,250.501355,245.212334,247.151818,242.008109,13293179.000000
2023-05-24,246.259891,247.371457,245.937279,247.150542,242.006859,13104262.000000
2023-05-25,247.703296,247.925499,246.783257,247.436106,242.286480,11025370.000000
2023-05-26,246.961365,250.701726,245.679908,249.357775,244.168155,17400054.000000
2023-05-29,249.552829,250.989329,248.897457,250.031755,244.828109,8856708.000000
2023-05-30,249.172050,250.026443,248.616791,249.340666,244.151402,11957389.000000
2023-05-31,249.398120,250.689593,248.617680,250.172605,244.966028,17483422.000000
2023-06-01,248.626710,249.542759,243.523904,245.172198,240.069688,12574154.000000
2023-06-02,246.393388,251.179005,245.394019,248.869362,244.423177,20578274.000000
2023-06-05,248.520399,249.949288,244.974538,246.059871,241.663879,12950832.000000
2023-06-06,244.594486,245.243858,242.012611,243.009215,238.667724,15621965.000000
2023-06-07,244.206489,245.317894,243.556305,244.610261,240.240167,7047173.000000
2023-06-08,244.583182,245.730013,243.336906,244.107256,239.746148,10649811.000000
2023-06-09,242.318272,244.405697,235.187659,238.479431,234.218867,18524119.000000
2023-06-12,238.673601,241.551770,237.892203,241.013553,236.707716,9162559.000000
2023-06-13,241.668597,244.383709,240.882533,243.328830,238.981629,13829437.000000
2023-06-14,242.554472,243.354083,238.424123,239.664713,235.382973,19696563.000000
2023-06-15,238.600151,239.254896,237.725507,238.995414,234.725633,11149989.000000
2023-06-16,238.898663,239.738998,233.766262,235.887006,231.672757,23103248.000000
2023-06-19,237.471044,241.862072,234.848029,240.870658,236.567374,12184149.000000
2023-06-20,240.064527,240.485132,238.334940,239.196063,234.922696,22421997.000000
2023-06-21,239.420377,240.385246,239.071070,239.717375,235.434695,6813624.000000
2023-06-22,240.897926,242.930607,240.089700,241.852187,237.531368,11151991.000000
2023-06-23,240.962018,242.705210,238.052630,238.652963,234.389299,20349046.000000
2023-06-26,239.612232,243.511521,238.068201,242.217894,237.890541,15450919.000000
2023-06-27,241.627859,242.464894,239.659505,240.739862,236.438915,13849745.000000
2023-06-28,240.762837,243.488075,239.275775,242.660937,238.325669,12821036.000000
2023-06-29,242.842984,246.665722,241.302516,245.174385,240.794213,17425727.000000
2023-06-30,246.217084,249.476441,245.219909,248.057531,243.625850,17257770.000000
2023-07-03,247.649816,248.848199,246.077285,246.474593,242.071191,10665699.000000
2023-07-04,246.789468,247.021831,245.671428,246.161498,241.763690,8377239.000000
2023-07-05,246.258700,247.415347,245.570876,246.791349,242.382289,14280850.000000
2023-07-06,248.172923,251.398768,247.056430,250.589709,246.112789,12482146.000000
2023-07-07,249.409593,250.736022,245.934688,246.903390,242.492328,24582825.000000
2023-07-10,245.734839,247.433810,241.439417,242.937387,238.597180,25205427.000000
2023-07-11,242.370403,245.864310,240.756187,244.851098,240.476701,8362711.000000
2023-07-12,245.072624,246.046378,244.775485,245.339668,240.956543,12707662.000000
2023-07-13,244.627717,245.665350,241.509925,242.713600,238.377391,15757789.000000
2023-07-14,241.618755,243.454883,239.262155,239.887419,235.601701,16701879.000000
2023-07-17,239.241167,239.992368,238.674824,239.700367,235.417990,13775122.000000
2023-07-18,239.909554,241.626761,238.964119,240.784897,236.483145,9669079.000000
2023-07-19,240.241597,244.688101,239.229749,243.932385,239.574402,14365408.000000
2023-07-20,243.739356,246.422208,242.772771,245.456044,241.070839,17513784.000000
2023-07-21,244.675727,247.228775,243.784115,246.651958,242.245388,9981273.000000
2023-07-24,245.948465,246.656042,245.056168,245.887535,241.494622,9746514.000000
2023-07-25,245.041760,246.437030,241.804191,243.410968,239.062300,21175057.000000
2023-07-26,243.103024,245.462051,242.254154,244.363417,239.997733,10969759.000000
2023-07-27,244.869130,248.014604,243.465971,247.409586,242.989480,16333018.000000
2023-07-28,246.589303,248.415886,245.569245,247.529711,243.107459,6715181.000000
2023-07-31,246.344771,247.573074,243.933967,244.931056,240.555230,8503631.000000
2023-08-01,246.335811,249.082444,244.668670,247.815479,243.388122,13611297.000000
2023-08-02,247.664148,248.244396,247.119257,247.845881,243.417981,11022352.000000
2023-08-03,248.193682,249.355739,247.705654,248.480710,244.041469,13488935.000000
2023-08-04,247.729666,249.227384,247.007628,248.447715,244.009063,9462932.000000
2023-08-07,249.281044,252.528655,247.512460,250.822388,246.341311,16639360.000000
2023-08-08,250.375620,251.170020,248.843830,249.791742,245.329078,5755303.000000
2023-08-09,250.213842,254.583203,249.645426,252.752011,248.236460,15452412.000000
2023-08-10,253.527997,255.248735,252.344709,254.377665,249.833071,13098197.000000
2023-08-11,252.159110,254.338406,249.150856,250.095927,245.627829,22399429.000000
2023-08-14,250.133747,251.527243,246.048699,247.426974,243.006558,16956598.000000
2023-08-15,248.309812,251.146037,247.643387,250.481112,246.006132,23262290.000000
2023-08-16,249.677251,250.743310,249.193403,250.074802,245.607081,12271821.000000
2023-08-17,250.860517,252.839807,249.716955,251.846044,247.346678,15683545.000000
2023-08-18,252.176372,253.230778,251.734930,252.408757,247.899339,10473431.000000
2023-08-21,252.268403,253.223342,250.699929,251.709379,247.212455,12969016.000000
2023-08-22,251.990616,252.495713,251.220729,251.641703,247.145988,7987419.000000
2023-08-23,252.041149,252.477677,251.417415,251.736952,247.239535,10018180.000000
2023-08-24,250.788247,252.479546,247.086830,248.656189,244.213812,12183540.000000
2023-08-25,248.627932,249.527847,246.246624,247.082313,242.668054,18785750.000000
2023-08-28,245.930729,247.289995,244.577898,245.727572,241.337517,8078895.000000
2023-08-29,245.523649,248.670283,243.826945,247.356361,242.937206,18208016.000000
2023-08-30,247.158729,247.693092,244.354004,244.794618,241.144664,13110648.000000
2023-08-31,243.954951,246.388179,239.060418,241.324491,237.726278,14425767.000000
2023-09-01,241.245275,241.451313,240.425112,240.957991,237.365243,6651549.000000
2023-09-04,241.028466,244.421327,240.611709,242.693381,239.074757,13099535.000000
2023-09-05,243.524768,245.965352,241.981240,244.843245,241.192566,12956144.000000
2023-09-06,244.448349,245.345489,243.706516,244.100763,240.461155,12473480.000000
2023-09-07,243.359417,245.184620,238.386294,240.518326,236.932133,11728031.000000
2023-09-08,240.152063,241.220237,239.580608,240.756575,237.166829,12583337.000000
2023-09-11,240.407126,240.781417,240.245982,240.557643,236.970864,5868033.000000
2023-09-12,241.088129,241.614404,238.608421,239.605007,236.032431,10726085.000000
2023-09-13,240.880578,246.974807,239.404448,244.730037,241.081046,19604549.000000
2023-09-14,245.452418,245.949358,244.604963,245.282275,241.625050,9559880.000000
2023-09-15,246.879439,252.874376,243.461520,250.449497,246.715228,13531550.000000
2023-09-18,249.392709,250.514709,244.887619,246.451062,242.776410,19734324.000000
2023-09-19,247.267266,250.141129,246.671692,248.618507,244.911539,15896415.000000
2023-09-20,248.388069,250.838982,247.410035,249.809855,246.085122,8246022.000000
2023-09-21,249.095482,249.906331,247.551548,248.188491,244.487934,10312952.000000
2023-09-22,247.249332,249.032417,243.698041,245.450922,241.791183,13565702.000000
2023-09-25,245.039389,247.212328,244.278776,246.788212,243.108533,14099188.000000
2023-09-26,247.350941,250.819629,245.947618,250.157408,246.427493,19517573.000000
2023-09-27,250.080457,250.275861,249.091018,249.920209,246.193831,13313948.000000
2023-09-28,250.412193,250.775614,250.165804,250.467291,246.732756,6586290.000000
2023-09-29,249.895698,252.037603,243.619497,245.612968,241.950813,27127015.000000
2023-10-02,245.642279,247.208642,242.685487,243.406887,239.777625,12173981.000000
2023-10-03,243.420745,244.074568,242.947466,243.523471,239.892470,7850833.000000
2023-10-04,243.356161,245.403798,242.730196,244.803228,241.153146,17315954.000000
2023-10-05,245.382257,246.160133,244.448849,245.734493,242.070526,8023064.000000
2023-10-06,246.142378,246.408310,245.348173,246.176488,242.505930,7552532.000000
2023-10-09,244.417313,246.985078,235.851940,239.063145,235.498649,16520238.000000
2023-10-10,237.631524,238.750607,235.132734,236.469301,232.943480,10399111.000000
2023-10-11,236.568613,237.635097,233.963448,234.864550,231.362656,10140573.000000
2023-10-12,234.341118,235.884321,230.835982,231.496804,228.045124,13360647.000000
2023-10-13,232.625139,235.948416,231.592986,234.672250,231.173223,20692058.000000
2023-10-16,234.587866,235.117394,234.339035,234.926976,231.424151,9577635.000000
2023-10-17,235.045453,238.665353,233.724154,237.699953,234.155782,11684480.000000
2023-10-18,238.355930,240.526750,236.957128,239.982770,236.404562,13923418.000000
2023-10-19,238.916499,239.739946,235.623210,236.985220,233.451707,14381899.000000
2023-10-20,236.618994,237.262323,235.434920,235.957039,232.438856,13836442.000000
2023-10-23,236.805965,242.254566,234.345234,240.678683,237.090099,14939558.000000
2023-10-24,240.240194,241.120000,239.508952,239.842834,236.266713,9308604.000000
2023-10-25,240.211771,241.799150,236.160218,237.478722,233.937850,11567447.000000
2023-10-26,239.088008,247.909699,238.134903,244.508893,240.863199,27062600.000000
2023-10-27,243.724403,245.780349,239.356236,241.309113,237.711129,15595979.000000
2023-10-30,241.408498,242.540440,239.290946,240.012050,236.433406,7678029.000000
2023-10-31,239.415972,241.602869,238.890297,241.010523,237.416991,13551133.000000
2023-11-01,241.727135,245.459566,240.734216,243.536720,239.905522,35959557.000000
2023-11-02,243.886226,244.239403,242.282337,242.515181,238.899214,13234959.000000
2023-11-03,242.534010,243.419740,241.975800,242.377835,238.763916,5486249.000000
2023-11-06,243.076923,244.146692,242.460417,243.214766,239.588368,10982946.000000
2023-11-07,242.402784,243.170636,238.526996,240.330676,236.747281,8172548.000000
2023-11-08,241.008673,241.854774,240.498771,241.217418,237.620802,9168147.000000
2023-11-09,240.757135,241.474218,240.247844,241.202106,237.605718,11882015.000000
2023-11-10,242.338901,246.233202,240.590317,245.635216,241.972729,15165659.000000
2023-11-13,246.817921,251.941679,245.301890,250.759554,247.020661,19101359.000000
2023-11-14,250.954534,252.101405,248.946951,249.676222,245.953482,13376608.000000
2023-11-15,248.621416,250.626797,246.211470,246.842113,243.161630,20062597.000000
2023-11-16,246.770477,248.494120,242.771177,243.932004,240.294912,13905196.000000
2023-11-17,244.790621,245.183242,244.174725,244.810927,241.160730,10371093.000000
2023-11-20,245.032905,246.669179,244.179091,245.641459,241.978879,9816524.000000
2023-11-21,245.271844,246.244554,243.472775,243.940130,240.302917,13828036.000000
2023-11-22,244.036781,244.645864,241.883401,242.847859,239.226932,9181490.000000
2023-11-23,242.040319,243.739829,238.374249,238.883726,235.321906,15643707.000000
2023-11-24,239.393466,240.451414,239.060218,239.601730,236.029204,16265790.000000
2023-11-27,240.288930,240.960614,238.071802,238.543171,235.693508,7097367.000000
2023-11-28,238.314775,240.915622,237.169061,240.497132,237.624128,14180030.000000
2023-11-29,242.517899,247.198123,240.571399,245.543235,242.609949,25950481.000000
2023-11-30,245.808455,246.361372,243.444921,243.799020,240.886571,6970624.000000
2023-12-01,245.374312,249.594235,243.269055,248.456119,245.488036,15999613.000000
2023-12-04,248.512565,248.838775,246.945266,247.535862,244.578772,11899002.000000
2023-12-05,247.110864,251.183638,245.985022,249.882437,246.897314,8014430.000000
2023-12-06,250.237627,250.478579,248.412409,249.076132,246.100641,9530575.000000
2023-12-07,249.021702,250.231739,245.781914,246.859729,243.910717,17396231.000000
2023-12-08,248.540835,252.281915,247.818734,250.856181,247.859426,13874132.000000
2023-12-11,249.942777,251.837950,244.325568,245.073146,242.145476,18353899.000000
2023-12-12,243.487180,245.933091,238.977444,240.557438,237.683713,10387395.000000
2023-12-13,239.210670,240.799892,233.345999,235.083919,232.275581,10457028.000000
2023-12-14,234.902029,235.579947,233.102385,233.423970,230.635462,8714548.000000
2023-12-15,233.215967,233.630185,230.907316,231.961244,229.190210,10577322.000000
2023-12-18,233.173485,236.839745,230.996362,235.930942,233.112486,16664037.000000
2023-12-19,236.356072,237.442287,235.871506,236.791757,233.963017,7791578.000000
2023-12-20,237.463529,241.219121,235.315264,240.115699,237.247251,16476360.000000
2023-12-21,241.097864,243.128318,240.601179,242.229306,239.335608,11444656.000000
2023-12-22,243.542423,248.328403,242.287274,246.070831,243.131242,20970084.000000
2023-12-25,245.333016,246.283920,241.473333,242.833226,239.932314,11004950.000000
2023-12-26,243.043004,244.734841,242.771145,243.772272,240.860142,10822357.000000
2023-12-27,242.366508,242.959953,239.993448,241.430543,238.546388,13217156.000000
2023-12-28,241.066200,241.961883,239.500305,239.936359,237.070054,11113007.000000
2023-12-29,239.842145,240.291982,239.534148,239.889274,237.023531,7420607.000000
2024-01-01,240.995737,243.264620,240.473091,242.031372,239.140039,19664819.000000
2024-01-02,243.259083,248.563848,241.677261,247.241980,244.288400,17593304.000000
2024-01-03,247.426598,249.169533,247.107522,248.224617,245.259299,8150648.000000
2024-01-04,247.835897,249.838917,247.406682,249.381378,246.402241,5972564.000000
2024-01-05,249.707859,251.230920,248.797560,250.852006,247.855301,5518052.000000
2024-01-08,249.929276,251.566635,245.216142,246.411928,243.468264,9665123.000000
2024-01-09,246.567214,248.990006,245.300280,247.947167,244.985164,10744145.000000
2024-01-10,247.344787,249.171118,242.511542,244.127043,241.210675,13070040.000000
2024-01-11,243.655869,244.253951,242.839280,243.339690,240.432728,17930598.000000
2024-01-12,244.338731,247.957818,243.415157,246.859507,243.910497,6480203.000000
2024-01-15,245.071208,246.645101,241.118568,242.325765,239.430915,16007585.000000
2024-01-16,241.770981,243.855221,238.700367,239.157337,236.300338,10052307.000000
2024-01-17,239.490963,242.150216,238.275801,241.290535,238.408053,19354401.000000
2024-01-18,241.576801,241.867299,240.768812,241.128857,238.248305,16100058.000000
2024-01-19,241.647803,242.339209,240.895720,241.375878,238.492376,14405209.000000
2024-01-22,241.901316,243.227774,238.635530,239.517509,236.656207,12221690.000000
2024-01-23,239.208553,239.439687,237.648339,238.541898,235.692251,10880735.000000
2024-01-24,239.656588,240.158973,236.780682,237.758713,234.918421,16319420.000000
2024-01-25,237.737348,238.691503,237.577162,238.245680,235.399571,9653104.000000
2024-01-26,238.648841,239.751204,235.699705,236.296858,233.474030,23622732.000000
2024-01-29,237.192375,238.551190,236.550387,237.970513,235.127692,12939540.000000
2024-01-30,237.693495,239.123170,236.922077,238.397424,235.549502,12186732.000000
2024-01-31,238.750439,239.676880,238.211752,239.085348,236.229209,8294110.000000
2024-02-01,240.289859,247.994081,238.664260,244.941215,242.015121,14313047.000000
2024-02-02,246.061300,247.715962,245.625489,246.588218,243.642449,14391887.000000
2024-02-05,246.126774,247.286066,243.678925,244.866727,241.941522,13703065.000000
2024-02-06,245.090865,246.950071,244.375967,246.219872,243.278503,16179547.000000
2024-02-07,247.171722,252.415616,246.121464,249.973285,246.987077,13899870.000000
2024-02-08,251.237702,255.061052,248.395593,254.416549,251.377262,12210560.000000
2024-02-09,253.854073,255.031506,249.067483,251.311521,248.309326,16131554.000000
2024-02-12,252.306375,256.038764,251.258069,254.879683,251.834863,16215656.000000
2024-02-13,254.911329,255.652738,253.928293,254.591881,251.550499,5937398.000000
2024-02-14,254.142554,255.732475,253.301969,254.940034,251.894493,10504974.000000
2024-02-15,256.495413,257.003428,255.075611,255.490024,252.437913,10588635.000000
2024-02-16,256.832195,258.122541,255.291059,256.772559,253.705126,12721112.000000
2024-02-19,256.988755,262.227252,256.390215,260.072239,256.965388,12079174.000000
2024-02-20,260.345168,260.852817,258.693602,259.241342,256.144417,7778367.000000
2024-02-21,261.295585,269.832283,258.609314,267.606863,264.410003,31211505.000000
2024-02-22,268.713590,272.419673,267.164528,270.174466,267.750183,13074350.000000
2024-02-23,269.156483,271.013751,266.694401,267.283833,264.885488,14372024.000000
2024-02-26,267.285573,271.264610,266.055229,270.459073,268.032236,12717712.000000
2024-02-27,270.091896,270.471765,268.966782,269.683286,267.263410,15596673.000000
2024-02-28,267.939742,269.489732,260.192343,263.706180,261.339937,17471013.000000
2024-02-29,261.389157,262.622727,249.641106,253.280405,251.007713,15739679.000000
2024-03-01,254.180881,257.485519,253.188929,255.778385,253.483279,15159663.000000
2024-03-04,255.824048,257.045895,254.781735,256.571306,254.269085,14794827.000000
2024-03-05,258.166333,262.390874,256.119660,260.918027,258.576802,10743921.000000
2024-03-06,261.846221,265.513442,259.469780,264.774646,262.398816,13722167.000000
2024-03-07,264.240177,268.704081,262.512272,267.382044,264.982818,9588346.000000
2024-03-08,267.405413,267.821400,266.834615,267.067080,264.670680,7815405.000000
2024-03-11,267.395265,269.764231,266.343070,268.239171,265.832254,14494667.000000
2024-03-12,267.606053,268.090221,265.994097,267.062350,264.665992,8242921.000000
2024-03-13,268.187290,271.462462,267.292307,270.420522,267.994032,10462217.000000
2024-03-14,269.959565,271.971870,265.368940,266.683965,264.291003,28205573.000000
2024-03-15,266.757330,269.035825,265.848774,268.296992,265.889556,17446935.000000
2024-03-18,267.258122,268.494953,265.804755,266.482996,264.091837,9802716.000000
2024-03-19,265.857658,267.977184,262.692248,263.265284,260.902997,21430833.000000
2024-03-20,263.152406,263.623470,262.648069,263.358800,260.995674,12038231.000000
2024-03-21,261.665593,263.464606,258.636499,259.818913,257.487551,17044228.000000
2024-03-22,259.619684,261.659570,259.258319,260.655467,258.316598,6813987.000000
2024-03-25,261.099111,263.268805,259.781833,262.689478,260.332358,14581560.000000
2024-03-26,261.836506,263.454303,257.546460,259.379255,257.051838,10852756.000000
2024-03-27,259.054062,260.395396,258.398299,259.683176,257.353032,12622103.000000
2024-03-28,259.448286,260.475018,256.971451,257.830125,255.516608,15026110.000000
2024-03-29,258.040105,259.238682,254.740041,256.126808,253.828575,16852986.000000
2024-04-01,256.843607,259.210793,255.773026,258.402273,256.083622,16352808.000000
2024-04-02,260.176323,267.322234,257.072369,265.837018,263.451655,17676151.000000
2024-04-03,264.477888,266.027595,259.790089,261.509718,259.163184,14406350.000000
2024-04-04,262.052558,265.427032,260.966252,263.704318,261.338092,16635851.000000
2024-04-05,264.640874,266.892140,263.791031,266.220102,263.831302,16016657.000000
2024-04-08,265.718067,267.531902,263.062911,263.750547,261.383906,12337491.000000
2024-04-09,261.851105,264.748004,257.495212,258.173704,255.857104,11635513.000000
2024-04-10,258.402918,259.532495,256.127003,257.191228,254.883444,13356948.000000
2024-04-11,255.949390,257.633281,251.499341,253.099901,250.828829,8915657.000000
2024-04-12,252.985169,253.783638,252.321511,252.659299,250.392180,23827636.000000
2024-04-15,252.454307,252.816937,251.243534,251.621405,249.363599,18739698.000000
2024-04-16,251.549874,251.901752,250.078752,251.024140,248.771693,10003973.000000
2024-04-17,251.807320,259.677748,250.161889,256.967753,254.661974,15707635.000000
2024-04-18,256.337647,258.138211,254.046556,254.927353,252.639883,9981659.000000
2024-04-19,255.296827,260.307285,254.331201,258.359566,256.041299,17317344.000000
2024-04-22,258.819546,262.863256,257.168844,261.031778,258.689532,15085194.000000
2024-04-23,260.505774,262.691305,255.006756,257.125673,254.818478,12267683.000000
2024-04-24,255.867242,257.015954,253.686139,255.337380,253.046231,17465814.000000
2024-04-25,255.053956,258.427050,254.222057,257.143902,254.836543,9111615.000000
2024-04-26,257.577401,258.242765,256.911959,257.461974,255.151761,6693958.000000
2024-04-29,256.489495,257.044135,254.943761,255.641445,253.347567,14054850.000000
2024-04-30,255.420397,256.756200,251.255889,252.878107,250.609025,13816400.000000
2024-05-01,251.053891,252.664996,244.816035,247.852287,245.628302,13988826.000000
2024-05-02,248.193065,249.342670,247.714577,248.770628,246.538402,12811763.000000
2024-05-03,247.498741,248.713610,244.737373,245.924837,243.718147,23379104.000000
2024-05-06,246.251277,248.376705,245.216259,247.431656,245.211445,6900344.000000
2024-05-07,249.232458,249.666104,248.089541,249.317640,247.080506,22042192.000000
2024-05-08,249.584306,251.970923,248.891877,250.585122,248.336615,11969241.000000
2024-05-09,249.697153,250.017075,249.247249,249.813807,247.572221,13156387.000000
2024-05-10,248.866409,249.607212,240.912204,243.875004,241.686707,15345969.000000
2024-05-13,243.556733,243.950307,242.839313,243.684877,241.498286,10804853.000000
2024-05-14,243.960455,244.531862,240.974436,242.305214,240.131003,10405629.000000
2024-05-15,241.649085,242.636656,239.025943,239.918126,237.765334,11512549.000000
2024-05-16,240.061417,243.366881,239.118131,241.888918,239.718442,13298477.000000
2024-05-17,240.844964,243.823625,233.275224,234.997048,232.888413,25670639.000000
2024-05-20,236.671981,238.237034,235.656842,237.349116,235.219376,25728246.000000
2024-05-21,235.697433,238.852091,229.445159,231.117794,229.733168,22261308.000000
2024-05-22,230.398997,234.499441,229.101449,233.078147,231.681776,16910730.000000
2024-05-23,233.064922,234.435289,232.274175,233.624348,232.224704,13162389.000000
2024-05-24,234.243625,237.552905,233.096485,236.323075,234.907263,9924932.000000
2024-05-27,236.381478,238.612331,235.949296,237.660828,236.237002,16080649.000000
2024-05-28,237.878522,239.213786,235.021353,235.770823,234.358320,18635213.000000
2024-05-29,237.607528,245.492871,233.863323,242.969908,241.514275,20758559.000000
2024-05-30,242.553011,244.696228,241.370775,244.165623,242.702827,12440073.000000
2024-05-31,242.856917,243.475313,240.322336,241.169933,239.725084,12921731.000000
2024-06-03,243.178573,245.765144,241.190396,243.821152,242.360420,7811110.000000
2024-06-04,242.598186,244.820379,239.241815,240.123035,238.684458,18701584.000000
2024-06-05,239.519588,240.600885,237.889364,238.840288,237.409396,8983817.000000
2024-06-06,239.006781,239.312252,238.267124,239.054919,237.622741,8467220.000000
2024-06-07,239.701238,240.953951,238.751133,240.051556,238.613407,8928194.000000
2024-06-10,239.486852,239.844520,238.940890,239.563412,238.128188,13240221.000000
2024-06-11,239.780118,242.436688,239.310318,241.710928,240.262837,13478075.000000
2024-06-12,241.987456,242.593781,240.764994,241.056661,239.612491,8670795.000000
2024-06-13,240.951063,241.407021,240.057043,240.700273,239.258238,5478501.000000
2024-06-14,240.895771,241.165097,240.283213,240.568611,239.127364,11960511.000000
2024-06-17,240.389001,241.362016,238.244450,238.768711,237.338247,10506261.000000
2024-06-18,238.494878,239.083630,238.120505,238.469411,237.040740,9777488.000000
2024-06-19,237.491231,237.843615,235.658016,236.782747,235.364181,9209073.000000
2024-06-20,236.326959,236.705943,235.943754,236.344703,234.928761,11950838.000000
2024-06-21,235.688022,236.710397,233.639812,234.306717,232.902985,14664584.000000
2024-06-24,235.118658,235.483269,234.323559,235.085168,233.676772,7644002.000000
2024-06-25,235.142120,235.656014,233.999186,234.738627,233.332308,6817714.000000
2024-06-26,235.571457,237.852423,234.626438,237.142307,235.721588,12761488.000000
2024-06-27,237.066889,242.066176,234.951822,240.076550,238.638251,11762397.000000
2024-06-28,240.227796,242.054494,239.145264,241.750311,240.301985,10611712.000000
2024-07-01,241.288658,241.478793,240.344445,240.975032,239.531350,11980894.000000
2024-07-02,241.971635,242.312717,240.894560,242.031780,240.581768,14521558.000000
2024-07-03,242.700285,243.784787,239.939087,240.933208,239.489777,11737747.000000
2024-07-04,240.787495,241.364777,240.489117,241.030294,239.586281,8262059.000000
2024-07-05,240.705503,241.997606,239.098009,239.636524,238.200861,12895548.000000
2024-07-08,239.446179,239.980833,236.790976,237.338061,235.916169,9214838.000000
2024-07-09,237.146166,238.957367,236.685155,238.108104,236.681599,17085479.000000
2024-07-10,238.892595,239.358663,238.169149,238.467475,237.038816,12884995.000000
2024-07-11,239.535470,243.253282,237.927315,241.441499,239.995023,10700504.000000
2024-07-12,241.001796,242.388059,240.491896,241.809867,240.361184,13208426.000000
2024-07-15,241.641450,242.300318,239.300907,240.274592,238.835107,9971624.000000
2024-07-16,240.083842,241.035817,237.476445,238.726852,237.296639,21010841.000000
2024-07-17,237.842522,239.172430,236.023404,236.845500,235.426559,8240901.000000
2024-07-18,236.456535,236.712382,235.570457,236.264133,234.848675,15144438.000000
2024-07-19,235.825614,237.976253,234.873594,237.241929,235.820613,16834741.000000
2024-07-22,238.135761,241.122331,236.675512,240.360705,238.920704,17126735.000000
2024-07-23,240.377900,240.586642,239.570944,239.967584,238.529938,9687526.000000
2024-07-24,240.407877,242.940335,239.387162,241.410896,239.964604,9962484.000000
2024-07-25,242.587532,244.938676,241.997254,243.711888,242.251810,19393374.000000
2024-07-26,242.665008,243.218246,241.935421,242.352061,240.900130,12399168.000000
2024-07-29,243.190770,244.045810,242.715248,243.144956,241.688274,7263985.000000
2024-07-30,242.793842,243.083948,242.018048,242.287698,240.836153,16639949.000000
2024-07-31,242.776034,243.347389,242.362609,242.759620,241.305247,10976584.000000
2024-08-01,242.772146,245.601105,242.381289,244.096942,242.634557,7320258.000000
2024-08-02,242.559815,243.234955,240.785076,241.771652,240.323198,9972915.000000
2024-08-05,240.383491,241.540981,236.584413,238.657456,237.227659,17135489.000000
2024-08-06,237.302628,237.852836,235.056218,236.499780,235.082909,23296967.000000
2024-08-07,236.289474,236.675066,233.630362,234.402612,232.998306,18223936.000000
2024-08-08,234.631535,237.482304,233.930851,236.736941,235.318650,18060598.000000
2024-08-09,238.668869,242.110559,237.654161,241.245216,239.799916,13426364.000000
2024-08-12,243.085677,249.987730,239.271280,247.829962,246.345213,28980594.000000
2024-08-13,248.099248,249.447567,244.611482,245.947742,244.474269,10310149.000000
2024-08-14,246.231893,248.129198,245.042988,247.530738,246.047781,17801244.000000
2024-08-15,246.897620,247.187393,245.999418,246.282005,244.806529,14458126.000000
2024-08-16,246.988048,250.135234,245.397103,248.284074,247.539222,8512999.000000
2024-08-19,248.828506,249.305594,248.168291,248.714300,247.968157,10763025.000000
2024-08-20,248.278297,249.403380,243.732822,245.222617,244.486949,17400897.000000
2024-08-21,245.420282,247.340795,244.250546,246.472595,245.733177,9051299.000000
2024-08-22,245.837246,248.295041,245.226217,247.360874,246.618791,8290903.000000
2024-08-23,246.878912,247.810745,245.284599,245.941341,245.203517,22541205.000000
2024-08-26,246.438597,246.809807,245.421608,245.626159,244.889280,8412506.000000
2024-08-27,245.362980,245.928516,245.061267,245.421816,244.685551,9848956.000000
2024-08-28,245.539343,247.358562,245.123750,246.770189,246.029878,5680358.000000
2024-08-29,245.405833,246.904816,241.362941,243.196575,242.466985,9865334.000000
2024-08-30,243.912948,245.751179,242.622797,245.161030,244.425547,11213521.000000
2024-09-02,244.633101,246.487441,243.548799,245.693763,244.956682,12914747.000000
2024-09-03,245.190869,246.390486,242.784349,243.820276,243.088815,14926553.000000
2024-09-04,244.388666,247.396080,242.457771,246.807422,246.067000,14929800.000000
2024-09-05,247.516348,248.200617,246.982403,247.351678,246.609623,7121078.000000
2024-09-06,247.134733,247.428563,246.635668,247.238615,246.496899,7470087.000000
2024-09-09,246.457008,247.391058,243.419605,244.332657,243.599659,10646329.000000
2024-09-10,244.436257,245.568925,241.176537,242.407316,241.680094,8716819.000000
2024-09-11,243.854134,251.883695,241.665203,249.069581,248.322372,19333261.000000
2024-09-12,247.914513,249.945956,244.949350,246.597409,245.857617,10416897.000000
2024-09-13,247.043706,248.244229,246.432773,247.542679,246.800051,10542317.000000
2024-09-16,246.798408,248.323756,242.742815,244.221332,243.488668,12824879.000000
2024-09-17,244.693459,250.048328,243.798357,248.534108,247.788506,14166894.000000
2024-09-18,247.015409,248.868796,236.595676,240.527173,239.805591,22939478.000000
2024-09-19,240.663389,244.691456,239.425268,243.458197,242.727823,20114019.000000
2024-09-20,243.360158,244.271394,238.695690,239.769281,239.049973,9872351.000000
2024-09-23,241.014605,246.185809,240.144264,244.847315,244.112773,23347187.000000
2024-09-24,245.428941,249.035740,244.613863,247.503598,246.761087,18488753.000000
2024-09-25,246.282100,247.989763,241.330332,242.961386,242.232502,16780285.000000
2024-09-26,243.907169,248.292402,241.794503,246.966219,246.225320,13829168.000000
2024-09-27,246.127614,248.474183,241.079901,242.131786,241.405391,19104399.000000
2024-09-30,243.142054,247.930685,240.565833,247.152466,246.411009,12210543.000000
2024-10-01,248.661513,253.819374,245.028599,252.973560,252.214639,12223369.000000
2024-10-02,252.891694,254.018257,251.208814,251.856937,251.101366,7784579.000000
2024-10-03,251.595432,252.148217,248.029738,248.758219,248.011944,15137890.000000
2024-10-04,247.622279,249.550583,243.269424,245.236226,244.500517,10200405.000000
2024-10-07,244.058946,245.874404,238.184865,240.554465,239.832802,15785072.000000
2024-10-08,241.286343,241.982536,240.522066,241.669231,240.944223,14545854.000000
2024-10-09,240.474777,242.151093,237.898347,239.180236,238.462695,7376797.000000
2024-10-10,238.742918,239.958817,238.194200,239.413125,238.694886,7935762.000000
2024-10-11,240.158129,243.345194,238.354072,242.372955,241.645836,14506359.000000
2024-10-14,243.096682,245.377760,242.172859,243.990213,243.258243,7149140.000000
2024-10-15,244.655161,252.020201,241.156356,250.445040,249.693705,19643184.000000
2024-10-16,251.617609,255.154628,251.117088,253.500121,252.739621,14915248.000000
2024-10-17,253.350629,254.867213,252.927664,253.978439,253.216504,12670096.000000
2024-10-18,253.086250,254.443192,248.941432,250.357278,249.606206,14713126.000000
2024-10-21,250.785415,251.209122,250.411066,250.875250,250.122625,16615528.000000
2024-10-22,251.834492,258.465475,250.651197,255.877582,255.109950,13448862.000000
2024-10-23,255.374952,255.958678,253.141550,253.580636,252.819895,8940218.000000
2024-10-24,252.601608,254.731827,247.955515,249.710021,248.960891,24369355.000000
2024-10-25,248.418134,249.679789,245.333148,245.895422,245.157736,14824864.000000
2024-10-28,245.168328,245.780425,243.887776,245.097514,244.362221,11112717.000000
2024-10-29,245.758731,246.210523,243.658922,244.184251,243.451698,12076851.000000
2024-10-30,244.447019,246.068987,243.701415,245.193063,244.457484,14193766.000000
2024-10-31,246.331500,247.865811,245.931425,246.649342,245.909394,19373460.000000
2024-11-01,247.202474,248.355798,246.818266,247.616952,246.874101,10738441.000000
2024-11-04,246.150120,247.262018,243.650099,244.716482,243.982332,15863085.000000
2024-11-05,244.385762,244.693791,242.170684,243.480627,242.750185,7872126.000000
2024-11-06,244.504240,248.681805,243.126607,246.943045,246.202216,17604519.000000
2024-11-07,246.774981,249.619225,246.244873,248.833587,248.087086,10217712.000000
2024-11-08,249.272476,252.765982,247.801955,251.607761,250.852938,9225448.000000
2024-11-11,250.532781,251.434121,247.222699,248.581013,247.835270,8676896.000000
2024-11-12,248.923493,253.703557,247.461890,252.207889,251.451266,12180552.000000
2024-11-13,253.925334,256.985800,252.210925,255.472941,255.472941,19620498.000000
2024-11-14,255.539905,255.921344,255.009576,255.317611,255.317611,10880522.000000
2024-11-15,254.689755,255.067118,254.201931,254.751070,254.751070,8986165.000000
2024-11-18,254.831381,258.339639,253.728052,257.267096,257.267096,10514229.000000
2024-11-19,257.477373,258.273930,256.477507,257.411500,257.411500,13228089.000000
2024-11-20,256.870853,258.313007,254.135407,255.401909,255.401909,9039891.000000
2024-11-21,255.752253,257.740461,254.218040,256.867746,256.867746,6814268.000000
2024-11-22,256.658704,258.453475,256.274626,257.862155,257.862155,21957180.000000
2024-11-25,257.940315,258.905494,257.214557,258.144821,258.144821,14641825.000000
2024-11-26,257.319814,257.560218,256.888383,257.157937,257.157937,10361017.000000
2024-11-27,258.657543,262.964309,256.412507,261.044459,261.044459,23527757.000000
2024-11-28,261.623727,261.974177,261.136616,261.616277,261.616277,11841353.000000
2024-11-29,261.508769,262.238960,260.364006,260.775169,260.775169,14607576.000000
2024-12-02,261.443142,264.208922,261.029957,263.138746,263.138746,8693633.000000
2024-12-03,263.964294,266.268512,262.986601,265.774135,265.774135,10077863.000000
2024-12-04,266.298819,266.611534,265.563570,266.225215,266.225215,10487652.000000
2024-12-05,265.941227,266.622800,265.023028,265.616491,265.616491,6675536.000000
2024-12-06,263.907127,264.833949,257.748984,260.668436,260.668436,14678523.000000
2024-12-09,261.104117,263.815107,260.544505,262.762169,262.762169,13281778.000000
2024-12-10,262.611663,272.336413,259.003669,269.031180,269.031180,13031736.000000
2024-12-11,268.035825,270.685052,262.413785,263.514868,263.514868,12400912.000000
2024-12-12,262.447809,263.920489,258.932628,259.661688,259.661688,10355404.000000
2024-12-13,258.649211,259.764376,249.679410,252.473544,252.473544,32015319.000000
2024-12-16,253.946751,255.583860,252.906215,255.140914,255.140914,15376105.000000
2024-12-17,255.309151,259.791938,253.934545,258.593252,258.593252,14326419.000000
2024-12-18,259.026305,259.717067,257.848878,258.691465,258.691465,5932420.000000
2024-12-19,258.383651,259.313932,256.448175,257.101714,257.101714,11615808.000000
2024-12-20,257.513228,259.048584,256.558654,257.976487,257.976487,9109912.000000
2024-12-23,258.318075,259.271282,257.776019,259.046043,259.046043,9511937.000000
2024-12-24,260.313732,263.932558,258.118074,262.292344,262.292344,15792573.000000
2024-12-25,261.832910,263.266081,259.038266,259.819728,259.819728,10389821.000000
2024-12-26,260.353038,260.857631,259.354748,260.251149,260.251149,18099897.000000
2024-12-27,259.976820,260.932573,259.685628,260.458274,260.458274,7453457.000000
2024-12-30,257.794131,259.681168,252.841131,254.761430,254.761430,18642513.000000
2024-12-31,255.188857,258.054710,254.177346,257.302725,257.302725,14713194.000000
