date,open,high,low,close,adj_close,volume
2014-01-01,221.743626,222.663223,220.954910,221.587142,180.884541,56961468.000000
2014-01-02,221.404102,222.608592,217.826530,218.951805,178.733281,62443781.000000
2014-01-03,219.500647,221.306520,218.735782,220.289988,179.825657,52459555.000000
2014-01-06,220.014048,222.094648,219.271893,221.264128,180.620861,47880478.000000
2014-01-07,220.972291,221.592249,219.728246,220.198505,179.750978,61208766.000000
2014-01-08,221.098143,223.457731,220.732114,222.399005,181.547276,73562189.000000
2014-01-09,221.318255,222.482625,218.247122,219.745643,179.381301,34749119.000000
2014-01-10,218.811054,219.321609,216.500536,217.076073,177.202095,41448969.000000
2014-01-13,217.406462,218.193655,216.012045,216.286609,176.557645,50564925.000000
2014-01-14,215.735127,216.238956,215.535211,215.957926,176.289337,42989637.000000
2014-01-15,216.171867,216.866771,214.641153,215.449412,175.874230,56608799.000000
2014-01-16,215.661169,216.834402,215.230180,216.095016,176.401246,55292261.000000
2014-01-17,216.038070,216.418293,214.825449,215.498120,175.913991,66304707.000000
2014-01-20,213.891560,215.116052,213.431224,214.708027,175.269028,37755966.000000
2014-01-21,214.217557,215.093284,213.339738,213.933557,174.636817,60911233.000000
2014-01-22,214.204743,216.016313,213.123155,215.266706,175.725085,37338212.000000
2014-01-23,216.089088,219.510041,214.917358,217.655595,177.675167,62935914.000000
2014-01-24,217.287482,218.221699,216.963418,218.041367,177.990077,39636233.000000
2014-01-27,218.297052,218.629641,217.318370,218.106508,178.043253,23903168.000000
2014-01-28,218.990274,220.695792,218.681096,219.390830,179.091662,69567919.000000
2014-01-29,220.198665,220.992542,219.717330,220.209984,179.760348,57148460.000000
2014-01-30,220.182926,220.594588,218.436638,219.072516,178.831819,36395253.000000
2014-01-31,218.362389,219.318215,217.990974,218.802370,178.611294,38558334.000000
2014-02-03,218.253437,220.091234,217.932567,219.768710,179.400131,59428555.000000
2014-02-04,219.835150,220.727042,218.420175,218.687024,178.517136,49320319.000000
2014-02-05,219.628258,220.206179,218.666379,218.889359,178.682305,41536971.000000
2014-02-06,219.013003,220.923752,218.019009,220.191733,179.745450,65425837.000000
2014-02-07,219.745556,220.345393,219.147188,220.133297,179.697748,51889309.000000
2014-02-10,220.069593,220.887716,219.614692,220.388237,179.905859,49713916.000000
2014-02-11,220.792173,222.477388,220.125799,221.988223,181.211949,31943796.000000
2014-02-12,221.697146,223.901075,220.691456,222.985906,182.026370,52267672.000000
2014-02-13,222.865558,224.074206,221.104578,222.230369,181.409616,40868910.000000
2014-02-14,222.287887,223.613267,219.792946,220.510164,180.005390,53500529.000000
2014-02-17,221.050946,224.136220,220.238106,222.778889,181.857380,86409226.000000
2014-02-18,222.164634,223.481783,220.705784,221.848249,181.097686,53878359.000000
2014-02-19,222.456975,222.804731,221.668443,221.885730,181.128283,48739771.000000
2014-02-20,223.377243,235.519231,220.162949,231.050583,188.609674,168035521.000000
2014-02-21,231.800270,232.352193,230.549326,230.895027,188.482691,50998598.000000
2014-02-24,230.445919,231.109210,228.338951,228.797605,186.770538,48288746.000000
2014-02-25,228.828836,230.067013,228.128926,229.396224,187.259199,51655975.000000
2014-02-26,229.777568,230.046963,229.132743,229.843437,187.624265,107209869.000000
2014-02-27,228.808740,230.222434,228.515289,230.014207,187.763667,69769802.000000
2014-02-28,229.828344,231.434914,229.467580,231.091183,188.642817,43674159.000000
2014-03-03,230.404833,231.827638,229.922969,231.347613,188.852143,52099033.000000
2014-03-04,231.414989,233.188563,230.745297,232.546352,189.830690,42775385.000000
2014-03-05,230.604640,233.553757,224.469007,225.448651,184.036743,75444480.000000
2014-03-06,224.335611,225.103659,216.859102,219.318110,179.032300,91002949.000000
2014-03-07,220.126982,223.508470,219.489308,222.058479,181.269300,80987523.000000
2014-03-10,224.017155,232.869733,222.715886,230.157860,187.880932,126090161.000000
2014-03-11,229.613862,230.674334,228.929645,229.383541,187.248846,38913344.000000
2014-03-12,230.270995,231.721434,229.306854,231.012687,188.578739,58809830.000000
2014-03-13,230.974096,236.633762,229.427786,234.667733,191.562402,77549763.000000
2014-03-14,235.220021,237.704336,234.107299,236.403398,192.979249,59291332.000000
2014-03-17,238.324377,240.958360,236.445645,239.011320,195.108130,54890906.000000
2014-03-18,240.289919,246.862693,237.011489,243.606640,198.859351,98536640.000000
2014-03-19,243.753508,244.423653,243.229245,244.039351,199.212579,54561097.000000
2014-03-20,243.538952,245.712876,239.429597,240.745301,196.523602,42757261.000000
2014-03-21,239.547832,240.901246,234.635923,236.128941,192.755206,118494315.000000
2014-03-24,235.303776,237.869696,234.437129,236.946885,193.422905,51066575.000000
2014-03-25,235.536312,236.203934,231.157839,232.689617,189.947640,61669759.000000
2014-03-26,232.230289,233.941018,227.111808,228.710455,186.699396,47710442.000000
2014-03-27,228.198737,231.620289,227.379483,230.741773,188.357589,41574538.000000
2014-03-28,231.163235,232.819937,230.355119,232.281940,189.614847,49718260.000000
2014-03-31,235.189952,245.120027,229.796451,243.238651,199.456511,217116672.000000
2014-04-01,242.921362,244.992050,237.806704,239.913422,196.729812,84060138.000000
2014-04-02,238.450048,241.166929,231.590703,233.863842,191.769136,77115766.000000
2014-04-03,233.224035,234.219408,230.806279,232.090500,190.314990,77695619.000000
2014-04-04,229.975284,233.769730,223.388147,225.419153,184.844463,87882807.000000
2014-04-07,227.012039,230.996761,225.068907,229.276320,188.007353,84195102.000000
2014-04-08,230.958578,236.101461,229.987135,234.063981,191.933251,189520108.000000
2014-04-09,234.087324,235.505345,230.567595,231.360149,189.716100,65096529.000000
2014-04-10,231.510485,235.760423,230.024977,233.695356,191.630977,79525276.000000
2014-04-11,233.908171,236.408281,232.731870,235.963991,193.491265,47487430.000000
2014-04-14,235.313083,235.692974,234.253065,234.584476,192.360059,38928924.000000
2014-04-15,235.750271,236.642735,234.760634,235.942440,193.473594,49759519.000000
2014-04-16,235.657069,237.149774,234.992998,236.458955,193.897137,55494561.000000
2014-04-17,236.038004,236.607494,233.886069,235.209556,192.872626,67601304.000000
2014-04-18,235.473377,236.260628,234.978352,235.729086,193.298643,45516379.000000
2014-04-21,237.199096,242.705081,234.956999,240.239612,196.997289,57170184.000000
2014-04-22,240.233766,243.780944,238.777075,242.395495,198.765121,63349128.000000
2014-04-23,243.259494,244.383742,242.724497,243.433506,199.616293,62551962.000000
2014-04-24,243.520180,244.620040,241.050191,241.534359,198.058986,85352697.000000
2014-04-25,242.064919,246.357288,241.238137,245.536395,201.340669,80756537.000000
2014-04-28,247.017452,247.730764,245.096501,245.821350,201.574333,42565860.000000
2014-04-29,246.105818,247.419338,244.303951,244.720915,200.671972,45004797.000000
2014-04-30,244.674383,245.526987,243.119956,243.614404,199.764630,45146051.000000
2014-05-01,243.870953,247.255440,243.070660,246.113879,201.814208,55517586.000000
2014-05-02,246.243015,247.115215,243.024596,243.547409,199.709694,49166174.000000
2014-05-05,243.844878,245.506835,242.655737,244.718090,200.669656,82904986.000000
2014-05-06,244.410027,249.210006,242.979237,247.483165,202.937027,48312930.000000
2014-05-07,247.134382,247.553099,245.408992,246.163363,201.854785,47545131.000000
2014-05-08,246.258567,246.512891,245.042755,245.829240,201.580802,25743875.000000
2014-05-09,247.224361,252.775311,246.193461,250.207456,205.170955,119556439.000000
2014-05-12,250.516210,251.625858,249.700336,250.969398,205.795749,63125682.000000
2014-05-13,250.827063,251.520683,250.311559,251.017795,205.835435,40005990.000000
2014-05-14,252.285667,255.756571,251.481711,254.754212,208.899310,80666423.000000
2014-05-15,254.425521,255.854128,252.048464,252.974186,207.439683,59429449.000000
2014-05-16,253.382352,255.152269,252.439693,254.819600,208.952928,54915757.000000
2014-05-19,255.942893,257.181213,254.741196,255.122566,209.201362,31751308.000000
2014-05-20,254.223479,256.499093,253.634859,255.869126,209.813543,41309245.000000
2014-05-21,254.905446,255.274440,252.844579,254.262842,208.496384,20708421.000000
2014-05-22,254.382408,259.093177,253.130889,257.011193,210.750042,41360007.000000
2014-05-23,256.770180,257.279646,255.380045,255.873985,209.817527,38655628.000000
2014-05-26,256.289945,256.722090,255.431609,255.862546,209.808148,52003369.000000
2014-05-27,255.984931,256.607321,255.035758,255.716906,209.688722,39500355.000000
2014-05-28,255.160099,255.529075,254.066381,254.884446,209.006102,46733979.000000
2014-05-29,255.079199,255.927963,253.655406,254.212093,208.454770,52712634.000000
2014-05-30,252.765905,253.942438,251.695086,252.399834,206.968712,48312337.000000
2014-06-02,252.521131,253.637430,251.611691,252.703061,207.217359,51622603.000000
2014-06-03,252.596570,253.789994,250.387590,251.641344,206.346748,41678058.000000
2014-06-04,250.747161,252.059860,248.843937,249.980650,204.984973,43931806.000000
2014-06-05,250.103344,254.415296,249.414792,252.828461,207.320188,39668451.000000
2014-06-06,252.177025,253.413854,249.944636,250.605866,205.497652,48184444.000000
2014-06-09,250.137973,250.833103,247.710360,248.756833,203.981439,71814896.000000
2014-06-10,246.933061,248.256636,241.213675,242.222890,198.623584,89978669.000000
2014-06-11,241.170950,242.501274,236.200243,238.537420,195.601486,50164169.000000
2014-06-12,239.365505,239.544198,238.335430,238.723369,195.753965,33590820.000000
2014-06-13,238.987666,239.964916,236.781398,237.806595,195.002207,47880319.000000
2014-06-16,236.745020,237.402310,235.201263,235.744193,193.311030,52703754.000000
2014-06-17,235.349529,236.740781,232.204969,233.530553,191.495838,68749676.000000
2014-06-18,234.294864,237.221525,233.024544,236.463231,193.900644,67979567.000000
2014-06-19,236.368710,236.685094,234.196167,235.371698,193.005583,34781445.000000
2014-06-20,234.516006,235.195195,231.322322,232.602086,190.734492,82371872.000000
2014-06-23,232.293062,233.124691,231.936511,232.977975,191.042723,67249658.000000
2014-06-24,233.454515,236.607235,232.300835,236.070587,193.578675,84937565.000000
2014-06-25,236.083095,236.657676,235.697093,236.142027,193.637256,32813462.000000
2014-06-26,235.800127,236.599548,234.010627,234.264318,192.965875,53323460.000000
2014-06-27,234.561990,234.800497,232.857622,233.599484,192.418244,44018519.000000
2014-06-30,232.900085,233.375156,232.367057,233.194096,192.084322,68490737.000000
2014-07-01,233.637533,236.937665,232.393376,236.234948,194.589102,68593814.000000
2014-07-02,236.109921,237.090431,235.437279,236.504184,194.810874,33789454.000000
2014-07-03,237.264010,238.040667,235.715231,236.309290,194.650338,52150436.000000
2014-07-04,237.840490,240.334464,237.263222,239.675630,197.423227,64634565.000000
2014-07-07,239.532152,240.569007,237.136708,237.511762,195.640827,65943472.000000
2014-07-08,237.389661,237.591296,236.526567,236.938614,195.168719,32028583.000000
2014-07-09,237.325022,237.923420,236.628582,236.902657,195.139101,43152205.000000
2014-07-10,237.434403,238.210766,234.068354,235.288133,193.809201,46021280.000000
2014-07-11,235.238124,235.890688,234.663523,235.012808,193.582413,55134857.000000
2014-07-14,235.532916,236.235195,234.855898,235.732884,194.175547,44792020.000000
2014-07-15,235.703998,240.189065,234.380918,238.270156,196.265524,78448878.000000
2014-07-16,238.450469,240.444059,237.691782,239.573528,197.339124,57719090.000000
2014-07-17,239.873475,242.528180,239.420567,241.198819,198.677892,51772086.000000
2014-07-18,241.418015,242.110818,239.689836,240.421081,198.037262,35147763.000000
2014-07-21,240.689907,242.183888,239.617244,241.865474,199.227023,29843852.000000
2014-07-22,242.718954,247.702955,241.595787,245.910222,202.558722,60072366.000000
2014-07-23,244.616987,246.418814,240.273521,242.496395,199.746719,36434492.000000
2014-07-24,242.072670,243.080041,241.683359,242.555246,199.795195,55281206.000000
2014-07-25,241.836905,243.431335,239.978332,240.534003,198.130277,74220742.000000
2014-07-28,241.101744,245.522778,240.437163,243.423716,200.510563,51231486.000000
2014-07-29,243.585473,246.075029,243.004160,245.276506,202.036724,63190068.000000
2014-07-30,244.957982,245.226395,243.332837,244.413567,201.325912,51274849.000000
2014-07-31,244.596747,245.138546,243.488315,244.082387,201.053117,63366046.000000
2014-08-01,242.461400,243.796154,237.618557,238.515982,196.468013,89602052.000000
2014-08-04,239.515338,244.418058,236.915600,241.928787,199.279175,86829034.000000
2014-08-05,243.484592,247.108831,241.631943,245.756220,202.431870,70263940.000000
2014-08-06,245.155539,245.949005,241.243142,243.313966,200.420161,45880761.000000
2014-08-07,243.593459,245.173261,243.038959,244.562376,201.448488,45394351.000000
2014-08-08,244.055363,245.362903,241.357651,242.118004,199.435035,56265220.000000
2014-08-11,242.308820,242.607773,241.866492,242.332845,199.612001,33602638.000000
2014-08-12,241.688915,242.671335,240.309480,241.149386,198.637174,56689773.000000
2014-08-13,241.369532,243.497215,240.710496,242.772981,199.974545,41376360.000000
2014-08-14,243.467762,246.053171,242.361371,244.755870,201.607871,60162972.000000
2014-08-15,246.010888,247.538432,244.581982,246.873224,203.351957,54704338.000000
2014-08-18,246.941869,247.309849,245.826069,246.106011,202.719996,35642516.000000
2014-08-19,247.345754,250.231495,245.463474,249.730324,205.705379,80279574.000000
2014-08-20,249.773197,252.709140,248.790505,251.514456,207.174987,54502131.000000
2014-08-21,251.515901,252.024294,250.986508,251.463104,207.132687,49111029.000000
2014-08-22,250.614614,253.358839,249.793188,252.716435,208.165069,56972315.000000
2014-08-25,253.756897,254.152534,252.549488,253.017824,208.413326,37246611.000000
2014-08-26,251.587495,253.359682,250.711617,252.042562,207.609993,46903191.000000
2014-08-27,252.137340,252.775131,251.279368,252.338213,207.853523,33588973.000000
2014-08-28,253.291373,255.284373,251.666520,254.615621,209.729447,81357272.000000
2014-08-29,254.614300,255.150942,253.867966,254.980192,210.029748,43848491.000000
2014-09-01,255.609225,256.317181,254.193857,254.714209,209.810655,45034968.000000
2014-09-02,255.015732,255.768200,254.281438,255.217085,210.224879,44594841.000000
2014-09-03,254.750356,256.338458,254.016608,255.769531,210.679934,40448924.000000
2014-09-04,255.627977,257.876962,254.616917,256.808445,211.535698,44693467.000000
2014-09-05,256.669020,257.640055,253.159735,254.607051,209.722388,77988759.000000
2014-09-08,255.154146,257.526423,253.647660,256.516746,211.295423,34936059.000000
2014-09-09,257.355139,258.910285,256.236738,258.178075,212.663876,43677584.000000
2014-09-10,258.327483,260.439025,257.877475,259.408135,213.677090,32132593.000000
2014-09-11,259.303968,259.800580,257.648860,258.392391,212.840410,56742680.000000
2014-09-12,256.887401,258.180038,255.940104,257.696499,212.267198,57827277.000000
2014-09-15,257.547531,259.663047,256.731411,258.691765,213.087008,54093020.000000
2014-09-16,259.326152,260.118529,258.073907,258.433848,212.874559,37334192.000000
2014-09-17,257.683363,258.965656,256.041308,256.581886,211.349079,48920239.000000
2014-09-18,256.391013,256.651900,255.731567,256.294886,211.112675,35728435.000000
2014-09-19,256.826557,257.302309,256.318517,256.795689,211.525191,51557869.000000
2014-09-22,257.402650,257.725563,256.986877,257.439968,212.055890,35271425.000000
2014-09-23,257.601625,258.081009,255.740012,256.426289,212.175704,46900317.000000
2014-09-24,256.396931,256.927495,255.229697,255.726246,211.596464,48477682.000000
2014-09-25,255.696738,256.833787,253.853196,254.247057,210.372534,47127533.000000
2014-09-26,254.156116,254.411181,253.119139,253.909406,210.093150,24170908.000000
2014-09-29,254.286216,255.317784,253.741799,254.493924,210.576800,47236024.000000
2014-09-30,254.578143,256.428163,253.945563,255.484797,211.396682,53503183.000000
2014-10-01,255.847660,256.161538,254.130801,255.020385,211.012411,49031158.000000
2014-10-02,254.522303,255.328206,253.879621,255.035334,211.024781,33174690.000000
2014-10-03,255.178822,256.270406,254.081790,255.656743,211.538955,25562979.000000
2014-10-06,254.867496,255.941907,254.219309,255.224442,211.181255,52680287.000000
2014-10-07,254.896276,256.308757,254.248764,255.671320,211.551017,30734537.000000
2014-10-08,254.826027,256.933093,254.578994,256.165581,211.959985,47834449.000000
2014-10-09,256.558528,258.106681,255.366229,257.386089,212.969874,40571491.000000
2014-10-10,257.736003,258.696757,255.319556,256.415210,212.166536,43153084.000000
2014-10-13,256.671812,258.168337,256.377495,257.195190,212.811918,54793692.000000
2014-10-14,256.373102,258.580977,255.759444,258.040656,213.511484,56603846.000000
2014-10-15,259.113674,259.476013,257.369664,258.086401,213.549336,47282845.000000
2014-10-16,259.514423,262.155972,258.417901,260.938097,215.908925,53272061.000000
2014-10-17,260.306745,260.956417,259.576722,260.130613,215.240786,35191484.000000
2014-10-20,261.298357,262.042480,260.955476,261.389876,216.282741,44764522.000000
2014-10-21,261.320697,262.366034,260.305340,260.923676,215.896992,48619614.000000
2014-10-22,261.729700,262.266425,260.496230,260.987990,215.950208,60307741.000000
2014-10-23,260.892254,261.102478,260.671518,260.801757,215.796112,69798136.000000
2014-10-24,261.057493,261.526755,260.852652,261.207432,216.131781,60541369.000000
2014-10-27,261.648500,262.928286,260.776319,262.075132,216.849745,21978405.000000
2014-10-28,263.012261,264.186532,262.671661,263.620166,218.128158,48153097.000000
2014-10-29,264.114769,266.944013,261.979347,266.229898,220.287538,64664134.000000
2014-10-30,266.630137,267.445887,265.734304,266.799749,220.759052,78290104.000000
2014-10-31,267.293280,267.523183,266.104364,266.557811,220.558864,27751731.000000
2014-11-03,265.577105,266.917403,265.381633,266.305449,220.350051,60790087.000000
2014-11-04,265.093189,266.848765,264.714513,266.333072,220.372908,54555584.000000
2014-11-05,266.394285,267.502363,265.752787,266.952064,220.885082,79815820.000000
2014-11-06,266.855550,268.362897,266.072147,267.742558,221.539164,44394836.000000
2014-11-07,267.625486,268.499692,266.889052,267.565603,221.392745,44839191.000000
2014-11-10,267.285116,268.619268,266.450045,268.020675,221.769287,54943950.000000
2014-11-11,267.930746,269.406208,267.284380,268.830753,222.439573,36696780.000000
2014-11-12,268.349737,268.982006,266.376445,267.386860,221.244847,44031304.000000
2014-11-13,266.191857,267.270623,265.338939,266.259447,220.311988,24891451.000000
2014-11-14,266.247379,266.391918,265.577219,266.125502,220.201157,50415956.000000
2014-11-17,267.023271,267.906218,264.957412,265.494925,219.679397,33581292.000000
2014-11-18,264.779313,265.158990,263.194401,264.055045,218.487992,48721300.000000
2014-11-19,263.515798,264.227459,263.006220,263.428446,217.969523,47573289.000000
2014-11-20,262.329785,264.324278,261.884294,263.694200,218.189416,39384598.000000
2014-11-21,264.153499,264.645036,263.009181,263.578814,218.093942,72778937.000000
2014-11-24,264.061955,265.065946,262.791670,263.523676,218.048320,38552146.000000
2014-11-25,263.793885,264.280536,263.411372,263.999519,218.442047,53175395.000000
2014-11-26,264.080890,265.182322,263.343152,264.728283,219.045051,44233968.000000
2014-11-27,264.879439,265.179774,264.259093,264.659475,218.988118,59362889.000000
2014-11-28,265.260271,265.810448,264.732633,265.166692,219.407806,59732972.000000
2014-12-01,265.366236,266.126762,264.276597,265.004574,219.273664,37060189.000000
2014-12-02,265.461706,265.795533,263.620177,264.699454,219.021197,41226158.000000
2014-12-03,265.763563,268.032982,265.344749,267.474065,221.317003,51905818.000000
2014-12-04,267.724032,268.502863,266.988788,267.468504,221.312402,22374552.000000
2014-12-05,267.460892,268.210364,266.814763,267.006806,220.930377,30756313.000000
2014-12-08,266.363403,267.340281,265.126915,265.979994,220.080759,42955972.000000
2014-12-09,264.443505,265.996717,263.674333,264.448875,218.813860,48135145.000000
2014-12-10,264.548114,266.952698,263.288223,266.433990,220.456410,85953648.000000
2014-12-11,266.761881,267.560135,265.283704,265.717976,219.863956,38688364.000000
2014-12-12,266.322127,266.531128,264.860736,265.650478,219.808106,47545379.000000
2014-12-15,266.105206,266.640724,265.483186,265.744561,219.885954,51216036.000000
2014-12-16,267.108489,268.838540,266.520996,267.436094,221.285585,35655274.000000
2014-12-17,266.997912,267.643123,265.524477,266.039687,220.130151,49074095.000000
2014-12-18,265.361511,266.327460,263.116732,264.200476,218.608326,37937572.000000
2014-12-19,264.522445,266.575011,263.056590,265.260415,220.477504,62128045.000000
2014-12-22,266.149341,267.207636,265.660894,266.141244,221.209626,35140438.000000
2014-12-23,266.223533,268.225325,264.827786,267.192859,222.083701,61962039.000000
2014-12-24,267.144877,269.446156,266.431631,268.166884,222.893284,61251145.000000
2014-12-25,269.247517,272.464154,268.454997,270.634285,224.944124,53331237.000000
2014-12-26,271.408910,275.295863,269.229866,273.176416,227.057077,39039257.000000
2014-12-29,272.431367,273.199655,272.044102,272.334281,226.357116,35116597.000000
2014-12-30,272.313963,273.004940,272.124177,272.454480,226.457022,28046329.000000
2014-12-31,272.208603,272.567306,271.712110,272.059979,226.129123,41167082.000000
2015-01-01,272.257880,276.026203,270.811595,274.465076,228.128177,39350186.000000
2015-01-02,274.585290,277.692995,273.033822,276.621431,229.920483,57850753.000000
2015-01-05,276.217339,276.754694,273.164284,274.600243,228.240524,35952693.000000
2015-01-06,274.366784,275.471273,270.727167,272.073284,226.140182,86133881.000000
2015-01-07,272.288491,273.234335,270.521144,271.479848,225.646934,27194684.000000
2015-01-08,270.739801,272.305910,269.573851,270.198026,224.581517,46836178.000000
2015-01-09,270.232526,270.476870,269.537648,270.101540,224.501321,48557898.000000
2015-01-12,270.852719,272.994284,269.769827,271.536353,225.693899,23659294.000000
2015-01-13,270.794379,271.739095,270.259726,270.550319,224.874334,50280206.000000
2015-01-14,270.335841,274.657129,269.732154,273.172960,227.054204,83222561.000000
2015-01-15,272.347909,273.098819,269.636760,270.768186,225.055419,37702677.000000
2015-01-16,271.941346,272.346126,270.549346,271.956264,226.042918,57488850.000000
2015-01-19,272.146429,273.072759,270.653443,271.279312,225.480253,68757468.000000
2015-01-20,272.150535,274.279241,271.526567,273.067945,226.966918,60828659.000000
2015-01-21,273.478152,275.094102,272.116651,274.366102,228.045912,49560972.000000
2015-01-22,273.633743,276.236397,265.203038,268.453119,223.131196,105138203.000000
2015-01-23,268.991054,271.184176,267.945913,270.751110,225.041226,38619225.000000
2015-01-26,271.169864,271.685708,270.193647,270.731545,225.024964,41348777.000000
2015-01-27,270.572644,271.616273,269.163578,269.699689,224.167312,41429614.000000
2015-01-28,269.532839,270.116899,269.288737,269.521119,224.018890,47585468.000000
2015-01-29,269.230709,269.587948,267.166118,268.147348,222.877047,46716550.000000
2015-01-30,266.998488,268.209078,264.458728,265.155234,220.390081,81821932.000000
2015-02-02,265.155519,267.012900,264.023982,266.355832,221.387986,60545184.000000
2015-02-03,266.676930,269.963924,266.166781,268.291454,222.996824,59029952.000000
2015-02-04,268.303432,269.420498,266.346649,267.582338,222.407426,64941611.000000
2015-02-05,266.268987,266.819370,265.727799,266.215461,221.271313,35650249.000000
2015-02-06,266.391950,271.541992,265.060143,269.756301,224.214367,120723734.000000
2015-02-09,270.684687,271.680692,270.252581,270.723341,225.018145,63868235.000000
2015-02-10,271.687064,273.037749,271.092052,271.988961,226.070095,29539062.000000
2015-02-11,271.897346,273.676021,271.316323,272.995703,226.906872,25621180.000000
2015-02-12,273.443307,276.943474,272.012346,275.433163,228.932826,63353271.000000
2015-02-13,274.014686,275.925027,272.118775,272.938259,226.859127,31807040.000000
2015-02-16,273.846466,276.591648,272.224591,274.928465,228.513334,54285159.000000
2015-02-17,276.104319,281.616063,274.146997,279.639242,232.428808,65918215.000000
2015-02-18,279.504528,280.238745,276.210569,277.126181,230.340018,48110935.000000
2015-02-19,276.235775,279.350711,275.777754,278.138242,231.181216,55566218.000000
2015-02-20,277.638017,278.143583,277.461853,277.678276,230.798905,72221882.000000
2015-02-23,276.670214,277.413357,275.861059,276.701257,229.986832,29793480.000000
2015-02-24,276.719943,279.293457,275.616160,278.028934,231.090362,51737175.000000
2015-02-25,278.576517,279.542813,277.938056,278.471866,231.458516,41457570.000000
2015-02-26,278.006064,281.797794,277.470454,280.990459,233.551904,83354851.000000
2015-02-27,279.135499,280.917974,274.293160,276.248239,229.610295,65302385.000000
2015-03-02,275.561047,276.909226,275.330898,276.300877,229.654047,53753702.000000
2015-03-03,276.814775,281.704622,274.992796,280.133163,232.839342,73552667.000000
2015-03-04,279.830527,281.029706,278.054378,278.449091,231.439585,51403131.000000
2015-03-05,278.451234,279.906601,277.370023,279.022154,231.915901,44902839.000000
2015-03-06,277.204615,278.523220,275.931486,276.774956,230.048088,49109816.000000
2015-03-09,277.199141,277.544916,276.416601,276.939996,230.185265,36598529.000000
2015-03-10,277.156414,277.364630,276.548912,277.195142,230.397337,28997997.000000
2015-03-11,277.986474,278.251112,277.250201,277.760421,230.867181,62298856.000000
2015-03-12,277.940414,278.598302,276.149709,277.328358,230.508062,51555778.000000
2015-03-13,277.285945,277.813276,276.000711,276.589189,229.893684,40621044.000000
2015-03-16,277.344604,277.938906,275.709112,276.426680,229.758611,38865203.000000
2015-03-17,277.661678,280.270688,275.913377,279.218041,232.078717,46040775.000000
2015-03-18,279.279247,280.183095,275.992041,276.884688,231.179603,26061301.000000
2015-03-19,277.203577,278.882326,276.110294,278.531904,232.554915,47328400.000000
2015-03-20,278.653404,279.251147,274.338917,275.611411,230.116505,59558208.000000
2015-03-23,275.264376,276.462846,267.509381,270.368092,225.738695,52490653.000000
2015-03-24,269.568041,270.296021,266.714217,268.058175,223.810074,48122197.000000
2015-03-25,267.904812,270.045801,267.503544,269.176165,224.743518,55062023.000000
2015-03-26,268.174771,272.266458,266.758177,270.538793,225.881219,48452521.000000
2015-03-27,272.075943,273.800477,271.392911,273.106421,228.025011,62462362.000000
2015-03-30,273.005993,273.869207,272.320312,273.404901,228.274222,43671326.000000
2015-03-31,273.878851,276.215947,272.606193,275.793754,230.268749,59584016.000000
2015-04-01,276.847611,284.696136,273.593824,282.718041,236.050051,47628732.000000
2015-04-02,283.753777,285.838151,282.440815,284.595765,237.617821,34444963.000000
2015-04-03,284.888086,287.121769,283.970229,285.554122,238.417982,48449470.000000
2015-04-06,285.616342,288.179291,284.654083,287.131740,239.735184,61891855.000000
2015-04-07,286.471189,287.410603,284.980673,286.247677,238.997052,34324812.000000
2015-04-08,287.761588,296.449161,285.003459,292.921990,244.569643,98037658.000000
2015-04-09,292.335004,293.300296,291.500446,293.083839,244.704776,53175506.000000
2015-04-10,292.096324,293.042011,287.835936,289.761981,241.931254,69931794.000000
2015-04-13,289.507825,290.716106,289.001719,289.372354,241.605943,36959115.000000
2015-04-14,288.465345,289.273554,282.350578,284.449628,237.495806,52784529.000000
2015-04-15,284.018966,285.894210,281.207748,281.646703,235.155557,50175700.000000
2015-04-16,281.008750,282.832473,277.971610,278.895522,232.858511,53823076.000000
2015-04-17,279.058720,280.112592,277.885428,278.597440,232.609633,40756327.000000
2015-04-20,279.084511,279.561066,277.686481,278.086293,232.182860,34146310.000000
2015-04-21,278.664602,279.233528,278.388272,278.592828,232.605782,40245614.000000
2015-04-22,280.033783,282.107906,278.540027,281.112807,234.709791,27651600.000000
2015-04-23,279.413440,281.651472,275.533287,276.609136,230.949536,94661553.000000
2015-04-24,276.168751,277.106951,275.057691,275.729047,230.214723,54428299.000000
2015-04-27,274.058440,275.858316,273.454404,274.746996,229.394778,30982178.000000
2015-04-28,275.410109,276.242994,274.612691,275.585819,230.095137,67553047.000000
2015-04-29,273.721149,275.273053,272.906294,274.727857,229.378798,43214226.000000
2015-04-30,273.780202,274.849591,273.492493,274.042101,228.806239,97544095.000000
2015-05-01,274.361307,275.141561,272.537583,273.268742,228.160538,55058160.000000
2015-05-04,274.486201,278.716089,273.748323,276.503232,230.861113,45920023.000000
2015-05-05,275.939692,276.666350,273.954468,275.071121,229.665400,53811812.000000
2015-05-06,277.756909,284.322497,274.667988,283.017702,236.300246,74954339.000000
2015-05-07,282.780232,283.301865,281.190328,281.949186,235.408110,32678204.000000
2015-05-08,282.613265,284.014699,281.564677,283.094275,236.364180,50020660.000000
2015-05-11,283.066770,284.009578,282.675931,283.715154,236.882571,40932902.000000
2015-05-12,284.415459,285.500689,283.101363,284.675408,237.684317,71441990.000000
2015-05-13,284.401585,285.379295,283.196081,284.272825,237.348188,43247713.000000
2015-05-14,283.847454,284.946224,283.321139,284.176761,237.267981,26523730.000000
2015-05-15,282.988267,284.257063,280.664001,281.181687,234.767300,38922193.000000
2015-05-18,280.931987,281.585984,280.153299,281.254289,234.827919,33026762.000000
2015-05-19,282.963863,286.768815,281.042059,285.561368,238.424033,65869499.000000
2015-05-20,287.471302,290.143344,286.179109,289.027065,241.317650,62516529.000000
2015-05-21,287.669268,290.030331,281.161463,283.954891,237.082734,39467515.000000
2015-05-22,283.913191,284.915768,282.433912,283.467921,236.676148,51480112.000000
2015-05-25,284.761934,289.436741,282.973936,287.074084,239.687046,41866612.000000
2015-05-26,287.301258,290.549445,286.690322,289.239256,241.494815,59587448.000000
2015-05-27,289.865564,291.979560,288.497310,290.815919,242.811220,49200005.000000
2015-05-28,292.673742,293.169512,291.259630,292.107168,243.889324,27342202.000000
2015-05-29,292.205285,292.469154,291.442519,291.932278,243.743302,24222480.000000
2015-06-01,291.880507,295.360797,290.651851,294.768958,246.111734,63560885.000000
2015-06-02,294.084682,294.520903,292.673921,293.164312,244.771966,62952134.000000
2015-06-03,292.648171,294.784824,288.435903,289.001190,241.296046,40388204.000000
2015-06-04,287.970355,289.166018,286.917694,287.313867,239.887248,29546813.000000
2015-06-05,287.184120,288.331343,285.805044,286.604802,239.295228,45719774.000000
2015-06-08,285.758217,286.851869,284.567416,285.735597,238.569501,58921095.000000
2015-06-09,286.649109,287.038114,284.631621,285.427757,238.312476,46435910.000000
2015-06-10,285.379038,287.246207,283.842431,286.483068,239.193588,44144412.000000
2015-06-11,284.856056,286.985453,278.041451,280.657329,234.329498,93833478.000000
2015-06-12,282.409802,289.432713,280.072467,286.148091,238.913906,42264985.000000
2015-06-15,287.627543,289.349706,286.728480,287.921464,241.481215,104751320.000000
2015-06-16,286.842680,289.628172,281.476908,283.585690,237.844779,108070557.000000
2015-06-17,283.796539,286.531033,282.938505,285.171313,239.174649,48189167.000000
2015-06-18,285.535307,286.944566,284.686822,286.262277,240.089646,49139724.000000
2015-06-19,286.596052,287.269656,285.117299,285.866640,239.757823,52941788.000000
2015-06-22,286.019317,287.113382,283.637393,284.378865,238.510019,43317577.000000
2015-06-23,284.904955,286.677117,284.381007,286.067782,239.926522,56370291.000000
2015-06-24,284.706898,285.396443,282.162770,283.121254,237.455254,37894049.000000
2015-06-25,283.464515,285.091201,282.401529,284.314769,238.456261,53137500.000000
2015-06-26,286.399079,295.376890,284.116397,291.215151,244.243647,70935237.000000
2015-06-29,291.276593,292.593694,290.384147,291.840255,244.767925,28767794.000000
2015-06-30,293.019352,296.619605,290.682977,295.510054,247.845804,35929830.000000
2015-07-01,294.064444,296.302010,289.046698,290.089066,243.299194,46729090.000000
2015-07-02,289.678497,290.212347,288.819347,289.492805,242.799107,50348913.000000
2015-07-03,289.751340,294.797930,288.611146,293.351251,246.035205,69671436.000000
2015-07-06,292.222080,294.731453,288.552137,289.743344,243.009235,39483010.000000
2015-07-07,290.680873,297.128671,287.834287,294.626175,247.104491,53729556.000000
2015-07-08,293.907969,294.202315,292.219451,293.087257,245.813792,31876840.000000
2015-07-09,295.334481,302.999240,291.549773,301.412350,252.796091,57157782.000000
2015-07-10,302.568801,309.036642,301.376343,306.007516,256.650080,77343005.000000
2015-07-13,305.335842,306.751514,304.098494,305.200040,255.972845,51980904.000000
2015-07-14,304.538431,305.278388,302.513782,303.510238,254.555600,53389375.000000
2015-07-15,304.061884,308.459712,301.526256,307.795049,258.149293,55833607.000000
2015-07-16,308.178723,308.731908,307.570190,307.959194,258.286962,32884220.000000
2015-07-17,307.968355,308.540542,306.499150,307.199525,257.649824,29807560.000000
2015-07-20,307.101900,307.694612,306.515079,307.069654,257.540900,52990620.000000
2015-07-21,307.127354,309.018024,305.934412,307.939888,258.270770,75815811.000000
2015-07-22,308.259070,310.015179,307.823328,309.069169,259.217904,56859816.000000
2015-07-23,309.415430,312.545168,308.277426,311.411200,261.182177,68540005.000000
2015-07-24,311.626031,312.545915,311.192178,311.782659,261.493722,38925808.000000
2015-07-27,310.928568,312.093184,306.197682,308.298704,258.571711,51228424.000000
2015-07-28,308.635498,311.397980,307.781992,310.339611,260.283430,73270591.000000
2015-07-29,310.059991,310.580744,309.850837,310.396670,260.331286,49272326.000000
2015-07-30,310.487565,312.841275,309.160613,311.530638,261.282351,47013526.000000
2015-07-31,312.419119,315.379160,311.096006,313.817178,263.200083,52405395.000000
2015-08-03,314.332846,318.706055,313.050609,317.008440,265.876611,101646147.000000
2015-08-04,315.766456,316.776557,314.960573,315.609627,264.703420,75420904.000000
2015-08-05,315.710468,319.390773,315.150086,318.745083,267.333142,64818928.000000
2015-08-06,318.666512,321.316962,317.640583,319.999364,268.385115,66422159.000000
2015-08-07,320.766836,322.185184,319.234793,321.433530,269.587958,68543993.000000
2015-08-10,320.616822,321.034646,320.039098,320.564833,268.859377,46920018.000000
2015-08-11,321.036212,325.203299,320.272017,323.101892,270.987221,51112941.000000
2015-08-12,324.291179,331.540350,322.163741,329.220469,276.118903,92196285.000000
2015-08-13,329.721960,331.852893,329.126223,330.812347,277.454020,56485984.000000
2015-08-14,329.849732,331.222001,327.523986,328.483230,275.500577,53626230.000000
2015-08-17,327.881867,329.128357,327.246867,328.247250,275.302659,40392681.000000
2015-08-18,328.840060,330.470749,324.822835,325.535126,273.027987,59175154.000000
2015-08-19,325.837555,326.817887,324.410606,325.101096,272.663964,45194571.000000
2015-08-20,325.716991,326.313184,324.079452,324.415391,272.088859,42991940.000000
2015-08-21,325.702198,327.721810,324.017490,326.402156,273.755169,51789498.000000
2015-08-24,326.181830,327.887381,319.079273,322.043010,270.099131,73846611.000000
2015-08-25,322.459984,324.320644,317.598750,319.228640,267.738704,42706652.000000
2015-08-26,319.668942,325.327562,318.375963,323.192560,271.063265,38550640.000000
2015-08-27,323.063587,323.748571,320.632809,321.689941,269.803011,83369160.000000
2015-08-28,321.481463,322.725641,317.540223,319.386256,267.870898,47953222.000000
2015-08-31,319.611039,320.977170,318.743470,320.254278,268.598913,53559139.000000
2015-09-01,320.730606,323.202883,319.421309,322.240757,270.264983,67097090.000000
2015-09-02,322.698025,323.745013,321.909318,323.423881,271.257275,49051720.000000
2015-09-03,323.950182,325.070646,323.591386,324.451423,272.119079,54871912.000000
2015-09-04,323.975601,324.976328,321.561657,323.012479,270.912230,56959774.000000
2015-09-07,323.633058,324.598023,322.348184,323.613949,271.416686,46661860.000000
2015-09-08,320.796143,325.170618,307.205068,312.937208,262.462048,83223287.000000
2015-09-09,314.138665,318.970094,312.199858,316.846315,265.740636,63829456.000000
2015-09-10,316.037793,318.427859,309.141285,311.476880,262.418145,70586417.000000
2015-09-11,312.822352,318.247873,312.048795,316.377286,266.546719,39877835.000000
2015-09-14,317.079949,320.358945,316.149390,318.916827,268.686273,38666917.000000
2015-09-15,318.750669,320.402989,314.731962,316.411808,266.575804,35909412.000000
2015-09-16,316.230324,320.709547,314.889260,319.640845,269.296257,71800346.000000
2015-09-17,318.915714,319.617729,317.887475,319.157485,268.889027,55843431.000000
2015-09-18,317.979480,318.483335,313.250512,315.503684,265.810713,53987391.000000
2015-09-21,315.506579,316.598484,314.781107,316.188899,266.388004,71853665.000000
2015-09-22,316.182603,316.758951,314.694455,315.181152,265.538981,51036978.000000
2015-09-23,315.017664,316.398637,314.603566,315.850378,266.102801,37487526.000000
2015-09-24,315.892167,318.388512,315.147350,317.740111,267.694895,33504677.000000
2015-09-25,317.898340,318.555324,315.553890,317.333608,267.352417,65135782.000000
2015-09-28,317.597462,318.991222,315.103075,315.897918,266.142854,33524372.000000
2015-09-29,315.286093,315.590375,313.960035,314.943584,265.338831,43903548.000000
2015-09-30,315.165292,316.509619,314.385973,315.683124,265.961890,44009378.000000
2015-10-01,314.705273,315.849027,310.303898,312.218442,263.042908,67620710.000000
2015-10-02,312.693470,313.583927,311.433439,312.379940,263.178970,37867143.000000
2015-10-05,312.197196,315.380194,311.061686,314.583068,265.035097,79520810.000000
2015-10-06,313.828214,315.185061,308.209157,310.384614,261.497915,63243555.000000
2015-10-07,308.812998,309.522265,307.397546,308.201974,259.659048,60996704.000000
2015-10-08,309.271497,312.315781,308.306469,311.033372,262.044491,55421314.000000
2015-10-09,311.193293,312.157402,309.214928,310.262249,261.394823,53630816.000000
2015-10-12,310.677708,314.905429,309.415466,313.000150,263.701495,41003660.000000
2015-10-13,313.475257,315.466136,312.162720,314.928328,265.325978,37065121.000000
2015-10-14,315.713759,317.110488,311.537585,312.920037,263.634000,74239853.000000
2015-10-15,313.908655,314.797225,312.405009,313.340100,263.987901,49496666.000000
2015-10-16,314.000975,314.858574,312.692763,313.506330,264.127950,35117284.000000
2015-10-19,314.285942,315.440158,313.161719,313.967796,264.516733,57331918.000000
2015-10-20,313.877413,316.229110,313.294422,314.959011,265.351828,56664810.000000
2015-10-21,315.507828,319.670608,313.579765,317.745853,267.699732,71962262.000000
2015-10-22,317.578019,318.702527,316.310370,316.763221,266.871868,58144336.000000
2015-10-23,317.582116,320.119080,317.238449,318.630775,268.445276,66633008.000000
2015-10-26,319.475967,320.327912,318.280977,318.888511,268.662418,66607886.000000
2015-10-27,318.130109,319.708491,313.956339,315.009630,265.394474,62157242.000000
2015-10-28,314.878791,315.848579,314.650931,315.481220,265.791787,41787374.000000
2015-10-29,314.028043,317.288221,307.160398,310.294254,261.421787,47070621.000000
2015-10-30,311.203028,311.590900,309.217075,309.702367,260.923124,21844064.000000
2015-11-02,308.619885,310.075600,302.995876,305.262016,257.182145,91435968.000000
2015-11-03,305.235057,305.755586,303.343308,303.852394,255.994543,59973465.000000
2015-11-04,303.565730,304.600822,301.171021,302.250824,254.645227,26321359.000000
2015-11-05,300.574762,302.009834,290.132249,294.255286,247.909015,48847550.000000
2015-11-06,293.102253,295.681723,289.331512,290.541054,244.779788,44924088.000000
2015-11-09,289.527270,290.559534,285.894359,286.814356,241.640058,47489972.000000
2015-11-10,286.856748,287.502946,285.586560,286.057320,241.002258,66668834.000000
2015-11-11,285.152381,286.633083,283.633893,284.391095,239.598469,40143918.000000
2015-11-12,284.043293,285.731146,281.650716,282.680517,238.157314,90063950.000000
2015-11-13,280.649761,281.743380,275.691183,277.961534,234.181587,47774713.000000
2015-11-16,277.277641,277.832628,276.251174,276.870596,233.262476,31481635.000000
2015-11-17,277.307668,277.725432,274.475886,275.577332,232.172906,68944882.000000
2015-11-18,274.257791,275.162157,271.377469,272.465081,229.550846,79020566.000000
2015-11-19,271.475700,273.539093,267.440063,268.969146,226.605533,75997929.000000
2015-11-20,269.226962,269.705382,266.325835,266.846811,224.817474,33793060.000000
2015-11-23,266.258030,270.211550,265.453361,268.794429,226.458334,64828402.000000
2015-11-24,268.157969,269.144045,267.057346,267.378605,225.265508,40238920.000000
2015-11-25,267.879951,268.294938,266.456294,267.052483,224.990752,46707204.000000
2015-11-26,267.225349,269.343474,266.677467,268.319677,226.058358,53827501.000000
2015-11-27,267.914705,270.766997,266.303816,270.039461,227.507269,52673370.000000
2015-11-30,270.425746,271.133546,268.954442,269.890787,227.382012,42104549.000000
2015-12-01,270.067682,272.292074,269.574650,271.155974,228.447928,52669922.000000
2015-12-02,270.948260,271.771511,269.626007,270.514033,227.907095,42687516.000000
2015-12-03,269.927222,270.549695,268.477345,268.975625,226.610991,25995133.000000
2015-12-04,268.879487,269.453256,268.295898,268.956532,226.594905,24974363.000000
2015-12-07,267.829781,269.044936,262.483182,264.785903,223.081166,52098156.000000
2015-12-08,264.918209,265.708670,261.973505,262.912128,222.503784,67061634.000000
2015-12-09,263.895332,267.046290,262.174336,266.154728,225.248012,45973736.000000
2015-12-10,265.978118,266.844113,265.295463,266.232900,225.314169,22239388.000000
2015-12-11,267.775187,270.046087,266.841569,268.621542,227.335688,42289157.000000
2015-12-14,268.106905,269.528737,264.727273,266.154104,225.247484,72764700.000000
2015-12-15,266.319910,267.562056,265.473929,267.300304,226.217518,71527084.000000
2015-12-16,267.294714,267.742253,266.962095,267.189126,226.123428,26327503.000000
2015-12-17,266.718657,267.405469,265.272109,266.539903,225.573987,32554486.000000
2015-12-18,266.381890,267.071615,265.895532,266.346105,225.409975,66826124.000000
2015-12-21,263.592779,265.465791,257.619974,259.853602,219.915340,92819796.000000
2015-12-22,261.143087,263.226960,260.448297,261.743958,221.515157,45877792.000000
2015-12-23,262.968426,264.634942,262.572412,263.278932,222.814212,53856842.000000
2015-12-24,262.322350,262.685896,261.875268,262.344324,222.023249,35555994.000000
2015-12-25,263.531095,266.235575,261.832378,264.419418,223.779411,59557564.000000
2015-12-28,264.472491,264.708386,263.461610,264.314924,223.690977,42000058.000000
2015-12-29,264.328877,265.238953,262.786679,263.443551,222.953530,59880804.000000
2015-12-30,263.559368,263.994851,262.184534,263.064612,222.632832,82170683.000000
2015-12-31,263.468024,263.926339,262.663500,263.576375,223.065940,41301049.000000
2016-01-01,262.852683,263.581407,262.639738,263.321320,222.850086,42818449.000000
2016-01-04,262.745895,264.439956,259.712178,260.666166,220.603016,101916260.000000
2016-01-05,260.207643,261.445714,259.337840,260.955055,220.847504,67367440.000000
2016-01-06,261.999395,264.845659,261.238675,263.773602,223.232854,42630925.000000
2016-01-07,263.971159,265.805774,263.642922,264.627222,223.955276,53917306.000000
2016-01-08,265.005737,265.415399,263.447020,263.736661,223.201591,53423771.000000
2016-01-11,263.600348,264.660929,262.382486,262.918897,222.509513,42636761.000000
2016-01-12,262.904497,264.227262,262.589277,263.888802,223.330348,50015867.000000
2016-01-13,262.965322,264.065212,262.040415,263.804947,223.259382,24432520.000000
2016-01-14,263.796688,264.524646,263.235121,263.515519,223.014437,65164259.000000
2016-01-15,262.802359,263.501362,262.492366,263.137018,222.694109,58054685.000000
2016-01-18,262.806596,263.242869,260.970699,261.639275,221.426563,49995385.000000
2016-01-19,261.782848,264.245196,260.507296,263.085820,222.650780,66626364.000000
2016-01-20,262.132880,263.427718,261.584202,263.236841,222.778590,69904845.000000
2016-01-21,263.937934,266.881194,262.273784,265.224193,224.460496,65036030.000000
2016-01-22,266.059326,266.974591,265.126661,266.034333,225.146122,79285854.000000
2016-01-25,265.956706,267.232165,265.044668,266.926867,225.901477,47429082.000000
2016-01-26,265.900786,267.140845,264.889016,266.514930,225.552853,67304612.000000
2016-01-27,266.616984,269.055905,264.771001,268.664896,227.372379,54274657.000000
2016-01-28,267.356925,269.983865,266.528132,269.418228,228.009927,47833406.000000
2016-01-29,268.759978,269.788258,267.968299,268.335415,227.093538,73570832.000000
2016-02-01,269.124057,270.597977,268.244351,269.470768,228.054392,74716047.000000
2016-02-02,268.894001,269.560200,266.021961,267.285375,226.204884,49622074.000000
2016-02-03,267.235630,269.065414,266.703796,267.996367,226.806600,83330541.000000
2016-02-04,268.256540,268.918466,265.122359,265.557452,224.742535,43049230.000000
2016-02-05,266.027128,266.490147,264.712089,265.255433,224.486935,50885649.000000
2016-02-08,266.020838,266.339668,264.768119,265.230916,224.466186,52742667.000000
2016-02-09,264.506831,265.546269,263.826727,265.138261,224.387772,30306928.000000
2016-02-10,264.761964,266.261910,264.491628,265.710767,224.872285,34872425.000000
2016-02-11,265.843852,269.673368,265.339930,267.845395,226.678832,45693773.000000
2016-02-12,267.508173,267.852595,267.056130,267.401066,226.302794,84093670.000000
2016-02-15,267.516002,268.371502,266.738664,267.997644,226.807681,64836355.000000
2016-02-16,268.492013,269.595188,265.055400,266.655464,225.671787,41492965.000000
2016-02-17,267.088325,268.902539,266.588536,268.254719,227.025245,37114534.000000
2016-02-18,268.177870,268.478122,267.651246,268.247934,227.019503,31879307.000000
2016-02-19,268.139152,269.289343,267.535082,268.580449,227.300911,35258192.000000
2016-02-22,268.448423,269.291086,267.693447,267.945672,226.763696,65440802.000000
2016-02-23,267.958896,270.191779,267.262187,269.168626,227.798688,82803141.000000
2016-02-24,268.647874,269.419602,266.637952,267.662690,226.524207,27321491.000000
2016-02-25,268.787165,271.604364,267.074410,271.118096,229.448534,55523179.000000
2016-02-26,271.416719,272.695607,270.888143,271.927162,230.133250,50046389.000000
2016-02-29,271.606864,273.450860,270.836144,273.102742,231.128149,41014722.000000
2016-03-01,273.460813,276.474995,272.704529,275.511270,233.166498,51643497.000000
2016-03-02,275.942699,276.256100,273.663394,274.584050,232.381787,81777825.000000
2016-03-03,275.117351,275.377100,273.930850,274.357192,232.189797,44115944.000000
2016-03-04,274.778994,275.268672,272.668546,272.912272,232.011003,56093238.000000
2016-03-07,272.846519,273.789119,272.121297,272.743479,231.867507,81559637.000000
2016-03-08,272.724589,273.452620,272.307293,272.962337,232.053565,68745922.000000
2016-03-09,274.582570,274.847946,272.871497,273.820205,232.782865,72183270.000000
2016-03-10,273.688795,274.125005,272.614505,273.056712,232.133796,47281396.000000
2016-03-11,272.518005,273.413458,268.980605,270.896887,230.297664,96280233.000000
2016-03-14,270.285925,271.110474,268.446295,269.244992,228.893337,45631598.000000
2016-03-15,268.885296,269.886643,268.127396,269.590710,229.187242,75861005.000000
2016-03-16,269.923348,271.454851,268.944585,270.925684,230.322145,48340559.000000
2016-03-17,270.206074,270.750373,269.297033,269.882858,229.435607,41728617.000000
2016-03-18,269.784617,271.076508,266.706825,268.233312,228.033277,37628048.000000
2016-03-21,268.462064,269.297158,267.729854,268.570055,228.319553,42079835.000000
2016-03-22,268.236120,269.258384,266.189000,266.973575,226.962337,65154852.000000
2016-03-23,267.013822,268.026255,265.469369,266.473003,226.536785,44828900.000000
2016-03-24,267.003435,267.179905,265.683512,266.449332,226.516661,50690677.000000
2016-03-25,268.117142,268.831280,266.718152,268.364007,228.144385,60427436.000000
2016-03-28,268.770259,269.956123,266.589622,267.359183,227.290154,51287495.000000
2016-03-29,269.051454,269.888697,267.910716,268.658590,228.394819,22891659.000000
2016-03-30,268.665699,269.427621,268.154290,268.814877,228.527683,37797994.000000
2016-03-31,268.664434,270.416479,267.696475,269.981384,229.519367,37562112.000000
2016-04-01,269.992814,270.597209,269.567664,270.026219,229.557482,31517911.000000
2016-04-04,269.739082,270.158946,268.661803,269.416420,229.039074,32673960.000000
2016-04-05,270.422165,270.951797,269.395050,270.240838,229.739936,30841768.000000
2016-04-06,270.602026,271.989701,268.685337,269.510474,229.119032,54533754.000000
2016-04-07,269.003246,269.306586,268.296321,268.853098,228.560176,51777331.000000
2016-04-08,268.604625,268.953802,267.540743,268.374204,228.153054,66542518.000000
2016-04-11,269.089170,270.765372,265.005751,266.014699,226.147167,116520927.000000
2016-04-12,266.263527,266.553252,266.088805,266.234782,226.334266,48242097.000000
2016-04-13,264.540289,265.389221,263.203440,264.833691,225.143156,43639944.000000
2016-04-14,266.087788,266.619351,263.795492,264.702355,225.031504,36015762.000000
2016-04-15,264.603092,265.028487,263.913236,264.385433,224.762079,43404552.000000
2016-04-18,264.573849,267.252921,263.706205,266.376329,226.454600,42427525.000000
2016-04-19,266.455023,269.762002,265.090600,268.393259,228.169253,56452678.000000
2016-04-20,267.998004,268.454592,266.867695,267.718848,227.595916,41090845.000000
2016-04-21,267.438644,268.588770,267.184743,268.059678,227.885666,58722931.000000
2016-04-22,267.672449,268.769838,267.106701,268.372143,228.151302,45061140.000000
2016-04-25,268.427908,269.842801,268.088714,269.057588,228.734019,44283576.000000
2016-04-26,268.629043,268.940995,267.229148,268.151059,227.963352,26913987.000000
2016-04-27,267.614941,269.002740,264.514027,265.351472,225.583338,71362430.000000
2016-04-28,265.546307,267.851665,264.756133,266.672286,226.706202,47830192.000000
2016-04-29,266.825899,267.942655,266.499415,267.083918,227.056143,41996528.000000
2016-05-02,266.894182,267.331237,266.767955,267.092440,227.063387,39964049.000000
2016-05-03,266.096569,266.393617,265.285230,265.819012,225.980808,46146075.000000
2016-05-04,265.852892,267.239812,265.060965,266.290555,226.381681,85584311.000000
2016-05-05,266.428844,268.465505,265.825983,267.461320,227.376983,44208819.000000
2016-05-06,267.524627,268.711074,266.375130,266.812015,226.824990,55885625.000000
2016-05-09,267.883463,272.320221,266.653500,270.096586,229.617303,47922951.000000
2016-05-10,269.715443,270.591085,268.345514,268.994684,228.680543,71668747.000000
2016-05-11,269.407837,270.797120,266.082210,267.569337,227.468812,29023559.000000
2016-05-12,267.705221,268.847029,267.103400,268.517439,228.274822,46811427.000000
2016-05-13,269.677120,272.258498,267.791508,270.923275,230.320096,55833368.000000
2016-05-16,271.002354,271.465185,269.230792,270.305261,229.794704,29693947.000000
2016-05-17,269.133208,270.612167,268.329141,269.810372,229.373984,56146933.000000
2016-05-18,270.740139,273.195150,269.317268,271.584207,230.881975,50558061.000000
2016-05-19,271.200022,274.462207,270.005697,273.822062,232.784444,35285705.000000
2016-05-20,273.849393,275.536430,273.059610,274.643188,233.482508,38868545.000000
2016-05-23,274.196336,278.863681,273.012070,277.634226,236.025280,71597806.000000
2016-05-24,277.980028,278.433940,277.419171,277.753565,236.126733,27132656.000000
2016-05-25,277.250869,278.270650,276.921400,277.992030,236.329460,47687623.000000
2016-05-26,277.672987,278.974332,275.631161,276.559905,235.111967,36703553.000000
2016-05-27,277.364808,279.863040,276.591567,278.449519,236.718385,51779975.000000
2016-05-30,279.258550,281.000824,278.388121,279.774455,237.844753,50483653.000000
2016-05-31,279.986099,280.232653,277.838104,278.871082,237.076768,43514136.000000
2016-06-01,277.696560,278.844412,275.076730,275.970954,235.671805,45448456.000000
2016-06-02,276.740830,281.644359,276.127844,279.468782,238.658856,77482281.000000
2016-06-03,280.147677,280.339573,279.256999,279.478161,238.666866,44496549.000000
2016-06-06,280.228890,280.981977,279.198345,279.804810,238.945815,40154935.000000
2016-06-07,280.490377,284.023461,279.637798,282.873399,241.566308,47719221.000000
2016-06-08,282.214500,283.817606,281.717712,283.075876,241.739218,26930916.000000
2016-06-09,283.281521,283.705425,281.039134,281.660080,240.530166,37691254.000000
2016-06-10,282.273708,284.084752,281.655526,283.253581,241.890973,53466955.000000
2016-06-13,282.996721,283.657970,282.187293,282.483294,241.233169,59175095.000000
2016-06-14,282.876300,284.199972,281.724198,283.688858,242.262688,59346298.000000
2016-06-15,283.898408,286.000694,283.577159,284.751620,243.170258,56359587.000000
2016-06-16,285.437561,287.763694,284.760183,286.785003,244.906713,34858367.000000
2016-06-17,287.995103,290.524506,286.443419,289.005605,246.803047,42420056.000000
2016-06-20,288.957571,289.319292,288.433135,288.820259,246.644767,44062527.000000
2016-06-21,288.899064,289.673216,287.356883,287.802714,245.775811,32220049.000000
2016-06-22,288.727294,288.988929,287.401613,287.726240,245.710504,48458709.000000
2016-06-23,286.252512,287.233627,285.318719,286.255423,244.454466,45947105.000000
2016-06-24,286.123109,289.266175,285.525241,288.018226,245.959852,36614912.000000
2016-06-27,286.761861,288.635187,285.465879,286.166518,244.378544,46965969.000000
2016-06-28,285.722631,288.553492,284.196076,287.461187,245.484156,39141831.000000
2016-06-29,289.037623,290.597123,288.499810,289.289927,247.045851,35992726.000000
2016-06-30,289.960534,291.356634,288.921251,290.258293,247.872810,72203089.000000
2016-07-01,289.423953,291.006717,287.638368,288.266788,246.172118,83569568.000000
2016-07-04,288.306117,288.895883,287.282377,287.851197,245.817214,52795797.000000
2016-07-05,287.537737,289.977759,287.020249,289.235881,246.999698,55712707.000000
2016-07-06,288.101884,288.970039,287.377540,288.095900,246.026184,63533701.000000
2016-07-07,287.504669,289.034339,286.576488,288.596964,246.454079,73293878.000000
2016-07-08,290.141116,291.517752,288.502675,290.384520,247.980604,65148190.000000
2016-07-11,290.649588,291.969639,290.095295,291.228069,248.700972,29963237.000000
2016-07-12,291.886938,292.220057,290.916728,291.448389,248.889120,25786888.000000
2016-07-13,292.568456,293.721401,291.578790,292.428766,249.726335,45620577.000000
2016-07-14,292.263843,293.142920,291.873976,292.685131,249.945264,61667478.000000
2016-07-15,293.348975,294.209390,292.626688,293.104320,250.303240,49152124.000000
2016-07-18,292.764472,293.750323,290.707321,291.784448,249.176105,30455725.000000
2016-07-19,292.896385,294.053391,292.061428,292.493766,249.781844,41282512.000000
2016-07-20,293.089006,293.660841,290.290692,291.346651,248.802238,59117430.000000
2016-07-21,291.263963,292.983572,290.827561,292.670203,249.932516,39555222.000000
2016-07-22,294.099125,297.337520,292.879047,295.676919,252.500171,93653006.000000
2016-07-25,295.927114,297.152716,291.633949,292.306349,249.621794,69474146.000000
2016-07-26,292.956277,298.014220,290.753728,295.723275,252.539758,78631942.000000
2016-07-27,294.511575,295.517371,289.398960,291.307888,248.769136,40470622.000000
2016-07-28,294.041860,300.516765,292.553159,299.131460,255.450257,102701464.000000
2016-07-29,297.125135,299.731258,293.200088,294.941950,251.872528,93728343.000000
2016-08-01,295.196715,295.681354,294.048188,294.509641,251.503347,38716520.000000
2016-08-02,296.179767,305.624241,291.924495,302.775325,258.562020,73980442.000000
2016-08-03,301.485871,304.050716,296.457734,297.512901,254.068050,61713815.000000
2016-08-04,297.504579,302.313971,296.885970,300.336013,256.478913,50221459.000000
2016-08-05,300.247725,302.527962,299.852135,301.648998,257.600167,96149389.000000
2016-08-08,300.998579,301.538467,298.504945,299.663769,255.904834,63843547.000000
2016-08-09,301.478993,309.006641,299.675969,306.294469,261.567274,47861256.000000
2016-08-10,306.585266,307.275308,305.340305,305.993117,261.309928,30058478.000000
2016-08-11,305.006477,306.356705,297.518966,300.614693,256.716898,50217438.000000
2016-08-12,298.793823,301.248484,292.360722,294.786691,251.739941,83268898.000000
2016-08-15,294.845512,297.697953,294.146644,296.688925,253.364397,48408131.000000
2016-08-16,298.081437,300.757392,297.249678,299.934073,256.135667,44436399.000000
2016-08-17,298.685334,299.633872,297.615963,298.519245,254.927441,58852484.000000
2016-08-18,298.478765,298.718350,297.083443,297.804964,254.317465,49059593.000000
2016-08-19,298.932913,301.448699,298.106385,300.206215,256.368068,51769193.000000
2016-08-22,299.677576,300.602242,299.471126,299.979236,256.174234,30300163.000000
2016-08-23,300.783162,309.300069,299.308287,306.731561,261.940539,79099063.000000
2016-08-24,305.533981,306.795226,304.235171,305.204227,260.636237,60190969.000000
2016-08-25,305.082092,305.663789,303.024081,304.191147,259.771094,63188776.000000
2016-08-26,304.325617,307.731124,303.629992,306.070791,261.376260,36971944.000000
2016-08-29,306.691381,307.373330,304.239179,304.432906,261.152737,37521560.000000
2016-08-30,305.299263,307.203680,304.271263,305.784877,262.312503,49292892.000000
2016-08-31,305.560070,306.349747,302.092568,303.328193,260.205077,61668494.000000
2016-09-01,303.084132,304.842471,294.904126,298.038680,255.667556,73589722.000000
2016-09-02,297.925343,301.904970,297.084335,301.049630,258.250450,67151123.000000
2016-09-05,300.249276,300.765960,298.540049,300.029407,257.375268,58489643.000000
2016-09-06,298.418652,299.257167,297.350498,298.076040,255.699604,56091329.000000
2016-09-07,298.493101,298.928403,297.461837,297.838794,255.496087,25338768.000000
2016-09-08,297.510009,299.653870,296.318074,299.097374,256.575739,61820733.000000
2016-09-09,298.691177,300.464343,298.038430,300.058755,257.400444,24186623.000000
2016-09-12,301.051718,301.494529,299.579061,299.942600,257.300802,67262697.000000
2016-09-13,301.228820,309.831195,297.245085,306.622895,263.031383,65001124.000000
2016-09-14,307.415900,310.586330,306.764880,309.405402,265.418311,99480006.000000
2016-09-15,310.811811,312.686349,309.970295,312.095475,267.725945,55603128.000000
2016-09-16,311.255508,312.453844,310.489012,311.823503,267.492638,31971439.000000
2016-09-19,311.328318,312.304365,310.843360,311.747422,267.427374,32252776.000000
2016-09-20,311.424986,312.791946,310.866457,311.988547,267.634218,66661351.000000
2016-09-21,311.667445,312.518910,310.966343,311.789501,267.463470,41968069.000000
2016-09-22,311.099603,312.435042,308.873635,310.197300,266.097627,63434867.000000
2016-09-23,311.335975,313.007562,309.688062,312.025537,267.665950,45371451.000000
2016-09-26,311.243586,313.165142,304.726343,305.815918,262.339131,78513737.000000
2016-09-27,306.314400,310.073352,304.468093,309.367744,265.386006,59258024.000000
2016-09-28,309.044179,309.454192,306.960840,307.842934,264.077973,23813190.000000
2016-09-29,307.325098,307.995268,305.846123,306.912468,263.279788,30175124.000000
2016-09-30,307.842363,310.172561,306.378663,308.900773,264.985423,74387040.000000
2016-10-03,308.182841,310.210856,303.598070,304.998246,261.637704,51609206.000000
2016-10-04,304.466355,306.325001,303.589158,305.773023,262.302334,57210716.000000
2016-10-05,306.450081,307.678189,305.645839,307.185233,263.513775,36006260.000000
2016-10-06,306.849152,307.441011,302.469769,303.287510,260.170178,57319153.000000
2016-10-07,303.729166,306.094067,302.496904,305.195706,261.807093,36332250.000000
2016-10-10,305.168830,306.181356,304.912895,305.759999,262.291162,51869719.000000
2016-10-11,306.045656,308.372964,304.740708,306.746277,263.137224,35144336.000000
2016-10-12,307.333886,312.753731,304.833057,310.805905,266.619708,54415926.000000
2016-10-13,310.952948,311.756869,310.529835,311.453464,267.175206,40290645.000000
2016-10-14,311.204645,312.228673,306.278678,307.453733,263.744104,64399763.000000
2016-10-17,307.047041,308.308185,306.575541,308.040455,264.247413,35939588.000000
2016-10-18,307.570807,308.734613,307.196753,308.105775,264.303447,32933023.000000
2016-10-19,308.275748,310.464452,302.511926,304.154991,260.914332,50977076.000000
2016-10-20,304.111853,304.742957,303.456278,304.166355,260.924080,29718269.000000
2016-10-21,304.589047,306.805283,303.125970,306.041032,262.532241,31961064.000000
2016-10-24,306.006242,307.011684,303.917543,304.861611,261.520494,43710189.000000
2016-10-25,305.939844,308.695064,305.104938,307.533658,263.812666,43401460.000000
2016-10-26,307.181945,308.500042,306.128069,306.596669,263.008885,60618216.000000
2016-10-27,305.886655,306.434117,304.496091,305.217733,261.825988,34178513.000000
2016-10-28,306.329888,308.666115,305.374205,307.602153,263.871423,31267178.000000
2016-10-31,307.554900,309.058212,307.084425,308.246678,264.424318,40090294.000000
2016-11-01,308.410245,311.884846,306.766361,310.616760,266.457454,34026690.000000
2016-11-02,310.873304,312.139259,309.659739,311.525320,267.236847,62601827.000000
2016-11-03,311.377358,311.706475,310.142916,311.354934,267.090684,68737913.000000
2016-11-04,310.093534,311.765373,309.806127,311.420635,267.147045,36323478.000000
2016-11-07,310.329684,314.179285,309.440384,312.920848,268.433977,61902988.000000
2016-11-08,313.998294,314.583582,312.638658,312.977660,268.482713,52177702.000000
2016-11-09,311.564340,314.154419,308.146647,309.077746,265.137236,99241804.000000
2016-11-10,308.989518,310.188081,308.199037,309.692385,265.664494,62652541.000000
2016-11-11,307.989361,308.757455,306.114638,307.121446,263.459057,61890969.000000
2016-11-14,307.483371,310.846646,306.580333,310.277705,266.166601,58913804.000000
2016-11-15,310.787255,313.153685,309.342056,312.468676,268.046089,57099510.000000
2016-11-16,312.797638,313.957417,310.832636,311.410757,267.138571,35641124.000000
2016-11-17,311.606808,314.627013,310.924136,313.545737,268.970028,53604959.000000
2016-11-18,314.445864,320.140032,313.481769,318.222372,272.981802,74258377.000000
2016-11-21,318.698130,321.191487,317.600220,319.802106,274.336951,73950198.000000
2016-11-22,318.643924,320.724598,318.025108,319.976877,274.486876,44543061.000000
2016-11-23,320.033936,320.791945,317.129399,318.902896,273.565579,39985217.000000
2016-11-24,318.860997,319.502743,317.810431,318.137854,274.142943,63526853.000000
2016-11-25,318.354585,318.699232,316.317848,316.905333,273.080866,38797617.000000
2016-11-28,315.968712,316.998739,312.773934,314.473701,270.985502,86906539.000000
2016-11-29,315.386594,315.845691,314.086930,314.659706,271.145785,85704330.000000
2016-11-30,315.013194,316.344099,313.970271,315.372652,271.760138,60943239.000000
2016-12-01,315.468926,316.327233,314.487120,315.066198,271.496063,53924801.000000
2016-12-02,315.774640,316.047912,314.889578,315.209806,271.619812,29466869.000000
2016-12-05,316.168890,318.597732,315.631820,317.191762,273.327685,90755325.000000
2016-12-06,317.002001,317.881902,313.036812,314.499546,271.007773,47726332.000000
2016-12-07,314.366342,315.184228,313.443506,313.691135,270.311156,42429740.000000
2016-12-08,313.625619,314.125931,310.912250,312.126780,268.963133,37483798.000000
2016-12-09,312.792347,314.379166,312.351900,313.552864,270.192006,63045664.000000
2016-12-12,313.666098,316.000282,312.320584,314.827967,271.290777,45346241.000000
2016-12-13,315.284826,316.637919,314.877544,316.222724,272.492654,41714894.000000
2016-12-14,314.689557,315.460384,312.731605,314.641284,271.129910,54409199.000000
2016-12-15,315.765091,316.975549,314.332281,316.223635,272.493439,87548845.000000
2016-12-16,316.672135,317.286411,315.697762,316.809382,272.998184,45761623.000000
2016-12-19,317.760387,320.172855,317.085004,318.810210,274.722320,35801111.000000
2016-12-20,319.149408,320.667447,316.576587,317.687696,273.755037,37944040.000000
2016-12-21,317.256220,317.639572,315.670693,316.749029,272.946178,40452512.000000
2016-12-22,317.496882,317.901030,315.951979,316.535963,272.762576,30964331.000000
2016-12-23,315.723672,316.664854,315.204794,315.975650,272.279748,41784313.000000
2016-12-26,315.954538,317.695427,314.874932,316.984224,273.148847,49411225.000000
2016-12-27,317.277980,321.731157,315.445020,320.121831,275.852558,53269046.000000
2016-12-28,319.658961,321.690682,318.687874,320.884171,276.509475,45291653.000000
2016-12-29,322.143159,323.295195,320.613837,322.362046,277.782976,48062839.000000
2016-12-30,322.218626,324.360968,321.156469,323.099099,278.418104,38957248.000000
2017-01-02,323.995043,324.623148,322.921618,323.206758,278.510874,30213555.000000
2017-01-03,323.130880,324.874746,321.934810,324.413598,279.550822,55530134.000000
2017-01-04,324.695042,325.631960,322.703396,324.554596,279.672321,31429382.000000
2017-01-05,325.325155,325.911851,324.021408,324.964815,280.025811,59057155.000000
2017-01-06,326.309550,326.768839,323.541110,324.728606,279.822268,44945135.000000
2017-01-09,324.463842,325.022694,322.128763,323.502841,278.766013,32390390.000000
2017-01-10,325.141305,328.102578,323.623599,326.959749,281.744869,81900175.000000
2017-01-11,327.191585,330.291051,326.780964,328.645478,283.197480,65623524.000000
2017-01-12,327.152914,329.485705,323.898010,325.572094,280.549111,44261761.000000
2017-01-13,326.035520,329.429187,325.371003,328.576088,283.137686,70754049.000000
2017-01-16,328.735353,329.042247,328.372542,328.707561,283.250977,44465314.000000
2017-01-17,328.205570,330.140647,327.573203,329.780725,284.175735,59528359.000000
2017-01-18,329.786228,330.541496,329.126531,329.558423,283.984175,46326176.000000
2017-01-19,328.875426,329.565192,327.432428,328.037817,282.673852,63591365.000000
2017-01-20,328.342420,328.874656,325.746138,327.377601,282.104936,29859118.000000
2017-01-23,325.963981,327.003878,325.260818,325.605168,280.577612,34867366.000000
2017-01-24,324.352678,326.031724,323.943114,325.289157,280.305301,44134447.000000
2017-01-25,325.415319,326.147987,320.754055,322.605322,277.992610,54525418.000000
2017-01-26,321.007851,322.041168,316.277418,318.125319,274.132142,117280852.000000
2017-01-27,318.871631,319.463789,317.745203,318.330844,274.309245,54085428.000000
2017-01-30,319.563555,321.136633,318.078787,320.440214,276.126912,51631569.000000
2017-01-31,319.678415,321.270439,317.437282,318.594534,274.536470,44657726.000000
2017-02-01,318.656455,322.405357,317.870581,320.901340,276.524270,89943104.000000
2017-02-02,322.353225,324.318098,320.994769,323.295817,278.587618,45311838.000000
2017-02-03,323.444758,325.024112,320.793837,321.319529,276.884628,61215685.000000
2017-02-06,321.670762,322.841795,320.634899,321.367452,276.925924,74457160.000000
2017-02-07,321.672843,322.835672,321.144300,322.093830,277.551852,30464359.000000
2017-02-08,322.342297,323.392195,321.425757,322.509662,277.910179,35458490.000000
2017-02-09,322.230471,324.799375,321.161833,323.468514,278.736433,47668754.000000
2017-02-10,323.500394,324.758976,321.698007,322.165738,277.613816,51455169.000000
2017-02-13,321.921990,324.750054,320.545483,323.356723,278.640101,31246743.000000
2017-02-14,324.020926,325.457399,323.191275,325.071701,280.117917,35878659.000000
2017-02-15,326.201352,332.133179,323.235842,330.249862,284.579996,44611389.000000
2017-02-16,329.782847,330.197594,327.861930,328.776656,283.310518,86581305.000000
2017-02-17,329.910498,336.039988,327.493772,333.125073,287.057597,62728908.000000
2017-02-20,332.512043,335.004621,331.682504,334.364217,288.125382,54079007.000000
2017-02-21,335.668158,336.608954,334.307622,334.742772,289.755486,54595946.000000
2017-02-22,335.077863,337.028339,333.982426,335.820122,290.688047,44563763.000000
2017-02-23,335.040749,336.373896,334.805336,336.174298,290.994625,26543756.000000
2017-02-24,336.624758,338.072007,333.481043,334.184663,289.272384,48231488.000000
2017-02-27,333.175625,335.912901,328.285535,329.443151,285.168101,56769852.000000
2017-02-28,329.948375,333.724447,328.003865,331.627968,287.059292,48674117.000000
2017-03-01,332.498694,341.139117,329.075764,338.241044,292.783613,52169267.000000
2017-03-02,338.711122,343.395317,337.296961,341.866381,295.921728,63751546.000000
2017-03-03,341.921268,343.022597,339.148108,340.762025,294.965790,72041887.000000
2017-03-06,341.645685,345.743725,338.917297,344.864192,298.516652,56260280.000000
2017-03-07,344.723314,345.683797,344.134656,344.879444,298.529855,62982639.000000
2017-03-08,343.504806,345.140172,342.078889,344.025124,297.790350,47660708.000000
2017-03-09,344.854926,345.231666,343.422957,344.688710,298.364754,57086296.000000
2017-03-10,344.693094,345.392796,340.048684,341.387419,295.507135,61967949.000000
2017-03-13,342.885646,343.932288,341.386493,342.284148,296.283350,38754832.000000
2017-03-14,342.352363,348.015374,339.897235,345.907750,299.419963,60015250.000000
2017-03-15,346.556629,354.057199,345.107226,350.781591,303.638791,58332457.000000
2017-03-16,350.504160,351.769292,348.311421,349.382082,302.427367,66753836.000000
2017-03-17,349.886613,352.955566,348.794496,351.742798,304.470818,56569979.000000
2017-03-20,351.616198,353.340813,347.956242,349.030249,302.122818,41183306.000000
2017-03-21,349.724192,350.106339,347.726834,348.734371,301.866704,50862237.000000
2017-03-22,348.636331,355.726602,347.949769,352.445820,305.079358,49449804.000000
2017-03-23,353.140963,360.028252,350.325967,358.211878,310.070495,106089727.000000
2017-03-24,358.851908,359.426136,357.258940,357.747519,309.668543,38170854.000000
2017-03-27,358.538003,361.827463,356.525084,360.389598,311.955543,64195552.000000
2017-03-28,360.173634,364.759886,359.052779,362.678074,313.936463,61361453.000000
2017-03-29,362.988561,363.898964,362.733352,363.121904,314.320644,43221016.000000
2017-03-30,363.301264,364.675727,360.273727,361.548447,312.958651,55805638.000000
2017-03-31,359.661793,362.148076,358.589287,360.904815,312.401518,43448673.000000
2017-04-03,360.248166,361.977536,358.460334,359.429043,311.124081,43793206.000000
2017-04-04,359.789233,363.584972,358.009965,361.434951,312.860407,72282231.000000
2017-04-05,363.067778,366.060388,362.335447,364.103782,315.170565,27021861.000000
2017-04-06,364.236606,364.807159,363.845418,364.214117,315.266071,32923714.000000
2017-04-07,364.314076,365.238294,363.203829,363.878333,314.975414,44097947.000000
2017-04-10,362.704207,365.181806,361.081754,363.534114,314.677457,57450208.000000
2017-04-11,362.606481,364.428238,362.368884,363.505455,314.652649,56901020.000000
2017-04-12,364.238538,365.010367,362.932795,363.807190,314.913833,35240919.000000
2017-04-13,363.920181,365.870716,362.853381,365.090352,316.024546,63383304.000000
2017-04-14,365.930015,367.148761,363.896239,364.327083,315.363855,41109844.000000
2017-04-17,363.408055,364.545116,359.270313,361.231065,312.683922,48481919.000000
2017-04-18,361.280106,362.983591,360.407867,361.921690,313.281732,46965354.000000
2017-04-19,361.083583,362.152900,360.525444,361.250214,312.700498,67163789.000000
2017-04-20,361.124767,361.442577,360.834569,361.103289,312.573319,37082130.000000
2017-04-21,359.277039,360.245060,358.629408,359.794349,311.440292,47480278.000000
2017-04-24,359.882760,361.040542,359.316648,360.221645,311.810162,24292202.000000
2017-04-25,360.626548,361.697870,357.166990,358.480719,310.303206,55802379.000000
2017-04-26,358.425647,359.746275,355.936465,357.124393,309.129161,31628252.000000
2017-04-27,356.134245,357.407594,355.313519,356.827458,308.872132,58353160.000000
2017-04-28,358.535539,359.812629,354.966474,356.360385,308.467830,33085022.000000
2017-05-01,357.144941,357.987372,356.287823,356.526146,308.611315,42155098.000000
2017-05-02,357.279476,360.630574,356.261634,359.069443,310.812809,45576917.000000
2017-05-03,357.001923,358.206953,354.706447,356.147987,308.283978,33413937.000000
2017-05-04,355.812444,360.541856,353.093740,359.671812,311.334223,68415341.000000
2017-05-05,360.250899,363.373170,358.664337,361.921705,313.281744,54911796.000000
2017-05-08,362.238648,362.796901,361.139747,361.585382,312.990621,32388405.000000
2017-05-09,361.226993,364.666560,359.925985,363.684838,314.807924,68618588.000000
2017-05-10,362.859227,364.589337,359.845290,361.190449,312.648765,50777405.000000
2017-05-11,361.219485,362.524252,360.811351,361.525826,312.939069,27018524.000000
2017-05-12,360.964670,361.552296,360.631787,361.135271,312.601002,38130237.000000
2017-05-15,361.152637,362.862884,360.260039,362.100371,313.436399,49018306.000000
2017-05-16,362.327944,362.847433,358.615656,360.197935,311.789638,57882575.000000
2017-05-17,360.395912,364.533077,357.976090,363.150528,314.345422,67380447.000000
2017-05-18,362.262386,363.296843,360.097137,361.186278,312.645154,64814911.000000
2017-05-19,360.813435,361.230997,358.566190,359.320837,312.436380,36656326.000000
2017-05-22,359.015167,359.714772,357.994211,359.424738,312.526724,33187810.000000
2017-05-23,358.420288,360.174057,357.960624,359.419184,312.521895,38987856.000000
2017-05-24,360.903717,361.538878,359.290374,360.482472,313.446444,77463936.000000
2017-05-25,359.717170,361.063933,358.254279,360.172758,313.177142,57420047.000000
2017-05-26,360.006047,361.813835,358.699563,360.769243,313.695797,30925581.000000
2017-05-29,360.339843,364.035329,358.415326,363.285379,315.883626,34615502.000000
2017-05-30,361.723571,362.955952,360.973925,361.435936,314.275500,41773293.000000
2017-05-31,361.412451,362.634408,360.598034,361.943837,314.717130,37265676.000000
2017-06-01,363.237871,366.200248,361.854846,364.179750,316.661298,66418196.000000
2017-06-02,364.444133,365.461590,362.959721,363.563153,316.125156,39557493.000000
2017-06-05,364.317837,365.145803,363.200451,363.793280,316.325255,29894751.000000
2017-06-06,362.556509,363.045011,361.889337,362.476281,315.180099,38182182.000000
2017-06-07,362.160134,363.457864,361.842106,362.823858,315.482325,48311916.000000
2017-06-08,363.213011,364.987268,361.807931,364.201530,316.680237,43456081.000000
2017-06-09,365.247598,365.699805,364.104629,365.075213,317.439921,51479038.000000
2017-06-12,365.399032,366.130176,364.956499,365.622441,317.915747,36971875.000000
2017-06-13,365.872231,366.498662,364.705157,365.584851,317.883061,40074604.000000
2017-06-14,366.354453,368.131153,364.477766,366.248035,318.459712,35881844.000000
2017-06-15,365.943951,367.319438,362.788774,364.541998,316.976281,36084512.000000
2017-06-16,364.659906,365.545664,362.963063,363.380239,315.966109,34818641.000000
2017-06-19,363.344506,364.502668,362.093685,362.599659,315.287379,65128126.000000
2017-06-20,362.385368,363.515416,361.273251,361.910724,314.688337,41843879.000000
2017-06-21,362.147637,362.429886,360.819941,361.223053,314.090394,57364303.000000
2017-06-22,362.237489,365.158937,360.332779,363.377787,315.963977,68090637.000000
2017-06-23,363.177823,363.682266,362.772382,363.204068,315.812924,32325000.000000
2017-06-26,362.200653,362.845077,360.339626,361.800968,314.592902,39268760.000000
2017-06-27,361.371306,362.593550,360.519973,361.604201,314.421810,43154582.000000
2017-06-28,361.843881,363.277618,359.404295,360.798794,313.721493,26050021.000000
2017-06-29,361.034839,362.498146,359.835500,361.687962,314.494641,71081710.000000
2017-06-30,360.599993,362.092445,358.698583,359.960320,312.992423,32313917.000000
2017-07-03,358.639349,360.698680,358.218447,359.884847,312.926798,38988402.000000
2017-07-04,360.982852,361.301420,359.531855,360.644876,313.587658,48632667.000000
2017-07-05,360.240126,360.591480,359.460745,359.949836,312.983307,45122003.000000
2017-07-06,359.723109,360.581293,357.488150,358.655416,311.857784,93827336.000000
2017-07-07,359.243923,361.558116,358.856009,360.378359,313.355916,33528260.000000
2017-07-10,360.970094,361.241849,359.937112,360.554171,313.508788,32416788.000000
2017-07-11,359.325117,360.757044,358.602759,360.251098,313.245260,59256797.000000
2017-07-12,359.900279,361.143550,359.411736,360.278213,313.268838,36731803.000000
2017-07-13,361.153013,362.092059,360.443531,360.700813,313.636296,48411360.000000
2017-07-14,361.815489,362.469453,360.689055,360.907740,313.816224,48005252.000000
2017-07-17,360.704997,362.195537,360.067626,361.195515,314.066449,43990759.000000
2017-07-18,361.351196,362.246978,360.623099,361.574817,314.396260,26792103.000000
2017-07-19,361.345711,362.115271,360.818278,361.263095,314.125212,45822468.000000
2017-07-20,360.232852,362.804413,359.829282,361.467879,314.303275,33226343.000000
2017-07-21,360.882139,364.904692,360.201746,363.617319,316.172254,60694063.000000
2017-07-24,362.341168,363.848713,361.182555,363.520743,316.088279,37774718.000000
2017-07-25,363.361590,364.527797,362.289485,363.270656,315.870824,30946695.000000
2017-07-26,364.394748,365.259167,362.940147,363.602433,316.159311,45475188.000000
2017-07-27,363.337374,363.938812,362.320556,362.996923,315.632808,35339010.000000
2017-07-28,361.996994,362.459090,361.487989,361.807043,314.598184,47517119.000000
2017-07-31,361.154591,362.326280,360.247587,361.008872,313.904159,76943996.000000
2017-08-01,362.085253,362.754574,360.367663,361.119782,314.000597,26611870.000000
2017-08-02,361.747958,362.478057,360.698728,361.385426,314.231580,71208321.000000
2017-08-03,361.663550,364.553197,360.349629,363.357570,315.946397,80864734.000000
2017-08-04,362.933063,364.123437,360.286307,361.875233,314.657477,43230091.000000
2017-08-07,361.286843,362.731095,360.407432,361.963404,314.734144,24655211.000000
2017-08-08,361.928937,364.760699,360.408461,363.355113,315.944261,69190120.000000
2017-08-09,363.361800,364.147601,362.289950,362.718340,315.390575,30930106.000000
2017-08-10,362.859361,363.237072,360.856635,361.650075,314.461698,80691895.000000
2017-08-11,361.339115,362.576614,360.495514,362.206819,314.945797,34907663.000000
2017-08-14,362.873505,364.645460,362.404850,363.135605,315.753394,41697546.000000
2017-08-15,362.950365,363.684710,362.368200,363.037156,315.667792,42941141.000000
2017-08-16,363.644470,363.917280,360.781348,361.507789,315.758893,37598006.000000
2017-08-17,359.995854,361.615735,358.153675,359.305459,313.835268,66228013.000000
2017-08-18,359.229957,359.820455,358.323537,358.827218,313.417548,43379308.000000
2017-08-21,358.468557,362.811550,357.196195,360.817652,315.156093,46870356.000000
2017-08-22,360.929454,361.424347,360.279234,360.726143,315.076164,43707987.000000
2017-08-23,360.910828,361.424251,360.417985,360.643176,315.003696,48099815.000000
2017-08-24,359.784728,362.846293,358.058576,362.068163,316.248351,43047474.000000
2017-08-25,361.815836,362.245512,361.125062,361.864003,316.070027,67734022.000000
2017-08-28,362.984628,363.674541,361.926087,362.953282,317.021458,45813882.000000
2017-08-29,362.565591,363.703086,360.182825,361.392369,315.658079,28444202.000000
2017-08-30,359.068049,360.667712,358.697469,360.131887,314.557111,40275613.000000
2017-08-31,360.721258,362.939959,359.504220,361.560830,315.805221,30263587.000000
2017-09-01,361.966126,362.622537,361.582101,361.821053,316.032513,59331992.000000
2017-09-04,362.213716,363.420364,360.237767,361.296109,315.574000,58556262.000000
2017-09-05,362.734743,365.976803,361.956102,364.824077,318.655503,93002506.000000
2017-09-06,366.712960,367.690938,365.176351,365.906184,319.600669,43846075.000000
2017-09-07,363.818275,366.194826,362.441117,364.562506,318.427034,63880430.000000
2017-09-08,363.700023,365.480193,362.015344,363.821618,317.779906,52695370.000000
2017-09-11,364.895682,365.715780,362.286990,362.785101,316.874560,89943907.000000
2017-09-12,361.817413,363.686193,361.187514,363.033275,317.091327,46684219.000000
2017-09-13,362.703225,364.976259,362.043618,364.597215,318.457351,36821903.000000
2017-09-14,365.442270,368.486437,363.791305,367.162484,320.697984,44172925.000000
2017-09-15,365.832471,366.731275,364.791991,365.520065,319.263414,42618949.000000
2017-09-18,364.393132,365.729848,363.784598,365.191740,318.976639,32677967.000000
2017-09-19,366.075618,366.560123,364.656162,365.006485,318.814827,49504529.000000
2017-09-20,363.926273,367.188494,363.154160,366.290766,319.936583,42432255.000000
2017-09-21,365.733137,366.853342,364.593159,365.521194,319.264400,37508279.000000
2017-09-22,365.908492,367.263815,362.727093,363.846499,317.801638,62440655.000000
2017-09-25,365.025307,365.981454,364.643366,365.264280,319.039998,59861402.000000
2017-09-26,364.393527,366.634610,363.802923,366.101621,319.771373,64106838.000000
2017-09-27,364.732376,366.872336,364.388755,365.901443,319.596528,44289670.000000
2017-09-28,366.009935,366.716083,365.181072,365.736816,319.452735,56316096.000000
2017-09-29,364.729335,366.197781,364.258249,365.323613,319.091823,49109173.000000
2017-10-02,365.562605,366.284595,364.222535,364.829298,318.660063,38177778.000000
2017-10-03,363.903794,365.226363,363.594321,364.974776,318.787131,67103015.000000
2017-10-04,363.917693,364.548089,363.012848,364.260539,318.163281,62787285.000000
2017-10-05,364.366143,366.001112,361.591051,363.237818,317.269986,73902543.000000
2017-10-06,363.311058,364.968121,360.652852,362.067630,316.247885,40754810.000000
2017-10-09,362.173366,362.742491,361.765429,362.342303,316.487798,68078833.000000
2017-10-10,362.002151,363.571262,361.458787,362.837944,316.920716,58389739.000000
2017-10-11,361.275338,364.576244,359.673476,363.453444,317.458324,58768418.000000
2017-10-12,362.705196,364.065075,362.482580,363.821461,317.779768,56511283.000000
2017-10-13,364.742457,365.004853,363.418642,363.950207,317.892222,31811559.000000
2017-10-16,364.570810,365.232650,362.832848,363.209248,317.245031,36987570.000000
2017-10-17,363.242328,364.020580,362.050727,362.575241,316.691258,55076086.000000
2017-10-18,360.980475,362.706411,359.697250,360.427586,314.815390,46979175.000000
2017-10-19,361.002795,361.718494,360.084719,360.911829,315.238352,27810116.000000
2017-10-20,360.513553,362.141678,360.134178,361.813071,316.025541,64363039.000000
2017-10-23,361.406690,362.462364,359.424779,360.963226,315.283244,41108081.000000
2017-10-24,361.582035,362.107404,359.528052,360.587275,314.954870,57422725.000000
2017-10-25,360.263628,361.309607,359.776733,360.852969,315.186940,34826333.000000
2017-10-26,360.349019,363.066505,355.001519,356.252110,311.168321,61775435.000000
2017-10-27,355.968769,356.870014,355.365032,355.797126,310.770915,47339295.000000
2017-10-30,358.063108,358.680957,356.369913,357.084382,311.895269,43340602.000000
2017-10-31,356.883610,358.355651,356.185357,357.408999,312.178805,38926601.000000
2017-11-01,356.129107,356.654462,355.043150,356.174097,311.100181,32622168.000000
2017-11-02,356.720438,358.154021,356.114683,357.143528,311.946930,31405357.000000
2017-11-03,357.492566,359.464793,355.368722,358.437955,313.077547,61468655.000000
2017-11-06,359.294692,359.728118,358.426609,358.951166,313.525811,34581584.000000
2017-11-07,359.559278,360.715898,357.145328,357.794139,312.515205,40667710.000000
2017-11-08,358.247570,359.065376,356.861037,357.230991,312.023324,47837689.000000
2017-11-09,357.197479,358.991135,356.184352,357.891139,312.599930,21338505.000000
2017-11-10,358.182898,358.701179,357.511099,358.353673,313.003930,73747822.000000
2017-11-13,359.290338,360.161285,356.099321,357.416808,313.596812,22425765.000000
2017-11-14,357.039311,358.552446,356.409480,357.762628,313.900233,61102086.000000
2017-11-15,357.266282,358.070966,357.089574,357.896087,314.017330,46656043.000000
2017-11-16,357.460954,360.346994,356.064800,359.063492,315.041609,43371311.000000
2017-11-17,358.272194,359.354209,357.404535,358.576838,314.614620,30584570.000000
2017-11-20,357.282281,358.891564,356.006747,358.150586,314.240627,68174654.000000
2017-11-21,358.194050,359.150196,357.788664,358.093052,314.190147,49479130.000000
2017-11-22,358.469757,359.420522,358.109958,358.910909,314.907733,56450848.000000
2017-11-23,357.071075,359.636897,356.729875,359.380019,315.319329,67114987.000000
2017-11-24,358.783330,361.884536,357.485637,361.079829,316.810739,43775913.000000
2017-11-27,361.518172,361.967241,359.415462,360.476655,316.281515,46194773.000000
2017-11-28,359.970208,361.414068,359.589575,360.811857,316.575621,23995554.000000
2017-11-29,360.317779,363.505108,359.779674,362.404625,317.973112,53046689.000000
2017-11-30,362.436203,363.122306,359.804202,360.289000,316.116867,33035433.000000
2017-12-01,362.549125,363.936043,360.758898,363.201026,318.671873,83584286.000000
2017-12-04,364.380447,365.469137,362.651451,363.268009,318.730644,45621571.000000
2017-12-05,364.898307,369.772080,362.765816,367.600144,322.531651,53336648.000000
2017-12-06,367.975981,370.103174,366.804540,369.009246,323.767994,39660247.000000
2017-12-07,368.114086,369.576471,364.937360,366.437857,321.511863,65178700.000000
2017-12-08,367.850131,368.452982,361.299142,363.251731,318.716361,44972887.000000
2017-12-11,365.220098,367.395191,363.746817,364.992683,320.243869,33091883.000000
2017-12-12,366.151926,367.079510,365.244362,365.806965,320.958319,41482355.000000
2017-12-13,365.950340,368.300596,365.181489,367.500473,322.444199,24717301.000000
2017-12-14,366.279260,367.585921,360.193953,362.644324,318.183424,67063676.000000
2017-12-15,361.943344,363.737008,360.640117,362.897028,318.405146,49173044.000000
2017-12-18,362.976694,363.738710,362.552035,363.469454,318.907392,53686453.000000
2017-12-19,362.534657,363.640468,361.761592,362.577328,318.124642,54098033.000000
2017-12-20,361.787378,365.421768,360.261889,364.633643,319.928848,42636756.000000
2017-12-21,364.038406,364.927493,363.735044,364.529655,319.837609,38821946.000000
2017-12-22,364.200178,366.098108,363.380837,365.693817,320.859043,49421659.000000
2017-12-25,365.365460,366.243384,365.068130,365.938309,321.073560,31044868.000000
2017-12-26,365.924684,370.220993,365.411688,368.768056,323.556375,52358507.000000
2017-12-27,369.212861,371.361085,368.281895,370.043899,324.675796,44039873.000000
2017-12-28,369.727211,370.040159,369.168013,369.751363,324.419126,55228115.000000
2017-12-29,370.099264,370.579339,368.172910,369.560649,324.251794,56871301.000000
2018-01-01,368.616220,372.137182,361.629997,363.910728,319.294565,57624704.000000
2018-01-02,363.665518,365.737022,362.550968,365.413150,320.612787,37518704.000000
2018-01-03,365.220573,366.428678,362.795672,363.976247,319.352050,68702443.000000
2018-01-04,364.882907,366.942997,364.355771,366.244541,321.342247,73501545.000000
2018-01-05,366.314050,367.502645,365.178395,365.512107,320.699611,39061703.000000
2018-01-08,365.609696,374.288241,362.983832,370.833771,325.368829,60295672.000000
2018-01-09,371.144505,371.928243,370.700556,371.566810,326.011996,54173391.000000
2018-01-10,373.526129,374.982010,371.345330,374.354683,328.458070,85733303.000000
2018-01-11,374.539605,378.028636,373.560015,376.664737,330.484907,39708761.000000
2018-01-12,377.961732,382.763147,375.406118,380.040177,333.446511,73800779.000000
2018-01-15,379.864053,380.262246,377.845433,378.394906,332.002954,52184730.000000
2018-01-16,377.049294,379.423683,372.068371,374.556390,328.635048,34335888.000000
2018-01-17,375.926685,376.448450,373.463828,374.489008,328.575927,41160056.000000
2018-01-18,374.274644,379.601020,372.358206,377.279413,331.024222,70422370.000000
2018-01-19,377.510427,377.998880,376.814286,377.135883,330.898290,62936583.000000
2018-01-22,378.318716,383.426395,376.420378,381.100344,334.376700,59644119.000000
2018-01-23,379.402990,383.550824,372.112884,373.830552,327.998198,95474735.000000
2018-01-24,373.135075,374.934228,372.525751,374.478602,328.566796,62651732.000000
2018-01-25,375.802661,380.142104,373.850643,378.739757,332.305526,61344765.000000
2018-01-26,379.147826,380.249797,377.986164,379.834114,333.265713,37338684.000000
2018-01-29,379.078017,382.903823,378.701768,381.546637,334.768276,55928172.000000
2018-01-30,382.084412,383.120719,380.560625,381.716143,334.917001,57229521.000000
2018-01-31,382.678235,384.798578,381.452964,383.538029,336.515520,41238388.000000
2018-02-01,384.505991,389.003520,382.044564,388.147034,340.559452,50325668.000000
2018-02-02,388.086023,390.460274,377.386388,381.300591,334.552397,58962954.000000
2018-02-05,382.567148,390.086127,380.605401,386.558633,339.165792,68100476.000000
2018-02-06,386.991616,387.606558,385.101040,385.795129,338.495895,49618689.000000
2018-02-07,384.155364,387.645277,383.157472,386.155281,338.811892,44986249.000000
2018-02-08,385.089764,387.032070,384.452342,385.790333,340.021785,44404972.000000
2018-02-09,384.493184,386.412161,382.087342,382.640306,337.245464,38804162.000000
2018-02-12,381.496982,382.619316,375.833389,378.608478,333.691955,29575552.000000
2018-02-13,378.139646,379.088777,377.807461,378.742714,333.810266,40659788.000000
2018-02-14,378.865482,383.741594,377.955207,381.353581,336.111391,35581010.000000
2018-02-15,380.368881,381.517918,379.654131,380.804841,335.627751,66392000.000000
2018-02-16,381.029672,382.926161,379.981234,381.840336,336.540399,47328808.000000
2018-02-19,381.619645,382.859700,380.473451,382.338411,336.979384,62785023.000000
2018-02-20,382.657660,384.060901,379.543878,380.306114,335.188191,68204207.000000
2018-02-21,381.394795,393.743724,378.738300,388.865707,342.732310,56628086.000000
2018-02-22,388.929562,392.752289,387.668068,391.764106,345.286855,49693785.000000
2018-02-23,392.515960,398.278947,391.704599,397.361710,350.220383,50102329.000000
2018-02-26,395.799465,398.175769,389.743063,392.886879,346.276427,75181497.000000
2018-02-27,391.059482,391.989306,384.734208,387.866142,341.851329,48030836.000000
2018-02-28,389.667695,392.458395,388.153040,391.464925,345.023168,41331659.000000
2018-03-01,392.572807,392.826256,390.803565,391.488783,345.044195,28797676.000000
2018-03-02,390.304450,391.022296,387.570309,388.260976,342.199321,34603073.000000
2018-03-05,389.545688,392.386485,388.567211,391.333669,344.907483,39135612.000000
2018-03-06,391.266762,391.920674,387.473450,389.412940,343.214621,41589204.000000
2018-03-07,388.589024,389.621086,388.023464,388.738728,342.620395,51575259.000000
2018-03-08,390.547313,393.251078,387.736527,392.531124,345.962877,49708595.000000
2018-03-09,394.877227,397.365464,392.925076,395.735368,348.786983,55625073.000000
2018-03-12,393.114130,395.012749,383.150737,386.111694,340.305021,60810764.000000
2018-03-13,387.081948,388.447837,386.166719,388.037345,342.002221,80841205.000000
2018-03-14,386.765452,390.387317,384.926942,389.463199,343.258918,35633123.000000
2018-03-15,388.876652,393.284405,387.155237,391.694224,345.225263,36875080.000000
2018-03-16,392.445186,393.096860,390.362357,391.407183,344.972276,27447787.000000
2018-03-19,391.919282,392.404624,390.959975,392.057187,345.545166,45640753.000000
2018-03-20,391.893580,394.639022,390.493985,393.893870,347.163952,52716147.000000
2018-03-21,393.715119,395.310655,389.887023,391.850259,345.362787,74516178.000000
2018-03-22,390.695751,393.370955,383.165689,384.230590,338.647083,48805517.000000
2018-03-23,386.237983,391.849120,384.606371,388.960265,342.815650,49900995.000000
2018-03-26,389.311601,391.285758,387.955328,390.645715,344.301145,30326524.000000
2018-03-27,390.353208,395.416851,389.120331,394.562047,347.752860,49503046.000000
2018-03-28,393.938671,396.288943,392.059046,395.242815,348.352865,27480130.000000
2018-03-29,395.870377,401.830849,394.296501,400.043692,352.584186,62719088.000000
2018-03-30,400.637380,405.239760,399.320247,403.664353,355.775307,50946121.000000
2018-04-02,404.848467,406.169789,403.373698,404.884861,356.851019,19741912.000000
2018-04-03,404.031509,405.512637,402.941348,405.286249,357.204787,69431935.000000
2018-04-04,403.819646,404.984888,402.839329,404.401421,356.424932,24630207.000000
2018-04-05,405.102930,406.143460,404.423694,405.318644,357.233340,91019940.000000
2018-04-06,405.978590,410.258039,404.067480,407.865681,359.478206,103593358.000000
2018-04-09,406.659781,408.441968,405.307479,406.140462,357.957660,48709226.000000
2018-04-10,408.568820,409.812629,405.799471,407.216648,358.906172,66404215.000000
2018-04-11,407.104221,408.628518,403.566352,405.026751,356.976076,39432966.000000
2018-04-12,403.373598,405.554106,401.781292,403.709284,355.814907,67527241.000000
2018-04-13,404.075138,406.272520,403.347729,404.970395,356.926405,48063086.000000
2018-04-16,405.067209,411.301607,403.478418,408.581540,360.109139,57786923.000000
2018-04-17,409.420023,409.879194,407.983598,409.162788,360.621431,31916892.000000
2018-04-18,410.815303,424.679067,406.357325,419.963126,370.140462,73056057.000000
2018-04-19,420.082010,424.282831,417.626549,422.935532,372.760233,52702127.000000
2018-04-20,424.112171,425.318698,423.008169,424.883923,374.477476,58502127.000000
2018-04-23,424.257493,425.704856,423.785668,424.694904,374.310881,64014296.000000
2018-04-24,424.169175,424.620080,422.745939,423.427107,373.193490,47231683.000000
2018-04-25,424.820955,434.133092,420.858780,429.373694,378.434599,49479378.000000
2018-04-26,428.391567,429.832828,428.117251,429.315538,378.383342,40080338.000000
2018-04-27,430.719188,433.542618,429.459770,431.436101,380.252331,62437625.000000
2018-04-30,430.939760,433.808783,419.127823,422.763362,372.608489,70000097.000000
2018-05-01,426.189401,431.955927,422.508275,429.077669,378.173693,78108198.000000
2018-05-02,428.068643,429.492423,426.679268,428.979356,378.087044,91274091.000000
2018-05-03,429.361956,430.480300,428.192811,428.625947,377.775561,42187188.000000
2018-05-04,429.374342,430.476200,428.409565,430.054297,379.034458,49332624.000000
2018-05-07,428.334553,430.992539,422.370990,423.951096,373.655315,46497085.000000
2018-05-08,425.550271,428.292907,423.681542,425.336286,376.570740,43323793.000000
2018-05-09,424.691433,427.408286,423.716058,426.603295,377.692485,68512166.000000
2018-05-10,429.252670,435.749780,425.003480,432.270447,382.709888,54731743.000000
2018-05-11,431.999693,433.308677,430.538134,431.872925,382.357943,79978827.000000
2018-05-14,430.498599,431.058488,429.144890,429.615634,380.359453,43464235.000000
2018-05-15,428.896678,430.555358,424.724287,425.759932,376.945815,67001834.000000
2018-05-16,426.034273,426.735495,424.222922,424.741140,376.043829,48497988.000000
2018-05-17,425.258836,431.407702,424.631901,428.528787,379.397216,59357039.000000
2018-05-18,428.089548,431.540424,427.352416,430.874828,381.474279,60354198.000000
2018-05-21,431.357952,434.864588,430.611146,432.983444,383.341138,121746976.000000
2018-05-22,432.049489,435.747959,430.357905,434.390652,384.587008,49693709.000000
2018-05-23,436.049151,443.716947,432.808654,440.850384,390.306120,61259110.000000
2018-05-24,440.423515,442.861839,435.446875,437.783526,387.590883,64485702.000000
2018-05-25,438.025741,439.163510,437.497582,438.785204,388.477716,37341780.000000
2018-05-28,436.527692,438.122480,435.466230,437.283480,387.148168,76637027.000000
2018-05-29,438.645719,445.225017,437.364527,443.627714,392.765024,56953803.000000
2018-05-30,443.263243,443.660739,441.046860,441.549717,390.925273,56654673.000000
2018-05-31,442.458582,447.222292,439.238409,445.936154,394.808798,67087715.000000
2018-06-01,446.369612,453.254025,444.380561,450.215029,398.597092,72294359.000000
2018-06-04,450.907298,456.909205,449.968318,454.392313,402.295443,59959113.000000
2018-06-05,453.923964,455.770610,452.314255,455.130634,402.949115,38170331.000000
2018-06-06,457.041144,458.555036,455.487953,456.336654,404.016862,73276030.000000
2018-06-07,457.378254,460.808442,456.475583,458.975857,406.353476,45241357.000000
2018-06-08,457.755134,459.723626,456.863103,459.033530,406.404537,56577415.000000
2018-06-11,459.276468,460.896776,458.745472,460.310787,407.535354,48296470.000000
2018-06-12,458.783669,460.203796,457.164152,458.679605,406.091190,38746912.000000
2018-06-13,458.369010,462.188065,451.162086,452.748330,400.839946,84766443.000000
2018-06-14,451.743554,453.122793,451.298130,452.053840,400.225080,30858650.000000
2018-06-15,452.933108,455.101014,452.456577,453.415012,401.430192,32227351.000000
2018-06-18,453.849548,455.345534,447.126543,449.909513,398.326604,58294236.000000
2018-06-19,452.348133,455.390924,450.908069,453.581535,401.577623,65145960.000000
2018-06-20,452.129567,453.946815,451.504948,452.759591,400.849916,53942527.000000
2018-06-21,451.418204,452.760068,449.730970,451.782897,399.985202,48392920.000000
2018-06-22,453.287502,454.267168,450.928206,452.367206,400.502519,34691552.000000
2018-06-25,451.291195,451.972177,450.374809,451.383752,399.631819,55283430.000000
2018-06-26,452.090705,456.126237,450.299216,453.499181,401.504711,52283957.000000
2018-06-27,453.958842,457.573521,452.791604,456.389860,404.063968,45458964.000000
2018-06-28,456.534870,458.016785,455.376684,457.601933,405.137074,48262392.000000
2018-06-29,458.855845,459.837843,458.066027,458.460400,405.897117,42090896.000000
2018-07-02,457.097207,459.558180,453.670309,455.101500,402.923321,53916632.000000
2018-07-03,456.063426,456.552191,454.922869,455.771120,403.516167,44187993.000000
2018-07-04,455.095885,456.639782,453.569337,454.439830,402.337512,49726744.000000
2018-07-05,455.703608,462.464148,453.018135,459.148327,406.506172,46524368.000000
2018-07-06,460.873284,465.826311,457.912188,463.291805,410.174593,65601675.000000
2018-07-09,460.696625,462.597380,457.201462,458.425205,405.865957,52576201.000000
2018-07-10,457.953018,459.260202,453.571699,454.301248,402.214819,28349461.000000
2018-07-11,455.205247,457.549845,453.832345,456.137279,403.840346,38230325.000000
2018-07-12,454.966005,455.659249,453.770903,454.592623,402.472788,33745329.000000
2018-07-13,456.038712,456.575033,453.508548,454.503828,402.394173,41972628.000000
2018-07-16,452.612285,455.369785,447.268535,449.709316,398.149361,37375057.000000
2018-07-17,450.721931,453.338917,448.165585,452.306424,400.448705,54092123.000000
2018-07-18,451.828487,454.465153,450.715087,453.972701,401.923940,53999012.000000
2018-07-19,453.517385,454.215773,452.622590,453.343775,401.367122,38127606.000000
2018-07-20,452.534042,454.784694,447.329718,450.295560,398.668390,50385626.000000
2018-07-23,451.233377,459.279362,448.531787,456.513504,404.173436,71303838.000000
2018-07-24,457.027879,457.733883,455.764646,457.014831,404.617286,64903025.000000
2018-07-25,454.862027,456.736782,453.874275,455.327620,403.123516,99518725.000000
2018-07-26,458.516582,465.498102,454.901070,463.599494,410.447005,143996214.000000
2018-07-27,465.166704,466.291826,462.939543,463.688565,410.525864,37737711.000000
2018-07-30,464.472189,465.748127,463.062797,464.580084,411.315169,59470869.000000
2018-07-31,464.272967,468.934838,462.255525,467.121656,413.565345,64038780.000000
2018-08-01,466.854537,467.623455,464.779209,466.455050,412.975167,55838545.000000
2018-08-02,465.947391,467.541570,462.293299,464.534100,411.274457,74088198.000000
2018-08-03,466.127856,467.395158,462.762741,463.325854,412.059004,46066729.000000
2018-08-06,463.685076,464.328313,462.614688,463.578259,412.283480,109874859.000000
2018-08-07,463.906907,466.782400,463.165859,465.243980,413.764890,42066563.000000
2018-08-08,464.617450,465.781972,462.594772,463.437965,412.158710,60096640.000000
2018-08-09,462.825185,466.719433,460.389282,465.335694,413.846456,41414219.000000
2018-08-10,464.312263,467.154950,463.082769,464.869279,413.431649,50357138.000000
2018-08-13,464.851821,466.868156,462.866943,463.730286,412.418686,62904531.000000
2018-08-14,463.186833,465.178008,459.838419,461.461690,410.401109,29670179.000000
2018-08-15,459.198511,460.817064,458.882762,460.431713,409.485098,41428230.000000
2018-08-16,462.415025,462.720262,460.122288,460.695938,409.720087,33302821.000000
2018-08-17,461.657012,462.679108,460.202492,462.082718,410.953420,35759805.000000
2018-08-20,462.338170,463.195361,461.026804,461.926887,410.814832,42507438.000000
2018-08-21,461.514003,463.170309,461.074391,462.186217,411.045467,46649451.000000
2018-08-22,460.835143,461.777786,459.078700,461.204840,410.172679,56412506.000000
2018-08-23,460.337353,461.557987,459.147025,460.570773,409.608772,40860712.000000
2018-08-24,459.452874,460.486192,456.511013,457.557358,406.928790,52132388.000000
2018-08-27,456.516428,457.228814,451.831545,453.758265,403.550066,51005807.000000
2018-08-28,454.212696,454.783958,451.813654,452.288724,402.243129,85632799.000000
2018-08-29,451.923644,453.258543,449.958235,451.336201,401.396002,47799090.000000
2018-08-30,452.780545,453.841161,450.430650,450.907863,401.015059,46866910.000000
2018-08-31,450.667096,452.150091,449.845338,450.692109,400.823179,35895104.000000
2018-09-03,448.637295,451.028279,448.315261,450.313594,400.486546,58531676.000000
2018-09-04,450.355463,451.276806,449.775867,450.332797,400.503624,44836942.000000
2018-09-05,450.713877,452.072328,449.145836,450.176783,400.364873,76800666.000000
2018-09-06,450.314696,453.233256,443.329301,446.109520,396.747652,44427473.000000
2018-09-07,446.615094,447.571888,445.639201,446.099761,396.738972,56923488.000000
2018-09-10,445.452630,448.890425,444.532727,448.020972,398.447602,75026191.000000
2018-09-11,447.649115,447.978884,447.043839,447.541988,398.021618,34626379.000000
2018-09-12,447.291559,448.489147,446.043661,446.579638,397.165751,153448188.000000
2018-09-13,445.815976,451.929780,443.365492,449.357971,399.636662,35547183.000000
2018-09-14,449.149302,451.779869,445.195314,447.526992,398.008280,29904022.000000
2018-09-17,446.839490,448.126919,445.723412,447.683662,398.147615,54222850.000000
2018-09-18,446.432681,447.556875,442.377012,444.126049,394.983651,37352705.000000
2018-09-19,442.820709,445.405962,440.520526,442.187413,393.259525,33256647.000000
2018-09-20,443.630192,445.968174,442.107250,443.931746,394.810848,50672427.000000
2018-09-21,444.833514,450.035617,441.999056,447.675393,398.140261,55096247.000000
2018-09-24,446.554523,449.606378,445.882245,448.279799,398.677790,52181281.000000
2018-09-25,447.119243,449.149892,445.328708,447.034048,397.569881,65135320.000000
2018-09-26,446.093474,448.686100,444.733052,447.298607,397.805167,58383486.000000
2018-09-27,446.650007,448.874037,445.256441,448.039274,398.463879,47377950.000000
2018-09-28,447.025420,448.753030,446.644416,448.159647,398.570933,91321501.000000
2018-10-01,447.650253,449.051157,446.458935,448.608904,398.970479,52037379.000000
2018-10-02,448.879062,449.713464,447.046236,448.266082,398.665590,38677245.000000
2018-10-03,449.335843,449.860692,448.266655,448.682727,399.036134,52241766.000000
2018-10-04,448.978697,455.458071,447.319131,452.877954,402.767160,74697132.000000
2018-10-05,454.796818,456.245429,452.740821,453.874161,403.653138,41896417.000000
2018-10-08,455.859125,456.505877,450.828227,452.572125,402.495171,46413370.000000
2018-10-09,452.963682,455.932591,452.365880,454.095286,403.849795,47375953.000000
2018-10-10,453.280978,456.526325,452.053753,455.058166,404.706133,45769803.000000
2018-10-11,454.727825,455.647117,452.013698,453.648466,403.452415,44646941.000000
2018-10-12,451.928228,455.719232,443.620483,446.473887,397.071701,76529723.000000
2018-10-15,448.884118,452.946036,448.235747,450.496963,400.649626,60819351.000000
2018-10-16,451.861883,452.829334,449.853692,450.499449,400.651836,37085040.000000
2018-10-17,451.677487,456.287135,449.163341,454.151378,403.899681,40155360.000000
2018-10-18,454.580903,460.427596,452.366507,457.567832,406.938105,54862118.000000
2018-10-19,457.368174,459.245911,455.361558,456.378938,405.880762,51427353.000000
2018-10-22,459.472121,461.633031,458.550375,459.762526,408.889957,63136714.000000
2018-10-23,457.833567,458.736362,451.731284,454.827853,404.501304,47228744.000000
2018-10-24,454.335533,455.888911,453.715973,454.142418,403.891712,51209290.000000
2018-10-25,452.841169,454.241936,450.128530,451.805205,401.813111,53091484.000000
2018-10-26,452.000433,452.846326,449.647858,450.482567,400.636823,65660046.000000
2018-10-29,450.704258,452.649612,449.254148,452.011498,401.996578,54920099.000000
2018-10-30,449.727627,451.741413,445.620043,447.524876,398.006399,93519069.000000
2018-10-31,447.364261,452.567519,443.676828,451.585633,403.433285,95450160.000000
2018-11-01,452.047295,452.646024,450.982156,452.159549,403.946004,41971163.000000
2018-11-02,451.768830,454.438815,450.434443,452.992303,404.689962,61790578.000000
2018-11-05,455.542016,457.705587,454.661504,456.567953,407.884342,58648451.000000
2018-11-06,456.436194,458.071460,454.271059,455.642447,407.057522,53536347.000000
2018-11-07,453.876315,455.933503,451.361267,452.970594,404.670568,77885136.000000
2018-11-08,453.692748,455.355926,453.168858,454.634816,406.157334,63600738.000000
2018-11-09,453.245504,455.046379,453.003592,454.751326,406.261421,37189340.000000
2018-11-12,455.553198,460.858696,453.918247,458.435441,409.552701,57536015.000000
2018-11-13,459.321431,461.033954,458.458409,460.083133,411.024700,53950073.000000
2018-11-14,460.217005,461.385143,455.196398,457.380545,408.610288,53707948.000000
2018-11-15,457.194111,459.166875,454.925694,456.074346,407.443368,55485018.000000
2018-11-16,455.771420,457.595483,455.401288,456.370122,407.707606,47373422.000000
2018-11-19,455.619963,457.950911,453.933021,454.968126,406.455104,40529364.000000
2018-11-20,454.414446,455.956622,453.431819,454.109845,405.688341,60346156.000000
2018-11-21,452.259392,456.120814,439.691294,445.345917,397.858906,68783765.000000
2018-11-22,446.484069,447.157007,444.877821,445.827068,398.288752,31558679.000000
2018-11-23,446.474325,448.569970,445.196581,447.652143,399.919220,52402537.000000
2018-11-26,448.809000,450.263596,446.017441,447.392576,399.687331,31255147.000000
2018-11-27,448.092874,449.207216,446.904794,447.900544,400.141135,50091339.000000
2018-11-28,448.733756,451.008210,448.242625,449.394650,401.475925,41452363.000000
2018-11-29,448.676819,450.039839,447.225311,448.418676,400.604018,50030837.000000
2018-11-30,449.078797,449.587155,446.191560,447.570869,399.846613,49930368.000000
2018-12-03,447.686963,454.360097,446.765018,451.572806,403.421825,46884624.000000
2018-12-04,452.079880,453.121677,449.110913,450.470738,402.437270,26707730.000000
2018-12-05,449.148800,450.283050,447.403597,448.906796,401.040090,41335109.000000
2018-12-06,448.863496,450.837513,445.444961,446.680298,399.051002,29129423.000000
2018-12-07,447.293163,449.179476,444.253921,445.931612,398.382148,35328553.000000
2018-12-10,446.519872,450.477514,443.890754,449.535737,401.601968,43341977.000000
2018-12-11,449.163249,450.909373,447.817452,449.472220,401.545224,39824447.000000
2018-12-12,450.559671,451.375834,449.084154,449.662365,401.715093,37146377.000000
2018-12-13,449.760938,455.329587,447.804509,453.600267,405.233099,69237680.000000
2018-12-14,454.120398,455.140258,453.047372,454.407131,405.953927,68112078.000000
2018-12-17,454.251226,456.240148,453.286525,454.871752,406.369006,44807452.000000
2018-12-18,457.970360,462.915851,454.095502,460.724130,411.597348,38360604.000000
2018-12-19,461.461519,464.897104,459.667545,462.605431,413.278046,45390563.000000
2018-12-20,462.249019,463.183019,461.083761,462.018691,412.753870,18381204.000000
2018-12-21,462.071182,465.153330,460.940225,464.105731,414.618371,58070095.000000
2018-12-24,464.671376,465.172511,464.255009,464.710858,415.158973,39493053.000000
2018-12-25,465.254165,467.009186,462.230361,463.129384,413.746131,46447818.000000
2018-12-26,463.312092,464.919347,462.500261,464.175946,414.681099,38190985.000000
2018-12-27,467.078030,480.172703,461.624107,474.486258,423.892027,62837149.000000
2018-12-28,474.380375,475.180435,473.475922,474.179059,423.617584,63945696.000000
2018-12-31,474.474071,484.213054,473.627658,480.464852,429.233127,69702518.000000
2019-01-01,479.864949,482.738432,478.700338,481.481233,430.141131,51962915.000000
2019-01-02,480.094878,481.473151,478.287346,479.498192,428.369541,88701291.000000
2019-01-03,480.394464,486.277992,478.540676,483.316522,431.780724,46172840.000000
2019-01-04,483.803227,485.207995,482.815646,484.261614,432.625042,26347287.000000
2019-01-07,484.192837,485.946386,481.093959,483.022290,431.517866,24433489.000000
2019-01-08,482.158448,486.447112,481.493642,485.513766,433.743677,86813708.000000
2019-01-09,485.588818,490.922220,484.177368,488.536857,436.444418,62541097.000000
2019-01-10,489.449274,493.443419,487.769017,491.008582,438.652584,62180738.000000
2019-01-11,489.129083,490.579885,484.808639,485.843416,434.038177,54640017.000000
2019-01-14,485.658855,487.131641,484.520137,485.952021,434.135201,29505539.000000
2019-01-15,486.658722,487.837999,485.781743,486.374164,434.512331,46070817.000000
2019-01-16,486.094723,488.205888,485.393729,487.052461,435.118302,27809007.000000
2019-01-17,488.471594,492.197548,487.862096,490.182032,437.914169,69225872.000000
2019-01-18,490.302006,490.839146,489.113720,490.558010,438.250056,62281661.000000
2019-01-21,490.853761,491.617462,487.039618,488.837415,436.712927,45035086.000000
2019-01-22,489.773280,491.220727,487.520766,490.704231,438.380686,54267572.000000
2019-01-23,492.589628,499.012911,490.656143,496.775423,443.804509,49957189.000000
2019-01-24,496.581585,498.377775,491.067488,492.054155,439.586668,60137630.000000
2019-01-25,492.259924,492.567101,491.871685,492.145905,439.668635,47877075.000000
2019-01-28,492.449106,493.846761,488.694868,490.339437,440.034946,47075943.000000
2019-01-29,491.251946,492.827467,489.663244,491.643457,441.205186,59652433.000000
2019-01-30,491.959618,495.347632,489.731785,493.837138,443.173815,56840947.000000
2019-01-31,491.965177,494.489612,490.511542,493.961245,443.285190,39974290.000000
2019-02-01,495.986279,498.551453,494.522658,497.767117,446.700613,51736672.000000
2019-02-04,498.072833,503.490494,496.455997,502.600742,451.038350,85789204.000000
2019-02-05,503.126374,507.826571,502.397794,506.185928,454.255728,58750148.000000
2019-02-06,506.949911,513.173228,503.082764,510.511989,458.137973,36495282.000000
2019-02-07,508.376597,511.116512,498.678516,503.269066,451.638110,131376216.000000
2019-02-08,502.231362,505.412312,497.705365,499.453700,448.214167,40047862.000000
2019-02-11,499.957539,501.366883,499.325048,499.987256,448.692985,27232580.000000
2019-02-12,500.923968,501.567483,498.846112,499.910181,448.623817,32922355.000000
2019-02-13,499.045949,500.296059,497.681305,499.733736,448.465474,36033049.000000
2019-02-14,501.452399,501.992127,499.433556,501.468219,450.022014,43037324.000000
2019-02-15,501.454966,503.339397,497.670001,498.254096,447.137632,49489760.000000
2019-02-18,500.693952,501.745169,497.545450,499.689251,448.425553,50095047.000000
2019-02-19,501.248487,508.702520,498.696141,504.707067,452.928585,93523844.000000
2019-02-20,505.247761,507.088150,501.312011,503.668758,451.996797,39172457.000000
2019-02-21,503.792763,506.147873,502.040535,504.727792,452.947184,42966940.000000
2019-02-22,503.946800,513.564432,501.360263,510.974053,458.552634,84725882.000000
2019-02-25,511.135276,513.505902,502.259937,506.038234,454.123186,100558984.000000
2019-02-26,505.898961,507.864703,505.402752,507.311060,455.265432,55767555.000000
2019-02-27,506.590423,508.689398,505.921059,507.918537,455.810587,50586195.000000
2019-02-28,508.052405,509.428125,504.776494,506.087696,454.167574,67119886.000000
2019-03-01,505.443019,509.637557,503.634716,507.904638,455.798114,50502279.000000
2019-03-04,508.337416,511.108315,507.772986,510.191338,457.850218,30649572.000000
2019-03-05,509.910885,513.587586,508.309012,512.010971,459.483173,39491462.000000
2019-03-06,510.993454,515.024826,509.642852,513.860119,461.142615,40901529.000000
2019-03-07,513.614347,516.399024,505.492578,508.955011,456.740728,40441258.000000
2019-03-08,510.282572,512.545973,508.938140,510.513551,458.139375,33366535.000000
2019-03-11,510.154915,511.807711,505.730691,508.210244,456.072367,45318667.000000
2019-03-12,506.075594,508.069325,504.516813,505.268963,453.432836,58760329.000000
2019-03-13,505.695693,507.623323,504.148155,506.711498,454.727379,45345962.000000
2019-03-14,506.657979,507.300870,506.211116,506.642256,454.665241,47654725.000000
2019-03-15,507.377916,509.448498,505.460493,507.754445,455.663329,43950879.000000
2019-03-18,511.849791,518.522221,508.016015,515.590386,462.695372,104320502.000000
2019-03-19,513.021020,518.159890,500.345067,504.912434,453.112883,73160927.000000
2019-03-20,504.254750,505.737551,503.496337,504.222509,452.493738,48290657.000000
2019-03-21,503.646322,506.403775,502.539744,505.822688,453.929753,63468765.000000
2019-03-22,505.870290,507.173248,503.757029,504.207756,452.480499,24169866.000000
2019-03-25,505.302391,507.212296,504.467786,506.381872,454.431570,47540863.000000
2019-03-26,506.524834,508.147336,504.228921,505.159735,453.334813,64435172.000000
2019-03-27,507.056754,509.266668,504.338513,507.505689,455.440093,32176765.000000
2019-03-28,507.743128,513.438616,505.971374,512.274302,459.719489,42863985.000000
2019-03-29,513.332072,517.287073,511.660332,514.757649,461.948066,33351318.000000
2019-04-01,514.091045,516.333424,509.252709,511.151679,458.712037,51193424.000000
2019-04-02,509.977903,512.861448,508.778154,512.201190,459.653877,52215641.000000
2019-04-03,511.207112,512.645049,505.638736,506.787617,454.795689,82349463.000000
2019-04-04,508.151928,508.918479,506.119596,506.835648,454.838793,30905883.000000
2019-04-05,508.672783,509.819157,506.320370,509.140684,456.907353,29341531.000000
2019-04-08,509.107127,510.175277,507.962918,508.921873,456.710989,76221613.000000
2019-04-09,510.139879,511.025917,507.500512,508.745889,456.553059,60503486.000000
2019-04-10,510.459582,515.071388,508.102437,512.343668,459.781738,53616689.000000
2019-04-11,511.497987,512.447517,507.841355,509.705661,457.414368,35410063.000000
2019-04-12,509.211824,512.907810,507.380768,512.094020,459.557702,60870906.000000
2019-04-15,508.915195,510.462998,508.122914,508.716783,456.526939,36858419.000000
2019-04-16,508.662997,510.600158,506.391751,508.514213,456.345151,20697495.000000
2019-04-17,508.000450,508.472103,506.558738,507.813222,455.716076,57739010.000000
2019-04-18,509.368010,510.737610,508.045131,508.340348,456.189124,53345347.000000
2019-04-19,509.962001,511.323934,507.506875,508.920338,456.709612,58807664.000000
2019-04-22,508.093397,510.258270,506.637826,509.353407,457.098252,42940309.000000
2019-04-23,508.722898,512.588249,506.467072,511.041643,458.613290,57914172.000000
2019-04-24,512.995119,513.675399,510.879613,511.211485,458.765708,72417182.000000
2019-04-25,511.223327,512.930804,508.368587,509.864265,459.625013,40913309.000000
2019-04-26,509.525202,509.956842,508.048478,508.996361,458.842627,51610000.000000
2019-04-29,509.353313,512.873014,507.821586,511.393815,461.003849,53827641.000000
2019-04-30,510.712217,515.160674,508.890037,513.490735,462.894150,54803231.000000
2019-05-01,513.466331,515.467346,508.663570,511.078771,460.719848,28966550.000000
2019-05-02,512.139579,514.604944,511.235899,513.260345,462.686461,53109827.000000
2019-05-03,511.923496,515.137028,511.373967,514.092490,463.436612,62326527.000000
2019-05-06,514.554025,515.782626,511.614877,512.328880,461.846778,46537125.000000
2019-05-07,512.328103,515.836182,511.490302,513.765592,463.141924,40686370.000000
2019-05-08,512.475108,514.289155,511.670817,513.518318,462.919015,37832223.000000
2019-05-09,514.808006,515.906262,513.888881,514.240114,463.569689,52058727.000000
2019-05-10,513.681608,515.198671,509.107334,511.186643,460.817090,55229185.000000
2019-05-13,509.745568,512.520988,505.241134,507.721488,457.693373,89174206.000000
2019-05-14,508.727015,511.354574,507.774355,509.059175,458.899252,45287443.000000
2019-05-15,509.270360,510.913337,507.327909,508.000198,457.944621,31526294.000000
2019-05-16,507.775303,512.606306,507.059951,511.138962,460.774108,68545513.000000
2019-05-17,509.230111,510.560299,505.803031,508.357007,458.266272,66343473.000000
2019-05-20,507.823995,508.939024,506.834229,507.600216,457.584051,31307699.000000
2019-05-21,509.400210,510.206595,508.294455,509.060413,458.900368,17353560.000000
2019-05-22,509.517406,510.943150,506.739608,508.173626,458.100960,69321395.000000
2019-05-23,509.677858,511.110619,507.575135,508.357177,458.266425,51401936.000000
2019-05-24,509.482763,510.990530,508.114081,509.157785,458.988146,42286675.000000
2019-05-27,509.661365,511.566748,509.122238,510.634593,460.319437,42872523.000000
2019-05-28,509.450046,511.602664,503.556326,506.111470,456.241998,51665929.000000
2019-05-29,504.792698,506.278207,502.453010,503.999030,454.337706,45832607.000000
2019-05-30,505.468743,506.338045,503.669864,504.081597,454.412137,47153380.000000
2019-05-31,505.176221,506.136565,504.357075,505.700067,455.871132,56557265.000000
2019-06-03,505.469027,506.640663,503.686088,505.074507,455.307211,41699759.000000
2019-06-04,507.631605,508.872800,505.410015,506.594265,456.677221,45469566.000000
2019-06-05,505.836305,508.360941,504.306846,507.305722,457.318575,65967746.000000
2019-06-06,506.325900,509.997481,505.496358,508.244621,458.164960,43967117.000000
2019-06-07,507.249444,510.960435,498.524227,501.596994,452.172354,55849416.000000
2019-06-10,500.258608,501.736900,492.774950,496.666393,447.727587,43805200.000000
2019-06-11,495.377495,496.706156,491.692015,493.973730,445.300245,69278059.000000
2019-06-12,493.965595,497.155945,493.140683,496.034309,447.157786,30700175.000000
2019-06-13,496.698048,497.023744,495.624687,496.438768,447.522391,26507970.000000
2019-06-14,496.879616,498.676378,495.300130,497.054451,448.077408,43264946.000000
2019-06-17,496.270433,500.179402,495.480215,498.146738,449.062067,47098970.000000
2019-06-18,500.183876,504.089193,498.393373,503.032428,453.466348,49507007.000000
2019-06-19,501.700820,502.562680,500.441046,501.933614,452.475805,43874686.000000
2019-06-20,502.891019,503.930660,500.696522,501.892440,452.438688,36790241.000000
2019-06-21,499.998341,506.081227,497.912594,505.420807,455.619389,67809848.000000
2019-06-24,503.370706,506.287844,495.366809,499.280205,450.083849,56705367.000000
2019-06-25,499.116100,502.913589,491.136352,493.780950,445.126460,35145454.000000
2019-06-26,495.322400,497.216297,494.692255,495.713312,446.868418,88020276.000000
2019-06-27,495.585354,497.015844,493.311222,493.740878,445.090336,38785458.000000
2019-06-28,495.232038,496.240720,490.061162,490.687005,442.337376,62139848.000000
2019-07-01,490.489280,491.582903,486.554508,487.569824,439.527345,48741719.000000
2019-07-02,487.104959,488.056010,484.993757,485.836279,437.964614,59243121.000000
2019-07-03,486.309174,486.705218,485.199353,485.647726,437.794640,72722732.000000
2019-07-04,485.842724,487.980475,485.083449,487.167047,439.164255,28899572.000000
2019-07-05,487.383106,488.058711,484.965272,485.928081,438.047370,64798173.000000
2019-07-08,483.157820,486.667485,481.469366,485.184519,437.377075,51728191.000000
2019-07-09,483.901594,485.247277,482.628788,484.605430,436.855046,52016178.000000
2019-07-10,485.725820,486.346715,484.736867,485.580235,437.733799,72765846.000000
2019-07-11,486.376991,487.437633,485.240937,486.165704,438.261579,61961431.000000
2019-07-12,486.323620,488.219193,485.560632,486.827123,438.857825,34200280.000000
2019-07-15,487.928901,488.969031,484.508382,486.064125,438.170009,43674316.000000
2019-07-16,487.494909,490.291284,486.632531,488.500776,440.366566,39004974.000000
2019-07-17,486.938418,491.023171,478.464481,482.252539,434.733996,109638530.000000
2019-07-18,482.634534,483.754369,480.716836,481.457613,434.017398,44705443.000000
2019-07-19,483.153424,484.550502,481.121080,481.677124,434.215279,37235035.000000
2019-07-22,481.769618,482.493721,480.157047,481.415531,433.979462,39298811.000000
2019-07-23,482.403520,484.094480,480.418404,481.838403,436.324125,56470930.000000
2019-07-24,481.021687,482.592530,480.206008,482.169243,436.623714,74272667.000000
2019-07-25,483.331120,484.141625,481.355016,481.909500,436.388506,33501663.000000
2019-07-26,482.264769,483.837018,481.507495,482.951318,437.331915,44712542.000000
2019-07-29,483.870601,486.407407,482.483944,484.915766,439.110802,31398840.000000
2019-07-30,485.841907,487.977813,481.579000,483.518573,437.845587,56483721.000000
2019-07-31,482.254464,484.130122,481.210571,483.736740,438.043146,73520695.000000
2019-08-01,483.307313,487.045035,482.469176,486.256873,440.325228,57608349.000000
2019-08-02,484.524081,486.401608,474.835357,479.912525,434.580165,102952488.000000
2019-08-05,479.618071,480.854508,478.063123,479.354780,434.075105,36828945.000000
2019-08-06,479.946305,484.383200,477.650113,482.415796,436.846978,39078977.000000
2019-08-07,482.555415,484.858058,481.366750,483.609097,437.927560,42139290.000000
2019-08-08,483.632497,485.533301,481.793303,482.734942,437.135977,59389564.000000
2019-08-09,481.447249,482.338036,479.685425,480.982106,435.548714,65417677.000000
2019-08-12,482.427856,484.079531,480.061315,480.508931,435.120234,55888598.000000
2019-08-13,479.849089,482.219605,479.253222,481.606726,436.114333,39900867.000000
2019-08-14,482.523858,483.087619,481.059251,482.068416,436.532411,45029515.000000
2019-08-15,481.784170,483.169125,479.237643,480.632634,435.232252,31563012.000000
2019-08-16,479.000217,481.074127,477.030101,478.113057,432.950674,39922625.000000
2019-08-19,480.001780,481.230519,477.768975,478.788691,433.562488,49728421.000000
2019-08-20,479.031916,480.220587,477.118125,477.594982,432.481536,27123543.000000
2019-08-21,475.583831,478.055333,475.236419,477.456217,432.355879,30589977.000000
2019-08-22,475.181649,478.287391,474.743632,477.107695,432.040279,57118528.000000
2019-08-23,477.564148,480.354555,475.653378,479.449305,434.160700,42289641.000000
2019-08-26,479.797468,481.538325,475.573633,476.867485,431.822759,39391754.000000
2019-08-27,476.688554,481.336453,475.647298,479.198423,433.933517,33865154.000000
2019-08-28,478.810279,481.583045,473.601486,476.102603,431.130127,44428793.000000
2019-08-29,477.935874,482.168938,474.419527,480.844204,435.423838,73352918.000000
2019-08-30,481.097567,482.393469,478.204265,479.945743,434.610245,105325594.000000
2019-09-02,479.039061,479.771774,475.939282,477.924881,432.780273,56176224.000000
2019-09-03,475.941463,476.995221,474.115356,475.554593,430.633881,50686212.000000
2019-09-04,477.155653,483.505984,473.493685,482.381728,436.816128,53129210.000000
2019-09-05,482.806567,484.641085,482.041328,484.185053,438.449112,59713848.000000
2019-09-06,483.320437,484.256988,480.822969,482.601305,437.014964,41721377.000000
2019-09-09,483.776594,490.628401,481.634897,487.591345,441.533647,46813256.000000
2019-09-10,487.839787,492.425999,486.016585,491.167306,444.771824,46759050.000000
2019-09-11,490.222829,492.583071,489.680946,491.015313,444.634187,29498694.000000
2019-09-12,493.086339,494.959759,492.320294,493.185944,446.599782,44820863.000000
2019-09-13,494.512139,495.814324,493.531686,494.102941,447.430160,34179258.000000
2019-09-16,493.938147,495.278534,493.534991,494.346455,447.650671,60320311.000000
2019-09-17,493.730969,495.214401,489.983797,491.588971,445.153658,55166084.000000
2019-09-18,492.382514,493.974648,490.657290,492.281143,445.780448,36248313.000000
2019-09-19,492.927682,497.082663,490.696456,495.609193,448.794131,39648364.000000
2019-09-20,493.769128,495.324115,490.485362,491.447167,445.025249,45278914.000000
2019-09-23,493.840291,500.710949,490.327222,497.414971,450.429336,37772908.000000
2019-09-24,494.897677,496.289557,491.498396,494.086017,447.414834,73358456.000000
2019-09-25,492.817813,493.763457,490.910669,492.630175,446.096510,75066714.000000
2019-09-26,493.973471,495.817193,490.024116,490.534456,444.198752,29487569.000000
2019-09-27,489.424608,494.095658,488.550822,492.746270,446.201639,33520002.000000
2019-09-30,490.207543,491.346527,486.717174,487.586900,441.529622,54694538.000000
2019-10-01,487.154333,490.220679,479.444387,481.765475,436.258086,48222544.000000
2019-10-02,482.334672,485.765142,481.476162,483.466854,437.798754,61110265.000000
2019-10-03,483.691658,484.837645,481.572344,482.984526,437.361986,44821348.000000
2019-10-04,481.926640,483.579501,477.637889,479.951354,434.615326,72338377.000000
2019-10-07,480.925375,485.741542,478.696757,483.099187,437.465817,62300769.000000
2019-10-08,483.429753,484.745093,477.618491,478.665098,433.450570,47950683.000000
2019-10-09,479.686410,484.619730,477.967882,481.995974,436.466812,42047920.000000
2019-10-10,482.005182,483.213080,477.377835,479.040963,433.790931,49025424.000000
2019-10-11,477.347165,479.583483,475.590122,477.308594,432.222200,40074272.000000
2019-10-14,479.383296,484.320908,476.536814,483.087039,437.454816,40734461.000000
2019-10-15,484.609028,488.014534,482.718477,486.986097,440.985570,43953375.000000
2019-10-16,485.884917,488.162597,476.209404,479.114996,433.857970,51081431.000000
2019-10-17,479.206294,481.113869,475.138281,476.439326,431.435044,27585369.000000
2019-10-18,475.118236,477.916470,467.606963,470.133009,427.648838,54965342.000000
2019-10-21,471.374008,473.186179,467.837579,468.960309,426.582111,76189132.000000
2019-10-22,468.489339,471.285500,468.144281,470.143226,427.658132,29020546.000000
2019-10-23,469.695733,471.499388,465.194973,467.182449,424.964910,40568599.000000
2019-10-24,464.218070,466.838084,460.210358,462.522804,420.726339,48612539.000000
2019-10-25,460.965741,464.831658,460.563864,463.193540,421.336463,46719339.000000
2019-10-28,461.395332,463.358651,457.640689,459.238749,417.739052,70685124.000000
2019-10-29,458.292543,461.602175,457.652648,460.452256,418.842899,41447180.000000
2019-10-30,461.229997,465.636879,460.152591,463.279203,421.414385,67045640.000000
2019-10-31,464.147504,466.603631,463.036101,465.814989,423.721021,44367340.000000
2019-11-01,465.778643,470.216152,464.379052,469.010338,426.627619,46085857.000000
2019-11-04,467.316517,467.978876,466.605737,467.178687,424.961487,39879900.000000
2019-11-05,465.899914,467.048916,465.079012,466.383131,424.237823,53051672.000000
2019-11-06,466.431983,467.711143,464.923277,465.633311,423.555762,43211210.000000
2019-11-07,465.497679,470.769969,462.599523,470.054684,427.577591,60615569.000000
2019-11-08,468.353852,473.108513,466.170684,472.003588,429.350380,49629632.000000
2019-11-11,471.884827,475.407203,471.356839,474.059120,431.220161,47493077.000000
2019-11-12,474.404826,481.177205,470.900874,479.035084,435.746466,56447045.000000
2019-11-13,478.925823,484.707342,476.869654,482.861540,439.227139,46770834.000000
2019-11-14,482.318992,483.558074,480.514895,481.112405,437.636067,37833104.000000
2019-11-15,479.771279,482.371550,479.327840,481.835524,438.293841,39342266.000000
2019-11-18,479.174226,480.434856,476.993952,478.157928,434.948575,55208031.000000
2019-11-19,479.687925,481.352152,479.121008,480.603873,437.173489,19356190.000000
2019-11-20,477.089429,480.974045,469.460916,472.093869,429.432503,99826882.000000
2019-11-21,471.589438,472.925034,469.998106,471.938064,429.290777,49599000.000000
2019-11-22,472.174561,474.596573,469.368552,470.078903,427.599622,60912587.000000
2019-11-25,471.610613,472.739490,464.813780,466.182013,424.054879,49923884.000000
2019-11-26,466.509698,467.241949,465.567736,466.145226,424.021416,71454349.000000
2019-11-27,464.910277,467.593531,457.365544,460.789198,419.149393,61686280.000000
2019-11-28,460.686643,462.406204,455.587226,457.341611,416.013351,43570433.000000
2019-11-29,457.089744,459.994450,451.971364,454.807527,413.708263,49828457.000000
2019-12-02,452.136496,453.241818,450.287896,450.942505,410.192509,55089869.000000
2019-12-03,452.501238,457.068003,449.838243,454.682130,413.594198,40150976.000000
2019-12-04,454.506931,456.694869,453.361133,455.601710,414.430679,30333164.000000
2019-12-05,455.399532,458.404128,449.457571,451.960464,411.118479,43232525.000000
2019-12-06,451.275258,453.020509,449.100353,449.910041,409.253344,37140964.000000
2019-12-09,449.849905,450.684053,448.777429,450.244527,409.557605,59554209.000000
2019-12-10,451.011145,458.931841,446.996949,455.729946,414.547327,41933318.000000
2019-12-11,457.728609,461.969864,454.768737,459.765510,418.218212,42612611.000000
2019-12-12,460.379209,461.194339,455.108560,456.450740,415.202985,47608297.000000
2019-12-13,455.261635,457.208047,453.678471,454.295427,413.242439,48495693.000000
2019-12-16,457.410274,460.916664,456.014304,458.231328,416.822668,48729292.000000
2019-12-17,455.764223,457.798053,453.283565,454.772941,413.676803,45305734.000000
2019-12-18,455.658447,458.261629,454.592370,456.879936,415.593396,35251254.000000
2019-12-19,456.699055,457.758917,448.830701,452.002140,411.156388,79360313.000000
2019-12-20,453.048715,455.533777,452.630619,453.581989,412.593472,44466147.000000
2019-12-23,454.360310,456.794767,453.328255,455.763330,414.577694,31319061.000000
2019-12-24,455.203648,457.553335,452.210914,454.546951,413.471235,48881577.000000
2019-12-25,452.640098,457.233974,445.780005,448.778262,408.223840,43445510.000000
2019-12-26,448.984160,450.227287,443.014505,445.229643,404.995896,53279486.000000
2019-12-27,448.222772,457.240931,442.555889,454.031795,413.002632,72639848.000000
2019-12-30,457.437510,470.485210,455.278066,465.326788,423.276938,170100767.000000
2019-12-31,466.528755,468.164549,465.523039,467.631086,425.373005,38332789.000000
2020-01-01,465.294413,469.306367,464.201271,468.688964,426.335286,49345557.000000
2020-01-02,469.174978,470.555517,468.724683,469.308426,426.898770,48726715.000000
2020-01-03,467.729843,468.467864,464.223061,465.437285,423.377450,78015555.000000
2020-01-06,467.238317,472.356696,465.054012,469.789768,427.336614,68763270.000000
2020-01-07,469.813339,471.667415,467.516969,468.992620,426.611502,70927565.000000
2020-01-08,469.166651,470.439001,465.046801,466.505924,424.349520,60759978.000000
2020-01-09,469.315772,474.171976,466.641032,472.295002,429.615460,102007040.000000
2020-01-10,470.169808,472.746792,466.345636,468.630505,426.282110,33142286.000000
2020-01-13,467.737563,468.573726,466.531613,467.783146,425.511324,46964100.000000
2020-01-14,468.493455,470.429418,466.516868,469.771920,427.320380,40377470.000000
2020-01-15,471.053980,474.321027,468.428406,472.111147,431.389472,59022245.000000
2020-01-16,472.724696,473.231306,470.534543,471.875379,431.174040,35612856.000000
2020-01-17,471.171278,476.699931,469.831934,474.677530,433.734493,55767642.000000
2020-01-20,472.447632,473.015398,469.519210,471.426051,430.763468,45619561.000000
2020-01-21,473.291023,473.588563,471.176542,471.980892,431.270452,40563184.000000
2020-01-22,472.547465,475.247714,471.062938,473.907425,433.030813,56241548.000000
2020-01-23,474.734602,476.362825,472.396951,473.280544,432.458004,46022971.000000
2020-01-24,472.403711,473.901598,471.494244,472.647413,431.879483,45322792.000000
2020-01-27,473.997217,475.494893,473.102183,474.166390,433.267441,58776835.000000
2020-01-28,474.789860,479.023075,472.384343,476.588449,435.480587,67875087.000000
2020-01-29,476.787744,477.825388,471.882180,472.680070,431.909323,75227021.000000
2020-01-30,475.704854,485.229462,474.258884,482.356360,440.750990,93435559.000000
2020-01-31,482.416914,483.460741,482.093940,482.626821,440.998123,35112988.000000
2020-02-03,483.093541,490.261341,481.662028,487.516931,445.466439,68759458.000000
2020-02-04,491.398099,507.284548,486.351033,501.643575,458.374598,87036743.000000
2020-02-05,499.777536,504.724646,488.243911,492.131206,449.682712,87991315.000000
2020-02-06,496.589031,505.895435,495.449258,500.389373,457.228576,59865471.000000
2020-02-07,497.979080,501.291571,493.505192,496.017354,453.233663,66845045.000000
2020-02-10,497.917147,512.032948,492.669099,506.047716,462.398862,59536991.000000
2020-02-11,505.107010,506.649353,503.950033,505.596673,461.986723,50082335.000000
2020-02-12,507.189536,510.427228,505.769524,507.935952,464.124229,52000122.000000
2020-02-13,508.963005,517.235829,507.027643,513.073860,468.818970,66018660.000000
2020-02-14,511.232524,514.232499,507.350742,508.650300,464.776962,88850139.000000
2020-02-17,509.068449,513.686999,507.435119,511.421276,467.308928,34659614.000000
2020-02-18,511.190379,512.329513,509.602850,511.187797,467.095588,46676262.000000
2020-02-19,513.237760,515.684282,512.000520,512.667652,468.447799,52312663.000000
2020-02-20,513.079655,514.448705,512.530873,514.023054,469.686292,72867592.000000
2020-02-21,514.909829,515.469137,514.215529,514.883878,470.472866,67099907.000000
2020-02-24,514.249719,515.773416,510.201308,512.128945,467.955558,56764432.000000
2020-02-25,513.604498,523.623695,511.076976,521.567863,476.580327,52137232.000000
2020-02-26,520.719541,521.478202,516.779142,517.698826,473.045012,62941265.000000
2020-02-27,517.618291,518.681990,513.437433,515.797834,471.307989,31053113.000000
2020-02-28,516.394408,518.874146,514.511240,517.864242,473.196160,46776842.000000
2020-03-02,519.125760,523.935569,517.177918,520.855798,475.929681,72007394.000000
2020-03-03,520.678731,521.894870,519.577639,520.554281,475.654172,38082078.000000
2020-03-04,520.500279,520.932167,519.928826,520.481575,475.587736,84780654.000000
2020-03-05,520.088260,524.988855,519.382453,522.801196,477.707280,102005546.000000
2020-03-06,522.138529,524.077862,520.760347,523.449465,478.299633,27336302.000000
2020-03-09,523.231055,523.575253,521.262582,522.759603,477.669275,49790904.000000
2020-03-10,523.686571,528.952688,522.689364,527.076099,481.613454,80158836.000000
2020-03-11,527.594268,528.915620,525.404235,526.223792,480.834662,39143087.000000
2020-03-12,525.648691,527.269791,524.527728,526.541776,481.125218,43880820.000000
2020-03-13,527.997412,529.981951,527.323737,528.715536,483.111482,39567076.000000
2020-03-16,529.409880,530.854717,528.795543,529.933783,484.224650,37998771.000000
2020-03-17,530.126193,532.465223,528.385207,531.488937,485.645665,39571701.000000
2020-03-18,530.018498,532.259179,529.598127,530.836170,485.049202,34982765.000000
2020-03-19,529.857050,533.488200,527.952989,532.596482,486.657679,43165978.000000
2020-03-20,532.216765,533.145867,531.109761,531.953432,486.070095,39859524.000000
2020-03-23,532.370685,533.565041,531.906324,532.948460,486.979298,49954373.000000
2020-03-24,533.203548,536.340588,532.577262,534.422888,488.326549,55489473.000000
2020-03-25,535.433892,541.722832,534.429730,539.137832,492.634809,44784926.000000
2020-03-26,538.593892,539.447896,535.795886,536.524793,490.247156,39865557.000000
2020-03-27,536.762866,538.637150,535.636679,537.811406,491.422793,34477927.000000
2020-03-30,538.665469,539.284299,536.752269,538.734413,492.266187,39958651.000000
2020-03-31,538.465037,539.629891,536.485829,537.932428,491.533377,39106670.000000
2020-04-01,534.646855,536.905111,533.793279,536.427143,490.157928,47009878.000000
2020-04-02,535.261795,537.408007,534.085743,536.162295,489.915925,28794875.000000
2020-04-03,535.987092,540.274021,534.058532,538.594897,492.138705,56461594.000000
2020-04-06,539.408255,541.017841,538.981540,539.561295,493.021746,45205020.000000
2020-04-07,539.203746,542.213673,537.817186,541.258526,494.572584,49975384.000000
2020-04-08,540.956076,542.531685,535.636524,537.274029,490.931767,63494680.000000
2020-04-09,536.906068,540.888810,534.889520,538.590448,492.134639,29287509.000000
2020-04-10,538.128827,539.216890,532.080791,534.874455,488.739167,45525277.000000
2020-04-13,536.914224,538.273515,533.207247,533.645977,489.820844,33755920.000000
2020-04-14,533.527927,534.810867,530.428813,532.027378,488.335171,47562803.000000
2020-04-15,532.158976,533.261896,530.835993,532.775491,489.021846,40816034.000000
2020-04-16,532.360314,534.525133,531.423790,533.872309,490.028590,46972929.000000
2020-04-17,533.940817,534.695566,530.650158,531.535987,487.884135,64855000.000000
2020-04-20,531.684518,533.639280,526.959936,529.492253,486.008241,68882818.000000
2020-04-21,529.600712,531.458560,528.418995,530.761215,487.172991,66012499.000000
2020-04-22,530.440657,535.526820,529.378981,532.942045,489.174722,51484839.000000
2020-04-23,534.070419,534.706765,531.082202,532.104569,488.406023,53924843.000000
2020-04-24,533.913062,534.560020,531.188127,531.994702,488.305178,49787436.000000
2020-04-27,532.399244,535.783181,530.767917,534.608431,490.704258,39108472.000000
2020-04-28,534.603947,535.260520,533.352672,533.990955,490.137492,60468087.000000
2020-04-29,532.685839,535.880422,530.944796,534.710265,490.797728,44866452.000000
2020-04-30,534.196794,537.222146,532.624528,535.983460,491.966364,58678814.000000
2020-05-01,537.074732,537.698514,535.255412,537.116491,493.006346,40089940.000000
2020-05-04,536.176718,537.920557,528.959572,533.037229,489.262089,34400961.000000
2020-05-05,532.970222,533.995323,532.398180,533.649818,489.824370,54825367.000000
2020-05-06,533.582147,534.763972,532.593623,533.974642,490.122518,31810650.000000
2020-05-07,533.914136,535.903853,532.587473,534.829366,490.907048,50337432.000000
2020-05-08,535.342097,536.267506,528.971714,530.940188,487.337265,65876853.000000
2020-05-11,531.749167,532.219064,529.032949,530.586245,487.012390,46040618.000000
2020-05-12,529.816153,533.041588,526.483915,528.358921,484.967983,82274504.000000
2020-05-13,526.006088,527.303252,523.792801,525.738525,482.562783,31185032.000000
2020-05-14,526.264108,527.301063,525.507822,526.089828,482.885237,32916509.000000
2020-05-15,524.926089,526.645926,524.430505,525.533255,482.374372,48654362.000000
2020-05-18,524.603092,527.301034,517.101301,520.569230,477.818012,61273746.000000
2020-05-19,520.189799,526.542536,519.064717,525.080364,481.958674,86107707.000000
2020-05-20,525.639712,527.288115,522.837391,523.825199,480.806588,42436194.000000
2020-05-21,524.093315,525.637012,522.343345,523.243494,480.272655,42725754.000000
2020-05-22,523.580099,524.757647,516.988884,520.191949,477.471715,59406071.000000
2020-05-25,521.277030,527.658157,520.050802,524.487311,481.414325,78907134.000000
2020-05-26,525.482661,528.866013,524.145731,527.662264,484.328538,32946461.000000
2020-05-27,527.180707,527.855042,525.935867,527.095067,483.807921,34451508.000000
2020-05-28,529.064044,530.456122,525.689687,526.057251,482.855335,24903817.000000
2020-05-29,525.430802,526.774612,524.792886,525.524741,482.366556,39936539.000000
2020-06-01,525.360471,528.273382,524.577360,527.118344,483.829287,40609425.000000
2020-06-02,526.615600,527.169451,525.548174,526.215323,483.000426,43192242.000000
2020-06-03,524.970386,525.747695,522.209426,523.687115,480.679844,60847774.000000
2020-06-04,522.131550,526.909348,520.084660,525.533827,482.374897,40810343.000000
2020-06-05,524.843059,529.697263,523.784366,527.994714,484.633685,55149385.000000
2020-06-08,527.576869,529.670277,526.568516,528.439992,485.042396,48838844.000000
2020-06-09,528.611474,532.240608,528.031214,529.995356,486.470027,44484231.000000
2020-06-10,530.146427,532.353792,528.182293,530.630565,487.053070,40345564.000000
2020-06-11,527.712576,530.829981,526.854537,530.139832,486.602638,53832961.000000
2020-06-12,530.440549,532.055834,528.904273,530.189185,486.647938,20246237.000000
2020-06-15,530.786496,533.110275,525.853302,527.774503,484.431560,60179758.000000
2020-06-16,529.543217,531.327308,528.609092,529.667701,486.169281,30850344.000000
2020-06-17,528.346930,529.104252,525.458948,527.394948,484.083174,74790971.000000
2020-06-18,527.966145,531.298452,526.442135,529.852831,486.339207,66457143.000000
2020-06-19,529.525997,538.080305,525.676087,535.929342,491.916690,53611075.000000
2020-06-22,535.863401,536.571737,534.582732,535.169887,491.219605,57351144.000000
2020-06-23,534.563680,538.399961,533.261083,536.707350,492.630806,36781728.000000
2020-06-24,537.907417,538.984961,536.601151,538.326528,494.117010,38136090.000000
2020-06-25,538.398282,541.671706,535.958239,539.716804,495.393110,34226487.000000
2020-06-26,539.624432,540.212303,537.081450,538.996462,494.731926,32825413.000000
2020-06-29,539.108548,541.085700,537.708327,540.025211,495.676190,58685937.000000
2020-06-30,540.833985,544.434074,539.660128,542.994622,498.401741,61300575.000000
2020-07-01,542.905373,544.430856,542.128975,543.470914,498.838919,71757286.000000
2020-07-02,541.476922,543.880841,540.302936,542.115742,497.595039,44776918.000000
2020-07-03,540.187787,547.692676,538.928770,545.164234,500.393176,26382384.000000
2020-07-06,544.898851,545.614314,543.381164,544.479388,499.764572,44324113.000000
2020-07-07,545.472730,547.401782,544.162581,545.324002,500.539824,63332451.000000
2020-07-08,545.313362,547.233980,543.208555,544.736205,500.000299,36287664.000000
2020-07-09,544.631554,545.712143,541.433145,542.885516,500.554089,48129343.000000
2020-07-10,540.634036,544.292152,540.016805,543.638268,501.248146,59982161.000000
2020-07-13,543.824046,544.312280,542.689645,543.709829,501.314127,57842495.000000
2020-07-14,542.381366,544.456961,540.698982,543.177901,500.823675,40675910.000000
2020-07-15,544.118534,545.524410,542.517156,544.528714,502.069159,37119828.000000
2020-07-16,545.262034,547.069655,543.763796,545.481100,502.947283,35598152.000000
2020-07-17,546.072227,549.837589,545.573926,547.943994,505.218133,48381517.000000
2020-07-20,548.621710,550.284345,543.851428,546.068331,503.488725,42079776.000000
2020-07-21,545.937491,548.279686,544.479385,546.546791,503.929876,50367707.000000
2020-07-22,546.944790,552.837469,543.859383,550.259305,507.352907,58567840.000000
2020-07-23,551.642738,552.968264,548.650074,549.805283,506.934288,55001320.000000
2020-07-24,549.864556,552.301775,543.774354,546.460912,503.850694,59823480.000000
2020-07-27,546.126236,549.418042,544.536794,547.893194,505.171294,72810670.000000
2020-07-28,549.354379,553.119817,547.887604,550.563066,507.632983,59960049.000000
2020-07-29,551.352567,552.283547,549.494983,551.021596,508.055759,55567313.000000
2020-07-30,552.739276,553.862006,549.555294,551.516020,508.511631,47475820.000000
2020-07-31,548.587980,551.663383,545.695562,546.833577,504.194300,26258011.000000
2020-08-03,547.621347,553.551781,545.107279,550.642737,507.706441,37053994.000000
2020-08-04,551.400480,556.225006,548.023386,554.202950,510.989047,61700152.000000
2020-08-05,555.154208,559.191033,553.810627,558.398742,514.857674,71647957.000000
2020-08-06,559.998511,562.874206,547.169878,551.162221,508.185419,65392811.000000
2020-08-07,549.543744,552.279759,545.143769,548.006168,505.275459,45544829.000000
2020-08-10,547.115202,547.632674,545.396600,546.781097,504.145913,32159501.000000
2020-08-11,546.129029,547.496714,545.417532,547.028616,504.374132,37558094.000000
2020-08-12,546.923724,549.448222,542.604349,544.955928,502.463061,55550035.000000
2020-08-13,546.475250,547.055475,543.440838,544.124254,501.696237,63998966.000000
2020-08-14,543.653678,552.064710,541.770659,548.204307,505.458148,57463366.000000
2020-08-17,549.720401,550.846814,547.969925,549.554385,506.702954,39125687.000000
2020-08-18,551.047021,551.550126,548.350052,550.538886,507.610689,83322055.000000
2020-08-19,549.006774,550.817536,547.138416,548.127727,505.387539,63850055.000000
2020-08-20,548.150651,551.120412,547.391011,550.202514,507.300545,35699268.000000
2020-08-21,549.619203,554.723444,548.730478,552.518882,509.436295,23995863.000000
2020-08-24,554.708748,569.996041,551.018529,562.964961,519.067842,117902404.000000
2020-08-25,561.632220,567.162562,560.932735,564.994620,520.939238,51123852.000000
2020-08-26,565.716977,569.402102,564.525105,567.858096,523.579435,69220708.000000
2020-08-27,568.632665,570.591052,566.887102,569.261078,524.873020,54533459.000000
2020-08-28,567.653790,568.858477,563.280166,565.072708,521.011237,97074258.000000
2020-08-31,565.804530,566.632829,560.685089,562.674596,518.800118,85181401.000000
2020-09-01,565.424307,567.834912,562.435446,566.686199,522.498917,86844551.000000
2020-09-02,565.031472,567.729462,564.220161,566.917025,522.711745,55736539.000000
2020-09-03,568.323201,571.125884,566.952263,569.270539,524.881743,55681882.000000
2020-09-04,568.981426,571.846138,563.078784,565.114538,521.049806,54815266.000000
2020-09-07,564.040116,566.142119,558.915822,561.441329,517.663015,76370328.000000
2020-09-08,560.507010,562.703757,560.001394,561.842383,518.032797,57340771.000000
2020-09-09,562.016695,563.895581,558.511086,559.867982,516.212350,51725272.000000
2020-09-10,560.880582,563.261803,560.300636,562.461739,518.603859,33824976.000000
2020-09-11,560.892059,562.279849,559.479346,561.368874,517.596209,44788109.000000
2020-09-14,560.136751,562.609983,556.276560,557.324098,513.866825,44366337.000000
2020-09-15,558.616903,561.384271,557.468989,559.948429,516.286523,58985985.000000
2020-09-16,559.768229,560.694626,558.269987,559.231819,515.625791,57259781.000000
2020-09-17,558.841258,559.341557,558.004494,558.651511,515.090733,58391667.000000
2020-09-18,559.610374,560.442052,558.105100,558.673464,515.110974,39837349.000000
2020-09-21,558.851389,561.232272,555.997528,558.171085,514.647768,42255283.000000
2020-09-22,557.779914,567.827252,553.226516,563.801194,519.838870,51130834.000000
2020-09-23,563.955508,565.552085,561.789042,564.916395,520.867113,59674814.000000
2020-09-24,567.291840,574.014875,562.602543,571.832517,527.243952,45034251.000000
2020-09-25,571.551454,572.360335,570.958665,571.926403,527.330517,51889171.000000
2020-09-28,568.391506,570.695101,565.932387,568.188788,523.884342,44392790.000000
2020-09-29,568.025644,568.813574,564.084858,565.136382,521.069947,37368327.000000
2020-09-30,565.372131,568.475451,564.243251,567.392271,523.149933,53291419.000000
2020-10-01,566.785391,567.364046,562.799789,564.001130,520.023216,62480805.000000
2020-10-02,564.256630,568.686199,562.657794,566.838215,522.639080,59495089.000000
2020-10-05,571.000811,572.205681,568.841647,570.671980,526.173907,34304549.000000
2020-10-06,569.696011,571.403467,567.665384,569.791537,527.736933,56333676.000000
2020-10-07,569.915927,570.996326,568.456078,570.385586,528.287137,47914403.000000
2020-10-08,569.762091,570.936587,565.472723,567.438413,525.557486,52808361.000000
2020-10-09,565.584777,569.563113,551.923443,557.199261,516.074054,61552071.000000
2020-10-12,560.076620,564.755226,557.679519,561.618498,520.167121,59265357.000000
2020-10-13,559.826282,561.972707,551.512957,554.926041,513.968615,100405299.000000
2020-10-14,555.205787,562.905886,553.114655,560.424590,519.061332,37917041.000000
2020-10-15,560.576844,563.066459,556.545534,557.454224,516.310200,37886639.000000
2020-10-16,555.740925,557.097372,551.433284,554.967591,514.007098,52065819.000000
2020-10-19,555.115906,556.611190,549.779561,552.137775,511.386142,54398371.000000
2020-10-20,553.409804,555.811669,552.484823,554.344542,513.430034,26208766.000000
2020-10-21,553.766048,556.321957,552.844336,555.797666,514.775907,34738535.000000
2020-10-22,555.347164,561.234714,553.658567,559.043986,517.782626,48549174.000000
2020-10-23,560.246890,561.016074,559.775470,560.408391,519.046328,42863428.000000
2020-10-26,560.097157,561.208144,557.373535,558.425523,517.209811,44930600.000000
2020-10-27,556.902348,558.300838,553.217223,554.259545,513.351311,34977020.000000
2020-10-28,554.098034,555.735695,552.904205,553.450516,512.601993,25982563.000000
2020-10-29,551.608710,554.141306,549.251512,551.151074,510.472267,35524382.000000
2020-10-30,550.724682,554.434747,548.468570,553.691068,512.824792,48327982.000000
2020-11-02,552.333229,554.375661,544.423374,548.393868,507.918561,94802808.000000
2020-11-03,548.188936,549.967515,547.843363,548.758612,508.256385,37182381.000000
2020-11-04,548.657618,550.830746,542.847543,545.320375,505.071914,28881783.000000
2020-11-05,545.330234,547.457238,540.504565,542.549304,502.505367,34845815.000000
2020-11-06,540.006274,542.022886,538.665530,541.217525,501.271883,51732828.000000
2020-11-09,541.838261,542.904182,541.035343,541.403656,501.444276,77297657.000000
2020-11-10,540.685559,541.394949,538.359316,539.425382,499.612013,39538020.000000
2020-11-11,537.658844,538.880913,536.224561,538.133729,498.415692,24255948.000000
2020-11-12,540.802196,541.743611,537.771182,538.764699,499.000093,37088405.000000
2020-11-13,539.298560,540.334308,536.439606,537.860954,498.163050,55565352.000000
2020-11-16,537.884218,539.958356,536.043654,539.462603,499.646486,37021922.000000
2020-11-17,539.688007,542.565450,538.134887,541.651228,501.673576,60852043.000000
2020-11-18,543.893744,544.492076,540.278558,540.959918,501.033289,44756212.000000
2020-11-19,542.383828,545.796886,534.479890,536.271274,496.690700,37250922.000000
2020-11-20,536.168561,538.155326,535.228679,537.205059,497.555565,71720310.000000
2020-11-23,537.695426,539.348969,534.944832,536.157293,496.585132,33948228.000000
2020-11-24,534.277737,536.525427,531.153656,532.752654,493.431779,36121369.000000
2020-11-25,531.187704,532.962509,528.241548,530.534619,491.377451,84511715.000000
2020-11-26,531.817046,534.044285,527.110238,528.547063,489.536589,51415116.000000
2020-11-27,528.745513,530.255970,527.424204,527.753215,488.801333,46212463.000000
2020-11-30,529.661876,530.579530,526.928991,528.479869,489.474355,49811112.000000
2020-12-01,530.170075,531.746945,525.364636,527.095805,488.192445,56426986.000000
2020-12-02,525.794678,529.222070,521.678343,523.071587,484.465242,77593700.000000
2020-12-03,522.947352,523.701953,517.799803,520.810565,482.371100,47399157.000000
2020-12-04,517.104465,521.507333,508.642344,511.719104,473.950652,77102596.000000
2020-12-07,511.877438,512.378941,509.256941,510.717763,473.023216,35529806.000000
2020-12-08,511.351551,514.068815,509.589237,513.395803,475.503599,17826176.000000
2020-12-09,512.553529,519.391890,510.807788,517.812592,479.594398,45690287.000000
2020-12-10,517.799718,518.096326,517.291269,517.547514,479.348884,45817102.000000
2020-12-11,517.273546,518.638603,516.071086,517.689159,479.480075,29809809.000000
2020-12-14,517.039348,527.563045,512.118755,522.765635,484.181872,95002637.000000
2020-12-15,522.201244,525.688662,513.188187,515.351168,477.314644,56924477.000000
2020-12-16,517.146266,523.053742,514.358790,520.183713,481.790514,119288170.000000
2020-12-17,519.976727,523.145753,518.513339,521.233841,482.763135,74169565.000000
2020-12-18,521.119271,523.469621,520.636870,522.488458,483.925153,46152829.000000
2020-12-21,523.220305,525.224656,521.534465,523.500476,484.862476,66788821.000000
2020-12-22,524.532103,532.963379,523.547987,529.326597,490.258589,20354985.000000
2020-12-23,529.418285,531.919066,528.201144,530.086598,490.962497,43340522.000000
2020-12-24,528.810265,531.761672,522.037573,524.798249,486.064465,43756019.000000
2020-12-25,527.855309,532.552503,526.211981,530.912535,491.727473,47558333.000000
2020-12-28,528.672150,529.785716,525.036880,526.445838,487.590450,42216400.000000
2020-12-29,525.686267,527.826034,525.068535,526.180066,487.344293,50564190.000000
2020-12-30,527.229039,531.317332,525.407669,530.412096,491.263970,65913857.000000
2020-12-31,530.571637,531.362101,529.056945,530.147516,491.018918,30626310.000000
2021-01-01,530.932314,532.817126,529.250141,530.649678,493.705692,68567217.000000
2021-01-04,530.923445,532.143773,529.629492,530.831460,493.874819,47543971.000000
2021-01-05,530.438847,531.018698,528.866867,530.365576,493.441370,60462469.000000
2021-01-06,531.776947,537.147077,528.974714,535.093781,497.840395,41097466.000000
2021-01-07,535.980021,536.688903,533.171307,534.080776,496.897917,35142898.000000
2021-01-08,533.043416,536.168150,532.289621,535.299076,498.031398,65033594.000000
2021-01-11,536.019175,543.042771,535.001283,539.466077,501.908291,31154958.000000
2021-01-12,539.241527,541.153516,535.474906,536.199693,498.869314,67830825.000000
2021-01-13,536.782313,543.875637,533.162300,541.708171,503.994290,75926857.000000
2021-01-14,539.884875,541.428217,534.430189,537.919294,500.469196,71907415.000000
2021-01-15,537.404388,538.409981,534.626217,536.156475,498.829105,58437533.000000
2021-01-18,536.838868,537.998457,535.858138,536.955527,499.572526,46886690.000000
2021-01-19,536.377210,538.187364,527.948303,531.889544,494.859239,48302470.000000
2021-01-20,532.547381,534.503854,528.461870,529.842657,492.954857,51473954.000000
2021-01-21,531.840644,538.982654,530.952471,535.732697,498.434830,61413022.000000
2021-01-22,534.765119,536.771428,534.388385,535.870627,498.563158,42137739.000000
2021-01-25,535.360614,537.280933,534.548923,535.949830,498.636846,22140757.000000
2021-01-26,537.414913,541.260898,535.157445,539.266149,501.722282,39973426.000000
2021-01-27,539.892588,541.600233,538.429827,540.216016,502.606019,55714670.000000
2021-01-28,538.375827,540.257711,534.190883,535.495883,498.214503,38765591.000000
2021-01-29,534.845461,536.741310,531.987319,532.693871,495.607568,45059836.000000
2021-02-01,531.571480,533.305406,527.931976,529.789896,492.905769,49482830.000000
2021-02-02,527.998867,529.795248,526.423682,527.752793,491.010490,72081961.000000
2021-02-03,525.973097,527.855352,524.360138,525.539333,488.951131,59909245.000000
2021-02-04,525.559651,527.228971,523.841930,526.420693,489.771130,57352152.000000
2021-02-05,522.485674,529.582060,505.999869,512.171979,476.514416,78239518.000000
2021-02-08,513.769701,515.076150,512.952341,513.926695,478.146969,64196860.000000
2021-02-09,514.331520,515.218530,511.691344,512.157768,476.501195,46835116.000000
2021-02-10,513.106148,514.046822,510.923322,512.548152,476.864400,27774758.000000
2021-02-11,511.961122,513.733134,509.573216,510.130824,474.615367,38774069.000000
2021-02-12,513.315135,514.489839,511.828616,513.092807,477.371136,69105362.000000
2021-02-15,512.039360,513.993610,508.882459,510.708906,475.153203,53297806.000000
2021-02-16,510.340536,512.677808,506.388396,507.525248,472.191192,24049323.000000
2021-02-17,504.980886,508.911633,503.533253,507.577890,472.240169,65345236.000000
2021-02-18,508.796301,510.415625,507.318992,508.386575,472.992553,39407082.000000
2021-02-19,509.090634,510.085730,507.588519,508.372028,472.979020,73477893.000000
2021-02-22,509.839160,512.827421,507.466344,511.759498,476.130653,45855992.000000
2021-02-23,512.601612,513.562426,511.020065,511.533686,475.920562,42701011.000000
2021-02-24,512.739474,517.913836,509.287699,516.748423,480.772247,69917683.000000
2021-02-25,516.300345,517.415169,515.500713,516.284008,480.340165,64474133.000000
2021-02-26,516.825039,521.572682,515.291880,520.733722,484.480088,66145549.000000
2021-03-01,520.179292,521.585571,517.895942,520.087237,483.878612,44549213.000000
2021-03-02,519.987773,525.693455,516.599601,524.044720,487.560574,55078600.000000
2021-03-03,522.843970,524.895677,521.805419,524.217375,487.721209,92107244.000000
2021-03-04,524.546853,525.451376,522.349888,523.685278,487.226156,58627330.000000
2021-03-05,524.896267,526.497361,523.868625,524.691378,488.162212,40377211.000000
2021-03-08,526.022803,529.437345,523.970250,528.270717,491.492356,50530835.000000
2021-03-09,529.660588,530.598320,526.442312,527.673762,490.936961,36987265.000000
2021-03-10,528.316812,528.863968,527.489709,527.770576,491.027034,60393130.000000
2021-03-11,528.474118,532.774515,526.277532,531.834379,494.807915,54639482.000000
2021-03-12,532.306287,535.519006,530.372239,533.165001,496.045898,59321630.000000
2021-03-15,531.260634,533.249395,530.399256,531.952296,494.917622,48992525.000000
2021-03-16,533.645913,536.906700,531.497597,535.993373,498.677358,59403833.000000
2021-03-17,535.610425,536.147602,532.538763,534.481372,497.270623,83934424.000000
2021-03-18,535.231360,536.410734,533.799819,535.080307,497.827860,65281383.000000
2021-03-19,537.248483,543.139355,535.822704,539.552194,501.988413,39482481.000000
2021-03-22,541.076062,542.544532,539.053972,540.967135,503.304846,51358382.000000
2021-03-23,540.116043,541.452756,537.422343,538.817922,501.305261,41729389.000000
2021-03-24,538.160567,544.586364,537.211756,542.281858,504.528037,54372221.000000
2021-03-25,543.080277,551.157605,541.245299,547.665329,509.536709,81891787.000000
2021-03-26,544.558593,548.099460,541.610416,542.747171,504.960954,62452174.000000
2021-03-29,544.240961,551.483052,540.320681,548.560741,510.369782,69472762.000000
2021-03-30,549.312886,550.411761,547.659228,548.364607,510.187304,34616310.000000
2021-03-31,547.794394,548.985104,542.577631,545.112286,509.453953,41639867.000000
2021-04-01,544.338288,546.530257,543.082699,545.543952,509.857382,55273241.000000
2021-04-02,545.561402,546.065399,542.933596,543.940844,508.359140,45614030.000000
2021-04-05,544.902123,546.481733,542.768142,544.138137,508.543527,29929200.000000
2021-04-06,546.175025,547.528485,545.009736,545.805641,510.101952,51738993.000000
2021-04-07,543.091471,549.693117,541.151608,547.337279,511.533399,58576270.000000
2021-04-08,546.483175,547.595447,544.467463,545.170167,509.508047,46942087.000000
2021-04-09,544.510975,545.098606,541.493087,543.725431,508.157818,45164299.000000
2021-04-12,542.990934,544.235918,538.438972,540.997862,505.608672,43550660.000000
2021-04-13,542.352048,544.903590,540.802696,542.972575,507.454210,42760815.000000
2021-04-14,542.746317,544.246958,541.021701,541.790610,506.349562,41860916.000000
2021-04-15,541.866563,542.835621,539.472332,540.433903,505.081605,60630975.000000
2021-04-16,539.506377,540.467359,539.122959,539.948207,504.627680,42141900.000000
2021-04-19,538.501790,538.953799,536.716561,538.081342,502.882936,22015571.000000
2021-04-20,537.720539,539.533042,535.677774,537.181134,502.041614,37081099.000000
2021-04-21,536.831188,538.536818,535.134929,536.248294,501.169796,44706166.000000
2021-04-22,535.859428,537.969789,534.365556,536.277887,501.197452,43709248.000000
2021-04-23,534.751013,537.257337,531.940244,534.047339,499.112815,90534991.000000
2021-04-26,531.083323,533.693173,530.506870,533.108237,498.235144,58629937.000000
2021-04-27,532.506166,535.302853,531.381678,534.795780,499.812297,34566644.000000
2021-04-28,534.316934,535.458133,531.093363,532.839223,497.983727,39346706.000000
2021-04-29,529.995117,531.030683,527.300608,529.579494,494.937233,44303322.000000
2021-04-30,530.242354,533.086483,528.051785,531.197778,496.449657,61068813.000000
2021-05-03,529.728875,533.073978,519.480439,523.424128,489.184518,59556272.000000
2021-05-04,525.305181,526.932704,523.382151,524.675541,490.354070,36434845.000000
2021-05-05,522.239060,524.452545,519.163229,521.493994,487.380643,42602589.000000
2021-05-06,520.347191,521.610518,516.568746,518.305544,484.400764,56203152.000000
2021-05-07,518.165974,520.955282,513.045557,514.178753,480.543926,60731171.000000
2021-05-10,512.038268,514.145692,511.382199,512.857519,479.309120,81949731.000000
2021-05-11,513.605918,521.008182,511.436081,517.770058,483.900306,75098235.000000
2021-05-12,514.501417,516.102968,512.659091,514.837854,481.159912,36680676.000000
2021-05-13,514.128502,515.474220,513.703977,514.764367,481.091232,67943256.000000
2021-05-14,513.868177,516.691307,512.458151,516.168153,482.403190,55115259.000000
2021-05-17,513.782194,514.817967,511.527876,513.911967,480.294591,27580727.000000
2021-05-18,513.435201,515.981435,511.759744,515.188457,481.487581,35058511.000000
2021-05-19,516.654698,517.414040,513.709323,514.466951,480.813272,49889253.000000
2021-05-20,516.467841,517.452284,512.328546,513.793896,480.184244,42193715.000000
2021-05-21,513.909720,514.595785,512.501404,513.209668,479.638233,48120654.000000
2021-05-24,514.607755,517.104629,512.980849,515.676445,481.943647,58835751.000000
2021-05-25,516.110667,516.914129,512.968478,513.466219,479.878002,38595953.000000
2021-05-26,513.778777,515.121218,512.605620,513.975102,480.353596,69070322.000000
2021-05-27,514.773668,515.939941,511.360547,513.233685,479.660679,39002967.000000
2021-05-28,513.536832,516.484493,511.603971,515.425051,481.708698,52546878.000000
2021-05-31,516.253357,522.853840,515.097449,520.554351,486.502466,48107910.000000
2021-06-01,523.879289,530.933900,522.615205,526.711701,492.257035,74097518.000000
2021-06-02,528.252300,537.070540,524.055721,532.499670,497.666386,54633743.000000
2021-06-03,533.862101,542.247366,532.425353,539.249338,503.974527,63599214.000000
2021-06-04,540.348570,541.254782,535.198866,537.636717,502.467395,49781957.000000
2021-06-07,537.609066,538.955916,536.794105,538.067116,502.869640,34197243.000000
2021-06-08,539.498649,543.957795,536.274107,542.920717,507.405744,30025567.000000
2021-06-09,543.944879,546.775156,539.212522,540.469005,505.114410,39315128.000000
2021-06-10,540.316561,544.444301,538.290451,543.370120,507.825749,40846699.000000
2021-06-11,543.334193,545.682670,538.184151,540.830305,505.452075,40076001.000000
2021-06-14,540.877440,541.843868,539.049476,540.347905,505.001232,31480834.000000
2021-06-15,537.608548,540.052367,534.809142,537.031036,501.901335,54672528.000000
2021-06-16,535.879222,536.596747,532.799824,534.562845,499.594599,40678127.000000
2021-06-17,535.080630,536.523695,531.447272,532.312474,497.491435,54505674.000000
2021-06-18,532.776213,535.198218,527.246352,529.883237,495.221107,35861228.000000
2021-06-21,529.137563,532.745436,527.153651,531.928084,497.132191,41101420.000000
2021-06-22,534.162378,536.492587,531.754716,535.645602,500.606528,50923411.000000
2021-06-23,538.896180,543.040822,537.185682,539.831740,504.518832,37727935.000000
2021-06-24,539.930524,545.859680,538.941285,543.794129,508.222022,63810835.000000
2021-06-25,547.524102,553.490172,545.144199,549.698965,513.740595,48381108.000000
2021-06-28,550.518962,550.947297,547.177030,548.464971,514.904393,35983151.000000
2021-06-29,549.374746,551.568998,543.620755,546.001930,512.592065,40939257.000000
2021-06-30,544.428436,550.376529,543.522934,548.014665,514.481641,31803195.000000
2021-07-01,545.628759,546.234520,543.440891,545.628413,512.241403,54081851.000000
2021-07-02,546.280139,547.051795,544.109797,545.071313,511.718393,42113499.000000
2021-07-05,545.719868,546.108473,542.919330,544.409978,511.097525,57786992.000000
2021-07-06,544.044549,548.774603,541.607634,547.434922,513.937372,55197129.000000
2021-07-07,547.178556,550.425562,545.585557,548.919399,515.331014,46323952.000000
2021-07-08,548.656490,550.193093,547.456757,549.058275,515.461392,29267823.000000
2021-07-09,546.895030,549.682811,545.850348,548.700053,515.125090,47933633.000000
2021-07-12,549.496085,552.527172,547.660732,549.828523,516.184509,63134236.000000
2021-07-13,548.378855,550.829725,547.294272,550.331726,516.656921,52059001.000000
2021-07-14,549.028122,549.780714,546.777914,548.675670,515.102199,40235236.000000
2021-07-15,548.560409,553.170419,540.501802,542.214212,509.036117,86651299.000000
2021-07-16,541.052097,542.211852,539.193195,540.682330,507.597971,46476107.000000
2021-07-19,541.652241,543.505025,539.917804,542.721034,509.511927,40180788.000000
2021-07-20,542.577317,547.017025,532.602569,534.473330,501.768900,106239110.000000
2021-07-21,534.893367,540.138880,533.846994,537.533127,504.641468,73462698.000000
2021-07-22,537.452385,540.390356,532.312217,533.759896,501.099121,31168108.000000
2021-07-23,535.183385,536.319724,531.472486,532.532838,499.947147,48303804.000000
2021-07-26,536.636637,552.423984,528.412258,546.388189,512.954689,50997357.000000
2021-07-27,547.897981,549.994683,546.489181,547.240971,513.755289,49824498.000000
2021-07-28,545.739934,548.001527,544.976073,546.922944,513.456722,36653501.000000
2021-07-29,544.509083,549.013158,534.622567,536.666515,503.827884,56909835.000000
2021-07-30,535.504351,541.079878,532.557751,539.408771,506.402341,47210540.000000
2021-08-02,540.470856,546.395164,537.984248,543.539314,510.280137,59916748.000000
2021-08-03,544.013254,545.734009,542.643755,544.646719,511.319779,33632770.000000
2021-08-04,544.363313,547.232376,532.347070,536.439482,503.614743,87231861.000000
2021-08-05,541.838662,563.165512,537.445943,555.326853,521.346396,79430407.000000
2021-08-06,552.768468,555.466671,550.476338,552.981526,519.144579,39188149.000000
2021-08-09,553.336201,556.181880,551.180999,555.072508,521.107614,67381834.000000
2021-08-10,555.350601,566.173675,553.568661,561.340368,526.991944,42268153.000000
2021-08-11,559.313722,561.966680,555.827607,558.486563,524.312763,57414932.000000
2021-08-12,558.721943,563.153187,557.926452,561.234817,526.892852,81402776.000000
2021-08-13,565.129724,578.478893,559.943389,573.350163,538.266859,81284016.000000
2021-08-16,571.968343,572.605637,570.363006,571.166906,536.217196,40797881.000000
2021-08-17,570.894372,573.446811,569.659032,572.556749,537.521995,36576976.000000
2021-08-18,573.434898,575.011130,572.064194,573.385005,538.299570,48137804.000000
2021-08-19,573.792742,574.832843,572.121556,573.232150,538.156067,65361367.000000
2021-08-20,574.083507,582.690538,570.807201,578.909380,543.485908,39155790.000000
2021-08-23,579.869725,582.036438,575.237489,577.740868,542.388897,32873473.000000
2021-08-24,576.045745,579.508363,572.019524,573.146739,538.075883,40151421.000000
2021-08-25,571.035688,573.962785,564.338151,565.989302,531.356410,53742553.000000
2021-08-26,565.722559,569.970829,564.484941,568.214040,533.445016,69160287.000000
2021-08-27,569.643600,571.003051,569.113593,570.222324,535.330412,50683252.000000
2021-08-30,573.481935,578.885481,569.519818,576.579872,541.298942,32362204.000000
2021-08-31,573.613492,576.277649,566.105659,568.329553,533.553461,55020122.000000
2021-09-01,568.225071,569.211415,567.531953,568.081678,533.320753,50773874.000000
2021-09-02,570.518916,583.575243,563.925685,578.457161,543.061360,82441921.000000
2021-09-03,579.361274,581.787483,578.574062,580.297343,544.788941,107489493.000000
2021-09-06,580.631952,585.969414,577.934282,584.631115,548.857530,81858580.000000
2021-09-07,586.033073,588.481291,585.423010,587.678706,551.718638,45982535.000000
2021-09-08,589.026409,591.390988,587.501710,589.402136,553.336612,51127609.000000
2021-09-09,586.957998,590.541908,583.832971,586.549219,550.658265,57867509.000000
2021-09-10,585.180496,587.211397,582.890035,584.383549,548.625112,28787019.000000
2021-09-13,584.245272,587.671433,578.411931,579.672097,544.201954,86961828.000000
2021-09-14,577.191392,577.974165,574.090709,576.441234,541.168788,28628113.000000
2021-09-15,576.829427,580.619094,569.609519,573.404593,538.317959,89382496.000000
2021-09-16,571.862211,573.776037,570.068220,573.125938,538.056355,29186124.000000
2021-09-17,572.148723,575.114723,564.703337,566.409795,531.751172,51279349.000000
2021-09-20,563.143845,567.763134,557.618433,559.355617,525.128640,35954463.000000
2021-09-21,559.918683,562.099324,559.135752,560.174412,525.897333,38359115.000000
2021-09-22,554.679450,562.052775,544.808582,549.663973,516.030027,47187824.000000
2021-09-23,547.276064,548.692082,542.001942,544.186852,513.197440,30453132.000000
2021-09-24,541.708646,545.107597,531.156342,535.238648,504.758803,64803023.000000
2021-09-27,534.285014,535.909591,533.659941,534.349160,503.919968,42673734.000000
2021-09-28,534.954823,536.499996,533.142942,534.255580,503.831717,28602848.000000
2021-09-29,535.709415,538.760591,534.042186,536.767710,506.200791,48200560.000000
2021-09-30,535.572032,536.592305,534.943359,536.024078,505.499506,47393135.000000
2021-10-01,536.471389,538.365310,535.313833,536.415141,505.868299,46403565.000000
2021-10-04,537.471280,542.619883,536.543015,540.858182,510.058326,48532389.000000
2021-10-05,539.514153,544.211601,537.960161,543.285933,512.347825,66813000.000000
2021-10-06,541.237113,543.339431,540.787709,542.981884,512.061091,56113556.000000
2021-10-07,543.221954,549.205856,542.009262,546.102121,515.003642,50145308.000000
2021-10-08,546.508760,548.157671,543.568273,544.252535,513.259383,53749889.000000
2021-10-11,545.237830,547.004673,540.507200,542.474721,511.582808,42955355.000000
2021-10-12,544.603854,546.750398,539.846952,540.874012,510.073254,54558079.000000
2021-10-13,542.180693,544.242712,540.705844,542.520205,511.625702,50504562.000000
2021-10-14,543.891369,545.264170,541.878808,543.264977,512.328062,56773777.000000
2021-10-15,544.391118,545.381463,540.228342,542.006494,511.141245,60856319.000000
2021-10-18,543.817173,546.267955,541.022949,544.762618,513.740418,46296108.000000
2021-10-19,544.551677,546.019581,543.484606,543.869590,512.898245,32326657.000000
2021-10-20,545.061873,547.241788,544.313049,545.738165,514.660412,38326697.000000
2021-10-21,545.472926,549.352247,542.709447,547.855219,516.656907,29156156.000000
2021-10-22,546.830163,549.128170,545.365544,548.159637,516.943990,46053943.000000
2021-10-25,549.385406,549.996272,543.806957,546.137039,515.036572,28790032.000000
2021-10-26,546.668710,547.435414,545.203031,546.447724,515.329564,49280499.000000
2021-10-27,547.810154,548.257709,544.733573,545.564863,514.496979,40568603.000000
2021-10-28,546.139448,546.642792,543.924144,544.500928,513.493630,43792931.000000
2021-10-29,542.753899,545.896409,542.006256,545.016500,513.979842,71472156.000000
2021-11-01,545.814237,547.445369,543.904872,545.264940,514.214135,43016230.000000
2021-11-02,545.240094,545.605692,543.697859,544.684568,513.666813,36550336.000000
2021-11-03,544.333214,546.402753,542.591202,545.765206,514.685913,39181255.000000
2021-11-04,545.810897,547.317160,544.799976,546.150868,515.049612,30276644.000000
2021-11-05,545.295638,547.834829,542.386676,543.337908,512.396840,52923876.000000
2021-11-08,544.169555,548.197605,541.870115,546.482723,515.362569,29627904.000000
2021-11-09,544.224239,546.769193,541.914837,545.673784,514.599697,56169999.000000
2021-11-10,546.687054,550.325494,545.919963,548.229697,517.010060,42131001.000000
2021-11-11,545.971075,551.137453,544.204518,549.504650,518.212410,38184136.000000
2021-11-12,549.770295,551.327181,548.517026,550.568830,519.215988,50801301.000000
2021-11-15,551.974062,554.552334,549.937330,552.471701,521.010498,38247945.000000
2021-11-16,551.404180,552.799223,550.832596,552.076838,520.638120,41413472.000000
2021-11-17,553.494068,555.312026,552.197346,552.740187,521.263695,47305892.000000
2021-11-18,553.422555,555.037822,551.160567,552.450524,520.990526,27760658.000000
2021-11-19,550.778060,552.982784,549.447084,551.792951,520.370400,34192229.000000
2021-11-22,552.705040,554.060581,551.939895,553.245829,521.740542,73529058.000000
2021-11-23,552.249157,558.277531,548.790806,557.207131,525.476263,28195359.000000
2021-11-24,556.540002,557.131065,554.798272,556.162886,524.491484,37800761.000000
2021-11-25,556.448142,558.389148,552.220939,554.362501,522.793624,51622113.000000
2021-11-26,553.775292,555.438783,552.280477,553.317218,521.807866,53212543.000000
2021-11-29,552.100101,555.207048,551.371940,554.434197,522.861237,35623111.000000
2021-11-30,553.083154,556.939300,552.459022,555.909016,524.252071,61758108.000000
2021-12-01,556.199827,556.992745,553.584991,555.081440,523.471622,67693339.000000
2021-12-02,555.670740,562.748290,554.177166,559.265499,527.417415,51225143.000000
2021-12-03,559.723883,561.715383,555.117700,557.184140,525.454581,47056864.000000
2021-12-06,557.594041,560.011611,556.823004,558.995247,527.162552,39703948.000000
2021-12-07,559.441776,562.088561,558.332359,561.423018,529.452071,44775051.000000
2021-12-08,559.093498,566.239076,545.579799,548.314561,517.090091,65171649.000000
2021-12-09,547.581124,548.717929,542.673180,544.305335,513.309176,44637887.000000
2021-12-10,543.488700,545.089149,542.756008,543.789638,512.822846,44740473.000000
2021-12-13,544.324920,546.112927,542.667653,544.980797,513.946173,29028080.000000
2021-12-14,544.669621,545.485361,540.564214,541.922753,511.062273,49447553.000000
2021-12-15,539.208811,541.156114,535.822870,538.595361,507.924364,35262156.000000
2021-12-16,539.411871,549.002701,536.925770,544.481977,513.475759,50919290.000000
2021-12-17,541.639065,544.756708,539.596103,540.716204,509.924432,74319546.000000
2021-12-20,542.303449,548.680503,539.103232,545.295819,514.243255,29531320.000000
2021-12-21,545.661885,546.278283,541.984555,542.920197,514.317344,44261661.000000
2021-12-22,544.018605,553.818224,540.901683,550.728986,521.714740,74088160.000000
2021-12-23,551.071752,555.379022,550.010200,553.185433,524.041774,86569847.000000
2021-12-24,553.532546,554.322622,552.879175,553.859357,524.680193,57922665.000000
2021-12-27,553.655772,556.139652,548.385516,551.467620,522.414460,85294423.000000
2021-12-28,552.108964,556.524946,551.313095,554.248063,525.048420,47855656.000000
2021-12-29,553.930762,564.803049,551.443744,563.131798,533.464130,71709482.000000
2021-12-30,561.695500,563.984821,559.718790,560.895255,531.345416,70162097.000000
2021-12-31,560.235384,562.649085,555.250585,557.054783,527.707274,37481095.000000
2022-01-03,556.722803,561.897391,555.558360,559.539623,530.061204,34131815.000000
2022-01-04,560.004015,560.710421,557.208604,558.611280,529.181769,22043860.000000
2022-01-05,559.664511,568.489442,555.783844,564.432970,534.696753,31061184.000000
2022-01-06,563.000043,563.888844,558.174109,560.819316,531.273478,40685409.000000
2022-01-07,561.638027,562.176975,557.355233,558.985205,529.535994,41471215.000000
2022-01-10,557.978866,561.222292,555.633160,559.725169,530.236974,57883698.000000
2022-01-11,557.471386,561.553434,555.789316,560.387560,530.864468,42621709.000000
2022-01-12,562.423861,575.844881,561.105013,569.830476,539.809900,67942720.000000
2022-01-13,570.045035,571.523004,567.228428,568.448301,538.500542,43361716.000000
2022-01-14,568.655537,568.995119,568.107491,568.626182,538.669052,25123096.000000
2022-01-17,569.391163,580.000868,565.519728,575.301335,544.992535,39530589.000000
2022-01-18,574.900745,579.733527,570.992544,578.598925,548.116398,52616714.000000
2022-01-19,578.126488,585.106272,576.567781,582.020053,551.357290,25990607.000000
2022-01-20,579.908661,585.516527,569.544866,571.873906,541.745676,60541573.000000
2022-01-21,570.187371,570.771862,568.516367,569.488151,539.485610,58591843.000000
2022-01-24,569.564670,572.217840,567.135751,571.568544,541.456401,36423047.000000
2022-01-25,570.967587,573.471460,566.674098,568.518812,538.567339,66081033.000000
2022-01-26,571.428736,583.388018,567.242661,579.274148,548.756048,69451647.000000
2022-01-27,578.037564,579.059139,572.636991,574.280271,544.025265,67056084.000000
2022-01-28,575.311127,580.105837,574.317027,578.427981,547.954459,44276433.000000
2022-01-31,577.707485,580.428194,575.366851,579.744466,549.201588,59406563.000000
2022-02-01,580.889879,582.434649,579.169616,581.160685,550.543196,54677457.000000
2022-02-02,580.493765,582.306956,578.824612,581.751360,551.102752,35323549.000000
2022-02-03,581.548389,583.084734,576.774378,578.102248,547.645887,40128608.000000
2022-02-04,578.291313,580.894646,573.199791,575.864474,545.526006,48128717.000000
2022-02-07,577.335618,586.477617,573.356942,582.821738,552.116739,89795077.000000
2022-02-08,582.067618,583.235597,581.013306,582.427200,551.742986,50209097.000000
2022-02-09,584.796120,589.324182,581.126413,587.695848,556.734065,102916779.000000
2022-02-10,587.783547,594.431777,584.426492,591.789141,560.611709,50983187.000000
2022-02-11,592.116072,595.913658,591.323323,593.601512,562.328598,66173607.000000
2022-02-14,594.244384,595.471982,584.882930,587.007990,556.082445,36948274.000000
2022-02-15,585.813753,589.639691,579.576586,582.045428,551.381328,30024784.000000
2022-02-16,580.352770,581.234474,578.525570,579.766892,549.222832,43208102.000000
2022-02-17,578.273093,580.970473,573.980626,575.166246,544.864563,51848681.000000
2022-02-18,576.053039,577.571271,568.579314,571.260085,541.164192,38085917.000000
2022-02-21,568.705045,569.868378,562.298492,566.011941,536.192538,65013647.000000
2022-02-22,566.131798,566.760110,564.253034,565.898211,536.084800,39708581.000000
2022-02-23,566.380063,567.873294,563.962983,565.298379,535.516569,43277366.000000
2022-02-24,564.355863,564.804331,563.218502,564.004118,534.290494,79089856.000000
2022-02-25,563.457736,566.487281,561.675795,564.983006,535.217811,41241885.000000
2022-02-28,566.014497,566.485899,564.202517,565.728823,535.924336,49232291.000000
2022-03-01,564.445304,566.937533,558.486602,560.955548,531.402533,63465052.000000
2022-03-02,559.212503,560.460596,552.871753,555.677327,526.402386,62072383.000000
2022-03-03,555.625648,556.653339,552.062092,552.788372,523.665631,56703042.000000
2022-03-04,553.566495,558.101972,551.959664,555.836522,526.553195,34611341.000000
2022-03-07,556.365958,557.542222,555.274488,556.703699,527.374686,46846134.000000
2022-03-08,555.602557,558.954194,548.022577,549.849835,520.881906,48800444.000000
2022-03-09,548.955102,551.754606,547.762613,550.341849,521.347999,55203287.000000
2022-03-10,551.006576,552.291653,549.448991,551.570882,522.512283,39851105.000000
2022-03-11,552.019665,553.992890,548.737326,550.326215,521.333189,77075393.000000
2022-03-14,549.050749,550.914750,539.744404,544.060225,515.397312,87989822.000000
2022-03-15,545.707477,546.725526,543.760543,545.544015,516.802931,54776568.000000
2022-03-16,547.300230,548.436178,546.182675,546.811462,518.003604,27154484.000000
2022-03-17,546.087796,547.862481,541.132321,543.353131,514.727470,40941798.000000
2022-03-18,542.903366,544.108458,541.762339,542.906569,516.629266,43811440.000000
2022-03-21,545.388668,547.204538,543.497712,544.178187,517.839336,44026858.000000
2022-03-22,542.309110,544.831986,540.976627,543.786899,517.466987,41706370.000000
2022-03-23,541.871075,543.767143,535.275451,539.276507,513.174904,31132167.000000
2022-03-24,540.325001,541.466493,538.573547,539.512449,513.399425,44899799.000000
2022-03-25,540.111252,540.751377,539.404903,539.881174,513.750303,48186472.000000
2022-03-28,541.358666,543.040387,536.852017,537.612585,511.591517,84891302.000000
2022-03-29,537.476088,541.400743,536.458169,539.306990,513.203911,77036235.000000
2022-03-30,542.549582,549.992270,539.645441,546.007403,519.580016,53542963.000000
2022-03-31,548.131165,551.118683,545.643775,548.795042,522.232730,56003574.000000
2022-04-01,550.901730,559.610927,548.625279,556.097895,529.182117,64834687.000000
2022-04-04,556.947624,557.725627,555.905683,557.068093,530.105356,37341968.000000
2022-04-05,557.093728,557.896868,556.494261,556.997250,530.037942,34729043.000000
2022-04-06,557.635239,559.513326,556.076711,558.374474,531.348507,52320462.000000
2022-04-07,558.508722,561.722363,557.850672,560.324896,533.204526,44812830.000000
2022-04-08,559.253909,560.588742,555.464174,557.592477,530.604359,40009118.000000
2022-04-11,559.331538,568.620486,553.630302,566.765869,539.333748,61030642.000000
2022-04-12,565.912368,566.458814,564.461639,565.273479,537.913592,37807262.000000
2022-04-13,564.758695,569.193348,562.773986,567.033966,539.588870,63202554.000000
2022-04-14,566.567121,568.208385,559.781107,562.348825,535.130495,120281475.000000
2022-04-15,565.008305,568.117928,561.693618,566.838344,539.402715,62090071.000000
2022-04-18,567.870348,574.531896,566.489973,571.454546,543.795488,49860794.000000
2022-04-19,573.219510,585.579211,569.579374,580.544083,552.445081,46220123.000000
2022-04-20,578.717892,580.350387,576.176008,578.338985,550.346712,46818119.000000
2022-04-21,578.523854,587.116684,576.916202,584.061323,555.792083,42320487.000000
2022-04-22,587.850481,591.174431,586.859353,588.115315,559.649857,102516639.000000
2022-04-25,588.385596,590.603540,584.283604,585.091701,556.772589,52408975.000000
2022-04-26,585.155476,585.957030,581.466410,582.735071,554.530022,48902014.000000
2022-04-27,585.526239,588.565462,584.170921,586.185253,557.813212,34805812.000000
2022-04-28,585.346329,586.391978,582.410576,584.416020,556.129612,36375851.000000
2022-04-29,582.545723,585.409187,578.212990,580.962373,552.843126,28923011.000000
2022-05-02,580.768647,581.820286,579.905304,580.936874,552.818860,48033869.000000
2022-05-03,583.540201,588.401843,580.278699,586.929065,558.521022,47561713.000000
2022-05-04,583.390522,584.616853,580.600133,583.096899,554.874337,61353383.000000
2022-05-05,581.868581,586.198072,579.461753,585.308268,556.978674,42820047.000000
2022-05-06,586.465443,587.478638,581.528369,583.099063,554.876397,44296288.000000
2022-05-09,581.375194,583.896982,580.727673,582.473195,554.280821,55383533.000000
2022-05-10,581.546970,583.946367,580.591988,581.232513,553.100190,29059094.000000
2022-05-11,582.775328,585.300061,579.397427,580.930978,552.813250,65739234.000000
2022-05-12,580.891815,583.424052,579.514855,581.742145,553.585156,47532763.000000
2022-05-13,583.648209,584.469208,581.219190,582.749469,554.543724,54384802.000000
2022-05-16,584.220660,589.642743,581.017723,586.806788,558.404664,44973611.000000
2022-05-17,587.617284,588.050403,585.533116,586.589962,558.198333,54204129.000000
2022-05-18,586.294399,587.676684,585.391587,586.128696,557.759392,62143153.000000
2022-05-19,586.459083,588.227719,584.303750,585.216165,556.891029,55467408.000000
2022-05-20,585.003535,591.322334,582.342093,588.440071,559.958895,50888862.000000
2022-05-23,587.726309,589.435854,586.756804,588.667376,560.175198,42678469.000000
2022-05-24,589.213165,591.373202,582.149244,584.983558,556.669680,47636761.000000
2022-05-25,585.419425,592.502609,581.370765,591.404084,562.779445,53475691.000000
2022-05-26,588.756127,591.181010,587.949199,588.889554,560.386622,69614874.000000
2022-05-27,588.159512,589.119974,586.835513,587.319230,558.892303,36932199.000000
2022-05-30,586.970373,588.073870,585.898870,586.788656,558.387410,52690910.000000
2022-05-31,588.173975,589.631762,584.948001,586.588745,558.197175,27385033.000000
2022-06-01,586.715894,591.410694,585.211780,588.839165,560.338671,30320590.000000
2022-06-02,589.767551,593.233294,588.437323,591.833458,563.188038,40829317.000000
2022-06-03,590.972055,594.685096,590.354559,592.562269,563.881573,37013540.000000
2022-06-06,591.075029,592.754316,589.692859,591.808168,563.163972,22675580.000000
2022-06-07,592.413688,597.413893,591.300414,595.709690,566.876655,49111736.000000
2022-06-08,594.896820,596.763125,590.950089,593.417652,564.695554,49619699.000000
2022-06-09,593.721501,599.202140,592.081597,596.084293,567.233127,49233496.000000
2022-06-10,596.025540,597.797565,594.692219,597.112395,568.211468,45322548.000000
2022-06-13,596.751145,600.515539,591.307728,594.465929,565.693093,48243148.000000
2022-06-14,595.355895,599.410126,591.929971,597.171583,568.267791,37697301.000000
2022-06-15,598.132833,598.722095,593.907630,594.704509,568.478278,52529267.000000
2022-06-16,595.047382,598.146463,592.542862,596.925975,570.601779,47604671.000000
2022-06-17,598.013011,598.772955,597.208865,597.742051,571.381866,47465746.000000
2022-06-20,597.599996,598.881740,596.886364,597.304840,570.963936,41275985.000000
2022-06-21,597.376707,598.988370,595.333685,595.781017,569.507313,60670892.000000
2022-06-22,595.400815,602.427790,594.194157,601.153647,574.643012,37928438.000000
2022-06-23,599.538531,601.601863,588.268025,590.339430,564.305698,71568694.000000
2022-06-24,591.016195,594.594320,588.739056,592.358794,566.236009,53389860.000000
2022-06-27,592.229712,595.035570,586.905897,589.159522,563.177823,61074448.000000
2022-06-28,588.340837,593.929951,586.008389,591.418663,565.337337,58693841.000000
2022-06-29,588.884425,592.001670,578.168471,582.593764,556.901613,55969487.000000
2022-06-30,581.957766,588.433384,579.142947,587.328212,561.427273,40268583.000000
2022-07-01,589.387348,589.986757,587.220824,588.821404,562.854616,39550673.000000
2022-07-04,587.475313,590.927880,579.652244,582.730675,557.032486,43257138.000000
2022-07-05,579.448839,584.750188,570.266034,573.018896,547.748992,62834957.000000
2022-07-06,572.261171,574.149736,571.397702,573.277412,547.996108,37419171.000000
2022-07-07,571.176446,574.195673,564.854373,567.737933,542.700918,60496740.000000
2022-07-08,567.235973,568.420537,562.875628,565.298241,540.368815,42820426.000000
2022-07-11,565.391452,568.749447,564.599896,567.841248,542.799677,77035628.000000
2022-07-12,566.748901,568.572003,561.744054,564.484304,539.590772,48247511.000000
2022-07-13,565.255995,568.338740,562.651847,567.094343,542.085709,42056221.000000
2022-07-14,567.205303,572.231362,564.709965,570.148050,545.004749,42195468.000000
2022-07-15,568.321590,570.326160,567.309382,569.759665,544.633492,23913783.000000
2022-07-18,572.699287,576.612500,570.891519,574.217462,548.894702,72213098.000000
2022-07-19,574.984004,580.867103,572.732672,578.895091,553.366049,70956821.000000
2022-07-20,579.164759,581.437378,574.685231,577.076907,551.628046,55409931.000000
2022-07-21,576.765489,579.940114,569.606185,572.653703,547.399905,42919131.000000
2022-07-22,568.943386,571.045613,560.232913,562.428617,537.625740,113849019.000000
2022-07-25,562.662281,563.718252,558.136722,559.526162,534.851283,48586961.000000
2022-07-26,557.245153,558.934741,554.192955,556.865625,532.308074,27433717.000000
2022-07-27,556.525375,559.422480,549.230477,552.588273,528.219352,40291726.000000
2022-07-28,552.638466,554.506187,551.762243,553.597392,529.183969,40710542.000000
2022-07-29,552.072970,555.541334,547.399945,548.967085,524.757856,46009169.000000
2022-08-01,549.161205,549.951496,546.410430,547.523371,523.377810,29263042.000000
2022-08-02,547.093544,548.521703,546.182240,546.578505,522.474612,33930716.000000
2022-08-03,549.379490,552.004291,542.096506,544.789193,520.764208,40533664.000000
2022-08-04,543.204066,544.729837,540.329143,542.754754,518.819487,50235873.000000
2022-08-05,540.884944,542.156748,540.338227,540.993282,517.135695,51707280.000000
2022-08-08,541.013967,541.424630,539.196638,539.809344,516.003968,51427874.000000
2022-08-09,539.287236,540.459818,536.285089,538.065072,514.336617,55610552.000000
2022-08-10,539.065281,540.076590,536.437421,537.770231,514.054779,23903199.000000
2022-08-11,536.441370,537.181902,532.406037,534.172699,510.615897,91480118.000000
2022-08-12,536.336457,540.171977,534.849639,537.441701,513.740737,53548838.000000
2022-08-15,539.255900,540.037119,536.538905,537.755074,514.040291,44967308.000000
2022-08-16,537.764858,539.245360,537.204444,538.691248,514.935179,49283454.000000
2022-08-17,539.255081,540.097938,537.089786,538.524615,514.775895,44525208.000000
2022-08-18,539.445255,541.455722,536.212902,536.727714,513.058237,38013240.000000
2022-08-19,536.188228,537.399986,528.257960,530.712205,507.308010,41710039.000000
2022-08-22,529.505352,531.110167,526.630374,528.418102,505.115075,34112200.000000
2022-08-23,530.200760,533.805202,529.177911,532.015122,508.553469,60389705.000000
2022-08-24,532.492845,533.960603,530.822016,532.395319,508.916898,27436415.000000
2022-08-25,531.072445,533.111689,529.611437,532.695846,509.204173,34681433.000000
2022-08-26,534.264339,535.593092,531.567081,532.898672,509.398054,55507796.000000
2022-08-29,534.101674,538.403774,532.914308,535.335661,511.727573,42999298.000000
2022-08-30,535.180815,537.815835,528.516753,532.301096,508.826831,55789811.000000
2022-08-31,533.085071,537.913262,530.368608,536.040966,512.401775,34305450.000000
2022-09-01,536.174335,538.336979,534.444074,537.831907,514.113735,37326618.000000
2022-09-02,536.531529,538.403631,532.880459,534.097657,510.544164,66733843.000000
2022-09-05,535.081320,536.591075,532.772534,533.529297,510.000869,40311298.000000
2022-09-06,532.535292,533.796296,530.522063,531.541805,508.101024,62609297.000000
2022-09-07,531.378209,536.396764,529.131373,534.325260,510.761730,37936073.000000
2022-09-08,533.720645,537.877266,532.569420,535.945371,512.310394,49840987.000000
2022-09-09,534.828029,537.186399,534.447711,536.135779,512.492406,56370844.000000
2022-09-12,537.793086,538.680250,534.555712,537.835019,516.440693,76912475.000000
2022-09-13,539.775137,540.591416,538.664528,539.773223,518.301798,59872939.000000
2022-09-14,540.252742,548.042182,536.730482,544.785135,523.114343,45635891.000000
2022-09-15,543.959011,545.027411,542.309041,543.015479,521.415082,44048367.000000
2022-09-16,540.832316,542.450310,538.533152,540.660781,519.154050,44035575.000000
2022-09-19,543.177591,545.408654,540.799401,544.370340,522.716048,49973589.000000
2022-09-20,543.852217,546.516002,537.010153,539.303868,517.851114,37634883.000000
2022-09-21,538.365895,540.066229,536.773162,538.753556,517.322692,94259428.000000
2022-09-22,540.318175,541.144993,536.659633,537.830035,516.435907,30200009.000000
2022-09-23,537.159108,538.663541,534.035636,536.007579,514.685946,62551199.000000
2022-09-26,533.573605,534.404720,530.296426,532.855008,511.658780,62550460.000000
2022-09-27,533.276657,534.907467,531.958900,534.317410,513.063010,50910152.000000
2022-09-28,532.766940,535.026251,531.221239,533.670859,512.442178,39217627.000000
2022-09-29,535.936882,538.858222,534.979154,538.079715,516.675656,54935679.000000
2022-09-30,536.255345,537.832532,530.492718,533.227656,512.016605,83113036.000000
2022-10-03,532.954563,533.593117,532.298681,533.226643,512.015632,38658847.000000
2022-10-04,533.725050,538.515725,531.482484,537.469930,516.090127,51384920.000000
2022-10-05,535.980902,536.946476,530.644606,531.765748,510.612849,54368535.000000
2022-10-06,530.757179,532.365216,526.749392,528.086362,507.079824,43782339.000000
2022-10-07,527.719663,532.102152,525.522017,530.289026,509.194869,80846432.000000
2022-10-10,532.528975,532.895136,529.433730,530.514545,509.411418,30897931.000000
2022-10-11,529.907509,531.262615,529.369068,530.379291,509.281544,45090623.000000
2022-10-12,530.697520,532.103901,528.202381,529.326484,508.270616,68279204.000000
2022-10-13,530.772160,545.473210,526.551417,541.011549,519.490866,90751771.000000
2022-10-14,540.102036,541.767762,538.815626,540.398378,518.902085,31220769.000000
2022-10-17,539.225206,543.594082,527.983431,531.329384,510.193843,59376054.000000
2022-10-18,527.560929,531.861739,526.347876,530.149209,509.060614,47246967.000000
2022-10-19,528.090602,531.353815,521.420558,524.118318,503.269623,37892610.000000
2022-10-20,524.341980,528.434295,522.530695,525.852287,504.934618,70147820.000000
2022-10-21,527.445546,530.413409,525.719037,528.986520,507.944176,54059761.000000
2022-10-24,530.086224,531.507881,524.511415,526.422049,505.481715,51346174.000000
2022-10-25,524.888327,528.708376,523.711794,528.100201,507.093113,65816614.000000
2022-10-26,528.866951,530.529348,528.276661,529.972881,508.891300,48018782.000000
2022-10-27,532.788831,541.093604,528.608227,536.945319,515.586384,43030755.000000
2022-10-28,537.352007,539.042138,525.640066,529.847676,508.771075,54121548.000000
2022-10-31,531.058550,537.042367,528.804197,534.104794,512.858851,63975022.000000
2022-11-01,533.637725,540.002433,531.980017,537.338256,515.963691,40104581.000000
2022-11-02,536.849904,541.288197,535.601734,538.929479,517.491618,35273527.000000
2022-11-03,539.523677,543.359530,537.495028,541.876816,520.321713,48705265.000000
2022-11-04,538.963968,544.925106,528.178315,533.164753,511.956204,49911341.000000
2022-11-07,532.582973,534.022584,526.826834,528.470165,507.448360,71895587.000000
2022-11-08,526.332663,529.724262,524.036241,526.976347,506.013964,33069161.000000
2022-11-09,524.054785,530.898603,513.381318,516.556203,496.008319,74343363.000000
2022-11-10,517.451775,521.594435,516.103429,519.878046,499.198024,69739808.000000
2022-11-11,517.727178,518.777847,516.980692,518.363143,497.743382,54770665.000000
2022-11-14,519.716731,522.763091,518.107832,521.621004,500.871649,70842275.000000
2022-11-15,518.417144,520.194258,507.435758,509.119144,488.867096,63046526.000000
2022-11-16,509.613785,512.142351,504.355145,506.072312,485.941463,28881713.000000
2022-11-17,506.621155,507.758621,505.083462,506.929596,486.764645,44056124.000000
2022-11-18,506.037762,508.379527,501.786691,504.697350,484.621195,43790735.000000
2022-11-21,501.539722,505.601951,491.401239,492.875119,473.269235,109911966.000000
2022-11-22,491.355103,494.431573,482.875404,487.357034,467.970652,64672133.000000
2022-11-23,487.867858,488.348825,487.437733,487.998338,468.586446,66720078.000000
2022-11-24,488.026066,488.573032,486.430286,487.457215,468.066848,35922582.000000
2022-11-25,489.182972,499.324157,487.474700,495.807773,476.085233,72524566.000000
2022-11-28,497.539988,498.753147,489.854423,492.895791,473.289085,62292201.000000
2022-11-29,494.263842,501.002891,490.770019,498.319065,478.496628,50946613.000000
2022-11-30,498.191769,506.456306,494.566009,503.385865,483.361878,58631417.000000
2022-12-01,504.049090,505.955451,499.438343,501.738552,481.780094,45675315.000000
2022-12-02,502.117710,503.239105,500.824503,501.592173,481.639537,77806001.000000
2022-12-05,499.525464,500.980332,497.555584,499.770100,479.889944,39701298.000000
2022-12-06,500.448602,506.305945,498.250750,504.384988,484.321257,50082435.000000
2022-12-07,503.481378,507.298361,502.182893,505.256206,485.157820,59710493.000000
2022-12-08,504.615364,505.647359,501.988205,505.064049,487.165551,41636070.000000
2022-12-09,506.658110,512.659778,504.006971,510.517632,492.425870,68989975.000000
2022-12-12,507.688106,512.453674,501.257464,502.912366,485.090120,69504069.000000
2022-12-13,503.304453,507.145585,500.914933,506.174881,488.237018,41161164.000000
2022-12-14,508.729603,514.961402,505.395595,511.124576,493.011305,96885757.000000
2022-12-15,509.045139,512.615075,508.691932,511.810319,493.672747,45939425.000000
2022-12-16,510.787908,512.529634,505.426322,507.229351,489.254120,49397462.000000
2022-12-19,506.283521,511.464671,503.491132,510.885650,492.780846,72455574.000000
2022-12-20,509.205776,513.087890,502.226343,505.150484,487.248924,40786221.000000
2022-12-21,506.181735,507.627151,505.079031,506.895506,488.932105,40383934.000000
2022-12-22,508.286043,508.901841,507.095796,507.686624,489.695188,34378504.000000
2022-12-23,505.632143,507.925793,503.845977,506.868408,488.905967,27003144.000000
2022-12-26,503.336391,506.360688,502.293898,504.383161,486.508793,42395630.000000
2022-12-27,506.493072,508.281722,504.580087,506.991534,489.024730,51145092.000000
2022-12-28,506.203310,507.057384,501.862821,503.975838,486.115905,37763611.000000
2022-12-29,503.514958,506.987078,501.748337,505.782081,487.858138,53326473.000000
2022-12-30,505.453748,507.250496,503.284767,504.809047,486.919586,34185891.000000
2023-01-02,510.982205,532.741607,499.976910,524.426956,505.842275,142995306.000000
2023-01-03,524.280638,529.186522,523.490226,526.765998,508.098425,37696579.000000
2023-01-04,527.320153,532.572461,526.019827,529.780155,511.005767,43159770.000000
2023-01-05,528.485509,530.969301,525.195884,527.435977,508.744662,45701357.000000
2023-01-06,529.498256,537.544297,523.478969,535.990207,516.995746,67153097.000000
2023-01-09,537.048205,538.449243,534.804710,536.251210,517.247500,43327122.000000
2023-01-10,535.846492,543.302498,533.289158,540.131303,520.990090,32370632.000000
2023-01-11,540.810511,552.274373,535.790440,548.787692,529.339713,58695817.000000
2023-01-12,546.669216,549.866099,542.747814,545.474270,526.143713,49337086.000000
2023-01-13,544.181032,546.817850,536.934993,539.295816,520.184211,52229116.000000
2023-01-16,541.106069,542.533617,539.469626,541.828463,522.627105,60499437.000000
2023-01-17,542.376312,543.460525,538.956707,541.040356,521.866928,49819322.000000
2023-01-18,542.337054,542.777413,541.105609,541.488789,522.299469,46720337.000000
2023-01-19,539.950788,542.001034,538.853213,539.969942,520.834447,55742890.000000
2023-01-20,542.731701,554.252960,541.182752,549.586702,530.110408,83623346.000000
2023-01-23,552.198323,553.945380,549.414188,552.904184,533.310325,52468164.000000
2023-01-24,553.643720,556.724125,552.082918,555.222672,535.546650,59564281.000000
2023-01-25,555.735360,556.434222,552.925742,554.145504,534.507654,47337951.000000
2023-01-26,553.713983,555.525371,551.824790,552.889188,533.295860,43833978.000000
2023-01-27,553.808607,554.820822,550.709142,552.240493,532.670153,68113148.000000
2023-01-30,554.696438,563.619337,552.030853,559.680209,539.846220,54766736.000000
2023-01-31,559.445246,562.401692,557.982320,561.470106,541.572687,70461227.000000
2023-02-01,561.417891,563.061041,556.262852,558.219743,538.437510,45461848.000000
2023-02-02,558.795587,564.493130,556.673127,561.435436,541.539245,70253123.000000
2023-02-03,562.142878,568.464469,558.555046,565.400738,545.364024,64267547.000000
2023-02-06,566.898739,572.004482,563.487974,569.683353,549.494872,92551217.000000
2023-02-07,570.422590,571.578483,566.828871,568.521545,548.374237,57673431.000000
2023-02-08,569.321429,572.565045,567.215391,571.145808,550.905500,37647969.000000
2023-02-09,572.974340,574.575495,570.911380,571.409869,551.160204,45137683.000000
2023-02-10,574.231185,578.607653,571.342669,575.399907,555.008842,73622767.000000
2023-02-13,574.369040,575.635439,568.151656,571.558608,551.303672,77230884.000000
2023-02-14,571.689417,577.236943,569.851603,574.412268,554.056204,82097818.000000
2023-02-15,573.939983,576.323798,568.242516,570.171803,549.966013,51890158.000000
2023-02-16,570.585510,573.084898,568.838855,572.430892,552.145043,54235191.000000
2023-02-17,572.945825,574.633488,571.018296,571.384671,551.135899,39983187.000000
2023-02-20,572.425943,576.346032,571.724536,574.117402,553.771787,45260184.000000
2023-02-21,574.707141,576.183643,573.769456,575.307580,554.919787,51086936.000000
2023-02-22,576.443630,582.124408,573.331930,579.507846,558.971204,66379233.000000
2023-02-23,580.120825,581.130059,578.310964,578.804970,558.293236,47610943.000000
2023-02-24,577.999866,579.282466,577.072743,578.214940,557.724116,45850406.000000
2023-02-27,577.668828,579.029122,577.046578,578.561306,558.058207,30469813.000000
2023-02-28,579.335577,580.893581,577.803781,578.685129,558.177643,67899802.000000
2023-03-01,578.798065,581.231039,575.951766,580.072245,559.515602,41505883.000000
2023-03-02,579.323574,580.294606,577.206940,579.590946,559.051359,40307015.000000
2023-03-03,577.954192,578.632388,575.591204,577.786432,557.310794,20918090.000000
2023-03-06,577.343564,579.839812,573.249517,575.508137,555.113237,60406361.000000
2023-03-07,572.443274,573.297138,568.469682,569.821517,552.112647,49728397.000000
2023-03-08,571.510782,572.343811,569.102985,570.082270,552.365296,33862972.000000
2023-03-09,571.567542,577.020933,568.619682,575.369701,557.488404,48594629.000000
2023-03-10,574.958566,575.466757,571.689101,573.712544,555.882749,70760179.000000
2023-03-13,572.291907,574.076727,568.918469,570.035397,552.319880,57304617.000000
2023-03-14,570.859613,572.186282,570.181640,570.789090,553.050149,56400019.000000
2023-03-15,571.424672,573.903240,569.355042,573.050079,555.240872,54185103.000000
2023-03-16,575.116570,577.040361,573.101020,575.495957,557.610737,73671167.000000
2023-03-17,574.876033,580.714840,573.662961,578.121857,560.155030,43568206.000000
2023-03-20,579.800512,583.379801,578.487510,581.833676,563.751492,39143552.000000
2023-03-21,584.109365,586.478731,583.102970,584.955305,566.776108,38729108.000000
2023-03-22,584.760084,587.925774,580.713883,582.631106,564.524140,58125573.000000
2023-03-23,585.770124,587.349310,582.195737,583.269870,565.143052,42184880.000000
2023-03-24,584.108813,585.317058,582.613827,583.356234,565.226733,81802338.000000
2023-03-27,584.317136,585.106338,582.272816,583.784323,565.641517,45510264.000000
2023-03-28,581.360408,585.870040,579.839955,584.665086,566.494908,42934922.000000
2023-03-29,584.565586,585.788078,583.009051,585.131522,566.946848,23637987.000000
2023-03-30,586.982890,588.315242,584.574988,585.446643,567.252176,60099017.000000
2023-03-31,585.920549,586.772074,584.500498,585.621135,567.421245,47837187.000000
2023-04-03,585.581023,587.215569,584.666056,586.003977,567.792189,54511228.000000
2023-04-04,586.216885,588.693013,585.503406,587.031818,568.788088,38408452.000000
2023-04-05,587.113147,588.182977,582.482068,584.819970,566.644979,60837583.000000
2023-04-06,586.138340,590.114544,584.440541,588.656852,570.362618,61807384.000000
2023-04-07,585.778089,587.350075,582.740358,585.249542,567.061200,30676083.000000
2023-04-10,584.538592,586.961429,580.373677,582.716690,564.607064,56335928.000000
2023-04-11,582.916331,583.934214,578.843550,580.384344,562.347203,23958376.000000
2023-04-12,578.566902,580.270983,575.990753,579.445013,561.437065,67028321.000000
2023-04-13,581.597064,587.455482,578.020890,583.866831,565.721461,57936846.000000
2023-04-14,583.882856,591.885926,582.981651,589.354036,571.038135,45613760.000000
2023-04-17,589.991558,591.410168,586.971911,588.630310,570.336901,56780135.000000
2023-04-18,589.399337,590.382142,584.838504,587.027840,568.784233,67276800.000000
2023-04-19,587.349585,588.345395,586.509219,587.441289,569.184833,57424907.000000
2023-04-20,586.884191,588.350278,585.814444,587.467102,569.209844,32123359.000000
2023-04-21,587.307543,590.511135,581.249590,583.822412,565.678423,58495893.000000
2023-04-24,584.268508,584.825152,582.999386,583.876727,565.731050,54920985.000000
2023-04-25,581.478241,583.291122,579.230464,580.818339,562.767710,52161386.000000
2023-04-26,579.656538,580.362704,578.333090,579.360299,561.354983,23843499.000000
2023-04-27,580.192625,584.283116,577.356965,581.504947,563.432980,39270055.000000
2023-04-28,583.839614,589.506521,579.390648,586.977696,568.735648,61270657.000000
2023-05-01,587.822944,590.191611,581.690059,584.343513,566.183329,34261288.000000
2023-05-02,585.066321,586.264706,583.204868,584.305277,566.146281,56629762.000000
2023-05-03,583.992985,585.983000,580.820710,581.516754,563.444420,59547279.000000
2023-05-04,580.878817,584.202655,578.119699,583.482385,565.348963,60553556.000000
2023-05-05,582.255599,584.871817,577.167716,579.302376,561.298861,39051878.000000
2023-05-08,578.804110,580.825866,576.497002,580.242981,562.210233,44914358.000000
2023-05-09,578.070249,580.376756,576.475231,578.429939,560.453537,18005524.000000
2023-05-10,576.038310,582.679914,573.503096,580.825411,562.774562,58052605.000000
2023-05-11,581.525652,585.860996,578.747400,582.964821,564.847484,51706360.000000
2023-05-12,582.003311,585.246244,580.844734,584.168910,566.014152,83736293.000000
2023-05-15,584.845555,592.453786,584.113742,588.869341,570.568504,93277933.000000
2023-05-16,589.636527,591.075984,587.584413,588.792411,570.493964,48033520.000000
2023-05-17,590.036543,592.073894,587.823143,591.485420,573.103281,38289933.000000
2023-05-18,592.640030,599.806876,589.227313,596.280977,577.749802,64558711.000000
2023-05-19,595.515542,596.510176,593.451861,595.200451,576.702856,35136900.000000
2023-05-22,596.009290,596.669846,594.270626,595.094042,576.599753,58409751.000000
2023-05-23,596.643009,597.104130,593.019401,593.713944,575.262547,49223595.000000
2023-05-24,593.655734,594.947983,591.977229,594.334710,575.864021,58045967.000000
2023-05-25,594.760811,599.661373,593.464484,597.527978,578.958048,47559773.000000
2023-05-26,595.321881,598.080812,593.762217,596.387176,577.852701,41660322.000000
2023-05-29,596.939505,599.406388,595.736012,597.402273,578.836250,45201650.000000
2023-05-30,595.568396,599.809763,593.627402,598.959904,580.345473,38999398.000000
2023-05-31,599.270254,599.921564,597.716808,599.257990,580.634295,34682860.000000
2023-06-01,600.724524,603.034142,595.180317,597.689026,579.114091,52382893.000000
2023-06-02,598.559616,601.421975,596.987016,599.759745,583.747319,50200068.000000
2023-06-05,600.304581,601.611323,596.081204,598.142523,582.173275,37204636.000000
2023-06-06,595.591327,601.205326,594.304337,599.444511,583.440502,36207623.000000
2023-06-07,599.765765,601.272722,594.315191,597.603183,581.648333,43792379.000000
2023-06-08,596.464582,598.377365,595.705629,597.210427,581.266063,60127078.000000
2023-06-09,595.193952,596.489659,587.662768,589.872320,574.123869,62813565.000000
2023-06-12,589.333730,591.588532,588.048131,590.588463,574.820893,47914946.000000
2023-06-13,590.024634,596.128286,588.819408,592.968053,577.136953,36286272.000000
2023-06-14,594.315168,596.240745,591.118088,591.671885,575.875390,58171641.000000
2023-06-15,591.168978,593.904052,588.499005,590.534032,574.767915,40137174.000000
2023-06-16,589.797537,590.793409,588.921429,590.245834,574.487412,62092622.000000
2023-06-19,592.005648,593.294039,590.371405,591.941761,576.138060,38615988.000000
2023-06-20,593.782071,595.075743,591.436389,593.415812,577.572757,47847300.000000
2023-06-21,590.576793,592.839725,588.895144,592.217656,576.406590,92777531.000000
2023-06-22,591.780273,598.886995,589.635053,596.045058,580.131807,64277106.000000
2023-06-23,593.546750,596.422369,588.494513,591.494038,575.702291,79666364.000000
2023-06-26,593.374904,599.877529,590.118206,596.530280,580.604075,73474336.000000
2023-06-27,595.487414,597.724336,592.057456,594.276247,578.410220,21595368.000000
2023-06-28,595.292408,600.767829,593.729307,597.960672,581.996278,60920856.000000
2023-06-29,599.565745,606.677979,597.454178,602.844592,586.749807,71414775.000000
2023-06-30,602.574439,605.037090,601.387598,603.428387,587.318015,29581193.000000
2023-07-03,606.236037,607.432714,602.825714,604.969208,588.817699,71226511.000000
2023-07-04,604.590752,608.460830,597.907110,598.802413,582.815547,84062316.000000
2023-07-05,598.225119,601.265966,591.962790,595.400858,579.504807,27094619.000000
2023-07-06,594.312781,602.506514,590.858251,599.746841,583.734760,45491388.000000
2023-07-07,597.466005,598.425600,592.267183,595.643372,579.740846,55147317.000000
2023-07-10,594.594926,597.358332,588.269545,590.341302,574.580331,47527708.000000
2023-07-11,590.320845,593.343936,582.845920,585.765508,570.126702,61315019.000000
2023-07-12,585.432561,586.082605,582.362028,584.384869,568.782923,32062764.000000
2023-07-13,584.066573,584.990760,579.762000,580.546212,565.046750,79957859.000000
2023-07-14,582.135306,583.699332,580.326524,580.808577,565.302111,61052989.000000
2023-07-17,578.820000,582.818318,577.675607,580.895323,565.386542,53572710.000000
2023-07-18,581.328614,582.774888,579.627369,580.957449,565.447008,49757661.000000
2023-07-19,583.112102,589.713129,579.697259,587.201213,571.524076,49862149.000000
2023-07-20,587.363536,589.097513,586.255637,588.112289,572.410828,40395047.000000
2023-07-21,586.815750,587.985672,581.266782,583.418932,567.842775,42940030.000000
2023-07-24,584.858525,585.683420,582.291930,582.917847,567.355067,33608456.000000
2023-07-25,582.733760,584.869405,581.334788,584.339233,568.738505,73316789.000000
2023-07-26,584.241403,585.629589,582.104092,583.764470,568.179087,62637416.000000
2023-07-27,584.079570,592.209218,583.290477,588.770514,573.051480,60747530.000000
2023-07-28,590.282405,591.757744,588.708282,589.437673,573.700827,30829441.000000
2023-07-31,588.129525,589.324394,585.069380,587.119590,571.444632,61362030.000000
2023-08-01,589.705050,594.688350,588.887981,591.817508,576.017125,67092169.000000
2023-08-02,593.216294,596.441883,592.505574,594.308015,578.441140,45020226.000000
2023-08-03,593.372800,599.506953,591.113229,597.243106,581.297870,35829918.000000
2023-08-04,596.250904,599.036857,593.594234,596.323636,580.402948,52138432.000000
2023-08-07,596.384543,597.280836,592.608319,593.677564,577.827521,35534612.000000
2023-08-08,595.008298,595.807566,593.529931,594.622596,578.747322,37882664.000000
2023-08-09,597.690625,599.385696,595.400993,598.003359,582.037826,45481729.000000
2023-08-10,599.559884,600.146291,597.780157,599.270250,583.270893,48963607.000000
2023-08-11,599.341848,603.094044,592.079234,595.309821,579.416200,33011523.000000
2023-08-14,593.985241,596.469977,592.605748,593.291975,577.452227,59410962.000000
2023-08-15,594.268279,601.757947,592.515841,599.109706,583.114636,56643056.000000
2023-08-16,599.753388,600.918476,598.438139,599.863780,583.848577,61029115.000000
2023-08-17,601.691729,603.652101,598.044972,598.800884,582.814058,49012644.000000
2023-08-18,597.126434,599.091639,595.530011,598.227339,582.255826,26436384.000000
2023-08-21,602.103602,605.098182,598.559344,602.907773,586.811301,56885666.000000
2023-08-22,601.805853,602.538163,598.331449,600.053682,584.033409,61860851.000000
2023-08-23,599.484689,606.728582,598.404230,603.662593,587.545969,31474844.000000
2023-08-24,603.581142,605.301307,598.204678,600.581346,584.546985,59587718.000000
2023-08-25,600.216434,600.822910,599.691759,600.141256,584.118645,85085190.000000
2023-08-28,599.260104,600.719650,597.544531,599.937175,583.920012,44374992.000000
2023-08-29,601.541391,603.578145,599.291036,601.182659,585.132244,49094004.000000
2023-08-30,600.092861,601.188759,594.259320,596.404174,583.105310,43673897.000000
2023-08-31,595.494983,597.898908,590.231822,592.644742,579.429707,58125241.000000
2023-09-01,592.494809,598.842285,590.426084,597.127437,583.812445,53680331.000000
2023-09-04,598.708556,601.025873,597.572463,598.763064,585.411600,35658501.000000
2023-09-05,596.656975,601.234993,595.784225,599.290108,585.926892,42465263.000000
2023-09-06,600.199162,600.974997,593.804601,596.624052,583.320284,37398914.000000
2023-09-07,593.537277,594.728056,588.655220,590.530152,577.362269,53419755.000000
2023-09-08,590.210138,591.107114,588.386491,589.953198,576.798181,30072696.000000
2023-09-11,589.532921,590.870002,587.712965,589.255636,576.116173,56979060.000000
2023-09-12,589.495156,591.630351,585.744163,586.520387,573.441916,82985156.000000
2023-09-13,590.214881,596.177982,586.834829,592.522445,579.310138,37479346.000000
2023-09-14,593.896164,595.230421,592.527540,593.468615,580.235209,32092623.000000
2023-09-15,594.085724,597.539990,593.389761,596.134864,582.842005,42302084.000000
2023-09-18,593.917366,595.784794,592.642602,593.202087,579.974624,44185166.000000
2023-09-19,595.626273,601.126706,591.990752,597.685963,584.358517,54170382.000000
2023-09-20,595.624443,598.375750,590.756070,593.624822,580.387933,32621668.000000
2023-09-21,592.898400,595.921573,589.670549,591.052247,577.872722,59802880.000000
2023-09-22,588.236432,589.770160,582.352294,584.182423,571.156085,46886694.000000
2023-09-25,585.342454,585.909828,582.911384,584.215607,571.188528,40933496.000000
2023-09-26,585.771889,588.853119,583.742165,587.012208,573.922769,117242556.000000
2023-09-27,585.004462,585.715561,583.359016,585.114900,572.067768,39426586.000000
2023-09-28,584.848669,586.380581,584.112178,584.741767,571.702956,64805057.000000
2023-09-29,585.049373,590.060668,583.009771,586.722000,573.639033,40378739.000000
2023-10-02,587.758849,589.388163,582.749114,585.070677,572.024532,23312091.000000
2023-10-03,585.601052,588.915389,583.411599,587.756505,574.650470,27151470.000000
2023-10-04,588.151723,589.500834,586.264396,588.311554,575.193143,38935889.000000
2023-10-05,590.106305,591.582764,587.716373,588.728521,575.600812,34461582.000000
2023-10-06,590.550679,593.303341,589.694647,591.120712,577.939661,39407318.000000
2023-10-09,587.828416,589.212644,580.628688,584.026161,571.003307,35397941.000000
2023-10-10,586.046466,587.511068,582.049571,583.071940,570.070363,27798846.000000
2023-10-11,582.835424,586.537172,581.587304,585.205707,572.156551,43394672.000000
2023-10-12,582.169674,584.593441,574.828309,577.747546,564.864695,54468682.000000
2023-10-13,579.499818,586.084453,577.092477,584.483341,571.450292,57608992.000000
2023-10-16,586.269659,590.943081,583.771727,588.494440,575.371950,42970295.000000
2023-10-17,589.221007,596.567613,585.819626,593.073195,579.848607,45044040.000000
2023-10-18,594.625292,595.643619,593.247920,594.886908,581.621876,59937564.000000
2023-10-19,594.121013,597.198847,589.890465,591.018140,577.839375,45579499.000000
2023-10-20,591.806799,592.413298,590.261467,591.375483,578.188750,51435686.000000
2023-10-23,594.364917,596.628501,591.432590,594.471338,581.215573,75323983.000000
2023-10-24,594.179737,594.818738,591.936197,593.333514,580.103121,50821986.000000
2023-10-25,592.942918,596.510473,585.851453,589.047034,575.912222,79857847.000000
2023-10-26,592.842962,602.285212,588.751295,597.054094,583.740738,46559212.000000
2023-10-27,598.458532,599.544140,595.617537,596.482726,583.182110,40222172.000000
2023-10-30,598.109042,599.637411,595.366372,596.514824,583.213493,47136145.000000
2023-10-31,596.639776,597.691284,595.812636,596.541319,583.239397,45289535.000000
2023-11-01,597.087139,599.168266,595.325734,596.872118,583.562820,72635851.000000
2023-11-02,595.849694,597.622396,593.639524,595.403855,582.127296,35481243.000000
2023-11-03,594.740929,599.455897,592.666821,597.386320,584.065555,57924132.000000
2023-11-06,598.452377,600.757029,596.155750,598.992706,585.636121,66093120.000000
2023-11-07,597.247745,599.746361,595.935541,598.661940,585.312731,60099005.000000
2023-11-08,599.831933,600.244368,597.912066,599.524899,586.156448,33664977.000000
2023-11-09,598.791629,601.464328,594.065008,596.339693,583.042267,50569604.000000
2023-11-10,597.157457,604.048673,594.126521,601.099813,587.696244,44412456.000000
2023-11-13,601.804655,605.771555,599.206925,604.232841,590.759410,37358078.000000
2023-11-14,603.428063,604.151716,601.459732,602.422392,588.989331,54201174.000000
2023-11-15,603.033874,604.460449,601.115893,602.070540,588.645325,41839222.000000
2023-11-16,600.141806,602.249409,597.997424,598.950277,585.594638,60747558.000000
2023-11-17,598.432614,599.348915,597.331915,598.182110,584.843600,51037343.000000
2023-11-20,599.063141,602.262908,596.076501,599.588698,586.218824,37874014.000000
2023-11-21,599.966554,600.643030,596.937069,598.551750,585.204999,50117249.000000
2023-11-22,596.858165,601.227163,595.367481,599.754596,586.381022,37590748.000000
2023-11-23,600.430016,603.359519,592.947074,595.602244,582.321261,43690941.000000
2023-11-24,594.892811,598.178518,594.086437,597.006293,583.694002,82615241.000000
2023-11-27,596.076492,598.144889,594.338613,596.864677,586.193415,61616594.000000
2023-11-28,595.923579,596.985229,594.387247,595.311913,584.668412,46008284.000000
2023-11-29,597.339768,606.262446,594.986061,604.581945,593.772706,41644871.000000
2023-11-30,602.477617,604.294549,597.271403,598.897291,588.189688,65827934.000000
2023-12-01,600.680906,605.111305,599.275498,602.116216,591.351062,38347345.000000
2023-12-04,600.314129,602.339535,596.418770,599.077178,588.366358,23282884.000000
2023-12-05,598.843659,602.756672,597.450904,600.794787,590.053259,49500328.000000
2023-12-06,600.142799,602.744325,598.789653,599.693896,588.972050,63398649.000000
2023-12-07,597.779599,599.100110,594.807032,597.218675,586.541083,48192070.000000
2023-12-08,598.177480,605.415259,595.166317,603.361461,592.574043,65213086.000000
2023-12-11,603.288522,607.310057,594.363339,597.275581,586.596972,73677508.000000
2023-12-12,597.838936,599.141177,590.604094,592.895502,582.295204,79848324.000000
2023-12-13,591.039589,595.138741,578.241677,581.997732,571.592273,83252972.000000
2023-12-14,582.800604,583.253419,581.552318,582.760727,572.341627,48135126.000000
2023-12-15,582.286233,586.079336,580.675069,584.519565,574.069019,38695029.000000
2023-12-18,586.107589,595.887681,582.415479,591.337808,580.765360,49399808.000000
2023-12-19,592.925193,595.322125,588.100976,590.141691,579.590628,39012669.000000
2023-12-20,590.916871,593.829992,590.107723,592.468107,581.875451,62281245.000000
2023-12-21,593.353168,594.869315,591.915912,593.248831,582.642215,82560410.000000
2023-12-22,596.195424,601.824369,592.217068,598.409597,587.710713,49886601.000000
2023-12-25,596.441800,599.114217,588.465181,592.036514,581.451574,43710111.000000
2023-12-26,593.192995,596.927767,591.850495,595.105840,584.466024,36812163.000000
2023-12-27,595.104323,596.258695,593.148749,594.495262,583.866362,61716623.000000
2023-12-28,592.775882,593.798226,584.442362,588.708246,578.182811,55464067.000000
2023-12-29,587.040652,590.939693,586.253876,590.095246,579.545013,42205560.000000
2024-01-01,586.685329,592.013847,584.796956,590.856034,580.292199,58011742.000000
2024-01-02,591.501502,601.209435,588.435324,598.047994,587.355576,68319852.000000
2024-01-03,599.810919,605.174087,597.883863,602.603160,591.829300,52165984.000000
2024-01-04,600.148260,604.878347,598.834957,603.118035,592.334970,46229925.000000
2024-01-05,605.813922,613.210490,604.240085,609.033475,598.144648,50127861.000000
2024-01-08,608.992916,610.612553,601.773146,603.738028,592.943878,63768550.000000
2024-01-09,603.500477,608.101642,601.058656,606.122984,595.286194,25927202.000000
2024-01-10,605.485175,606.958821,604.435249,604.953259,594.137382,31005592.000000
2024-01-11,603.486458,606.372239,603.170198,605.508009,594.682214,43482546.000000
2024-01-12,608.303816,615.479780,603.519008,611.724850,600.787904,73868102.000000
2024-01-15,607.952198,614.802776,596.177406,599.424018,588.706997,70711572.000000
2024-01-16,597.301186,599.644857,593.842498,595.716082,585.065355,33553569.000000
2024-01-17,595.789559,605.616531,592.155387,602.538532,591.765828,27502297.000000
2024-01-18,604.557366,611.884535,602.292047,608.106003,597.233759,56140975.000000
2024-01-19,605.666249,607.764580,602.250969,605.012567,594.195630,68830520.000000
2024-01-22,604.066660,610.996837,601.334582,607.863323,596.995417,64141774.000000
2024-01-23,609.923049,610.383380,604.576854,605.995756,595.161241,31634120.000000
2024-01-24,605.420848,607.543376,602.740432,603.884357,593.087591,70663910.000000
2024-01-25,607.105436,608.291987,605.872201,606.693265,595.846278,28671740.000000
2024-01-26,606.025848,608.185863,600.401570,602.295786,591.527421,45967706.000000
2024-01-29,602.040483,605.966092,601.011280,603.692118,592.898789,33140402.000000
2024-01-30,602.721126,604.287277,601.131008,602.269148,591.501260,49354089.000000
2024-01-31,601.592751,605.773643,591.447064,595.827270,585.174555,35917495.000000
2024-02-01,596.942880,598.739872,595.029199,596.054273,585.397499,38528342.000000
2024-02-02,598.969807,603.139677,597.779959,601.331999,590.580866,78281180.000000
2024-02-05,603.559185,604.371138,600.579788,601.779502,591.020368,39301881.000000
2024-02-06,601.858639,612.010376,600.433380,608.265459,597.390364,45377678.000000
2024-02-07,609.736238,613.696670,608.596761,612.362491,601.414145,47506138.000000
2024-02-08,614.046032,620.705553,612.329800,617.148474,606.114560,52977177.000000
2024-02-09,614.956767,617.025437,610.932097,613.341965,602.376107,65400735.000000
2024-02-12,614.197056,622.004738,611.256619,620.854434,609.754262,69365953.000000
2024-02-13,618.170788,620.872695,616.215320,617.985652,606.936771,55262474.000000
2024-02-14,618.655396,622.390926,617.087471,620.633639,609.537415,39995032.000000
2024-02-15,619.315693,622.932805,618.053718,621.624565,610.510624,57676375.000000
2024-02-16,624.087751,624.950211,620.469372,622.551572,611.421057,55098894.000000
2024-02-19,624.059698,628.060691,620.121033,627.211132,615.997310,73108752.000000
2024-02-20,627.587843,628.198572,626.253816,626.933108,615.724257,40241162.000000
2024-02-21,628.579029,637.991519,626.513403,633.467545,622.141864,53858334.000000
2024-02-22,637.677799,641.771959,633.352532,638.530296,629.948869,110148531.000000
2024-02-23,638.038364,639.582981,635.840893,636.748999,628.191512,33519920.000000
2024-02-26,637.891840,638.532908,636.236004,637.638759,629.069314,40938580.000000
2024-02-27,638.282121,640.002424,637.053191,638.288539,629.710361,56638791.000000
2024-02-28,635.043522,636.957785,625.089408,630.442559,621.969827,40880132.000000
2024-02-29,625.819838,629.087873,604.220387,612.074452,603.848575,100048098.000000
2024-03-01,613.272959,617.277961,611.507524,615.966687,607.688501,46029433.000000
2024-03-04,616.336229,618.099071,614.087743,615.619860,607.346335,53083658.000000
2024-03-05,617.840216,622.899121,616.393329,620.300534,611.964103,53569317.000000
2024-03-06,621.806339,625.898871,620.252007,624.933365,616.534673,71942883.000000
2024-03-07,626.658993,630.472820,623.624892,627.521216,619.087745,72636107.000000
2024-03-08,627.320867,628.851676,626.269453,628.329065,619.884736,50790506.000000
2024-03-11,627.517227,629.752451,626.106681,629.353133,620.895042,39818509.000000
2024-03-12,628.478728,632.474558,627.117736,630.724939,622.248412,29224555.000000
2024-03-13,632.289868,636.265941,631.243456,633.914473,625.395080,49789124.000000
2024-03-14,634.311084,637.950030,627.159412,628.636091,620.187636,45763423.000000
2024-03-15,627.543822,629.338222,625.468304,627.049992,618.622853,37959254.000000
2024-03-18,623.688999,624.624257,620.514036,622.813129,614.442931,51885175.000000
2024-03-19,620.998452,625.917472,609.560819,614.733149,606.471540,52603200.000000
2024-03-20,613.259643,616.282519,611.406463,612.179440,603.952152,56765117.000000
2024-03-21,612.668891,614.090783,608.224652,609.081209,600.895559,46175811.000000
2024-03-22,609.209644,610.496238,607.700735,608.632918,600.453292,44257054.000000
2024-03-25,608.187823,610.827359,607.488948,609.838391,601.642564,95424916.000000
2024-03-26,609.972192,610.918370,606.633574,607.688980,599.522041,50557948.000000
2024-03-27,608.130901,609.076270,606.388365,607.282566,599.121088,53340032.000000
2024-03-28,607.087531,608.993670,602.060858,604.022696,595.905029,57673160.000000
2024-03-29,602.203200,604.828157,599.227111,600.557503,592.486406,59178569.000000
2024-04-01,603.294071,604.047474,599.465805,600.748844,592.675176,55261534.000000
2024-04-02,600.638747,605.403114,598.791894,603.499003,595.388374,40837306.000000
2024-04-03,603.616101,604.757754,600.144188,601.496590,593.412872,46571815.000000
2024-04-04,604.132139,605.485604,603.198020,604.156238,596.036776,40998049.000000
2024-04-05,607.881081,608.586039,606.072920,607.800212,599.631777,40058803.000000
2024-04-08,607.692883,609.692016,605.529608,606.088699,597.943266,55623494.000000
2024-04-09,606.023166,610.443917,595.324241,600.349779,592.281474,53874755.000000
2024-04-10,598.827779,602.494659,589.808840,593.785124,585.805044,40124626.000000
2024-04-11,593.254333,594.275183,591.372056,592.280051,584.320198,47181869.000000
2024-04-12,593.196260,595.947434,590.931997,594.051351,586.067692,47940430.000000
2024-04-15,592.836783,593.844888,591.398523,593.318219,585.344413,34989797.000000
2024-04-16,595.657147,601.667919,593.113867,598.897558,590.848769,53772006.000000
2024-04-17,599.155720,610.779352,597.633631,607.337071,599.174861,116186479.000000
2024-04-18,606.377330,609.037272,605.433011,607.677846,599.511057,50901297.000000
2024-04-19,608.867456,612.277078,607.211140,610.052259,601.853559,45864732.000000
2024-04-22,613.763797,621.003217,610.103942,617.841623,609.538239,26752094.000000
2024-04-23,615.911980,621.271081,609.233368,610.428760,602.225000,64004372.000000
2024-04-24,607.590826,610.739628,603.110766,606.452423,598.302102,52027836.000000
2024-04-25,607.594747,607.958418,604.741114,605.885124,597.742428,54993956.000000
2024-04-26,603.690647,606.421821,602.456078,605.279679,597.145119,56435821.000000
2024-04-29,603.223553,605.991410,602.026457,605.338385,597.203036,38925714.000000
2024-04-30,605.385392,606.997755,603.585199,604.698919,596.572164,51057940.000000
2024-05-01,603.899976,606.383346,599.579273,601.102248,593.023830,50105040.000000
2024-05-02,600.732152,602.347084,600.041139,601.197199,593.117505,42329476.000000
2024-05-03,599.880420,601.705981,595.521577,597.729301,589.696213,48166622.000000
2024-05-06,599.898525,605.314249,598.470543,603.637776,595.525282,46229619.000000
2024-05-07,604.867773,608.439282,603.622163,606.203413,598.056439,50069448.000000
2024-05-08,605.775023,606.595744,604.919111,606.207701,598.060669,56479740.000000
2024-05-09,604.583145,606.656078,604.043574,605.444073,597.307303,37134836.000000
2024-05-10,604.134023,607.399337,591.319503,596.739991,588.720199,35762259.000000
2024-05-13,599.066745,609.032021,597.093377,604.735359,596.608114,42585511.000000
2024-05-14,602.174332,603.884052,599.128041,601.887558,593.798585,44900755.000000
2024-05-15,604.763322,605.534607,601.213021,602.424934,594.328740,32741361.000000
2024-05-16,601.852551,602.548584,600.236152,601.320741,593.239386,44871226.000000
2024-05-17,598.133439,600.606531,594.370820,597.930006,589.894221,32709681.000000
2024-05-20,596.634530,598.461033,594.599775,595.811945,587.804625,57186238.000000
2024-05-21,592.237865,597.381009,580.376910,583.712331,578.470741,82366869.000000
2024-05-22,581.308309,589.079868,579.639842,586.050562,580.787974,30635275.000000
2024-05-23,586.459176,587.647836,583.189321,584.113460,578.868267,76039932.000000
2024-05-24,583.682368,586.805348,581.346709,585.758830,580.498863,35332528.000000
2024-05-27,585.240285,588.488408,584.459658,587.264070,581.990586,29416823.000000
2024-05-28,586.835846,587.786997,580.820430,583.602273,578.361670,61731752.000000
2024-05-29,586.023206,593.432239,581.184294,592.028692,586.712423,94653350.000000
2024-05-30,591.355238,593.447601,588.576548,590.084647,584.785835,27238179.000000
2024-05-31,590.888786,592.633422,586.185232,587.752550,582.474679,49005069.000000
2024-06-03,589.388432,595.044711,587.103692,591.115627,585.807557,34688475.000000
2024-06-04,589.329054,590.358214,588.249868,589.287566,583.995911,38437079.000000
2024-06-05,588.598915,591.994068,583.282213,585.429334,580.172325,68383810.000000
2024-06-06,585.296962,588.735004,582.795328,587.820240,582.541761,76368700.000000
2024-06-07,588.265252,590.997163,586.813593,589.126142,583.835936,57722377.000000
2024-06-10,589.098468,590.164553,583.109829,586.450765,581.184584,47812690.000000
2024-06-11,587.381316,589.252073,585.002462,588.442486,583.158420,66847654.000000
2024-06-12,589.137511,590.089567,588.221295,589.120741,583.830584,64755732.000000
2024-06-13,588.036020,592.629309,586.757816,591.126294,585.818128,65672284.000000
2024-06-14,590.426639,592.336770,588.108798,589.842820,584.546178,57697553.000000
2024-06-17,589.153080,590.455613,584.407547,587.231130,581.957941,69668416.000000
2024-06-18,586.498819,589.892486,585.942363,588.460139,583.175914,59808484.000000
2024-06-19,587.251483,589.245700,586.785930,588.872970,583.585038,28997516.000000
2024-06-20,586.880884,590.458729,584.853942,588.490602,583.206103,58593717.000000
2024-06-21,587.687910,590.568440,585.936278,589.281122,583.989525,25285705.000000
2024-06-24,589.736659,590.675065,588.391077,589.147439,583.857042,24171847.000000
2024-06-25,588.107118,590.644170,583.746383,585.727155,580.467471,50710257.000000
2024-06-26,585.659527,590.901442,585.000146,588.216305,582.934270,57240215.000000
2024-06-27,587.797615,593.615415,586.241440,591.202705,585.893852,39465470.000000
2024-06-28,592.051027,594.164672,591.168744,592.523305,587.202594,73849816.000000
2024-07-01,591.327375,593.709460,590.642769,591.460326,586.149160,47523361.000000
2024-07-02,591.410238,596.653336,588.800784,595.150596,589.806292,35240601.000000
2024-07-03,595.932559,598.100715,592.147873,594.180263,588.844673,32456743.000000
2024-07-04,594.138917,595.874165,591.748460,592.744211,587.421516,59979933.000000
2024-07-05,592.477634,593.264248,588.893048,590.998572,585.691552,74118007.000000
2024-07-08,591.779827,593.391860,590.172492,591.983631,586.667766,59320100.000000
2024-07-09,591.561493,593.243710,590.605046,592.184370,586.866703,40476751.000000
2024-07-10,593.862403,594.230040,591.420015,592.209171,586.891281,27594231.000000
2024-07-11,592.701801,596.627842,592.097274,595.194382,589.849685,32233288.000000
2024-07-12,596.364327,597.478138,592.406575,594.397525,589.059984,33731228.000000
2024-07-15,592.512230,594.918507,590.839154,593.567849,588.237758,52652476.000000
2024-07-16,593.761539,595.416364,589.143019,591.577770,586.265549,66160188.000000
2024-07-17,588.906917,593.416542,586.472559,592.724638,587.402119,79496255.000000
2024-07-18,591.616001,592.610832,586.546309,589.033327,583.743955,51343424.000000
2024-07-19,587.939299,592.574119,585.738105,590.873537,585.567640,42644188.000000
2024-07-22,590.861345,598.325880,588.009194,594.865942,589.524195,56391177.000000
2024-07-23,595.522818,597.272119,594.479102,596.111369,590.758438,49049479.000000
2024-07-24,596.617443,600.837212,595.534164,598.379980,593.006678,42967829.000000
2024-07-25,599.950862,605.868909,598.696586,603.277467,597.860186,62586694.000000
2024-07-26,603.732726,606.282246,602.180793,604.559740,599.130944,57380164.000000
2024-07-29,605.042713,610.713823,603.259364,608.947187,603.478994,63186063.000000
2024-07-30,608.900689,610.147500,606.158020,607.752943,602.295473,32786528.000000
2024-07-31,608.825964,610.434498,607.727533,609.140811,603.670878,77219748.000000
2024-08-01,609.864156,610.870869,606.336885,608.118290,602.657539,49069372.000000
2024-08-02,606.697164,609.226012,605.246308,607.736001,602.278684,26595841.000000
2024-08-05,609.148648,610.777942,605.699454,607.070610,601.619268,71895359.000000
2024-08-06,606.068042,608.434857,604.049831,605.061245,599.627946,71269702.000000
2024-08-07,604.239075,606.602576,597.965670,600.911775,595.515737,42245814.000000
2024-08-08,601.418212,606.159910,599.495641,603.285089,597.867739,41310791.000000
2024-08-09,605.405291,606.650667,603.099573,605.516419,600.079033,52421793.000000
2024-08-12,607.684373,618.118414,605.696716,615.875524,610.345115,73109284.000000
2024-08-13,615.185672,618.317572,611.398098,613.744701,608.233427,42500274.000000
2024-08-14,615.270067,619.372409,612.709006,618.037795,612.487970,35799825.000000
2024-08-15,617.583836,618.406049,615.972514,617.204622,611.662279,26819594.000000
2024-08-16,616.910908,618.082443,613.773736,614.458659,611.693595,81815717.000000
2024-08-19,614.263913,615.627786,613.350340,614.734070,611.967767,50283778.000000
2024-08-20,614.095165,615.043158,608.387940,611.111194,608.361194,70945830.000000
2024-08-21,615.225304,618.370923,611.513099,616.820677,614.044984,49410043.000000
2024-08-22,616.962698,617.944986,613.628480,614.831822,612.065079,32859236.000000
2024-08-23,614.489630,616.904218,613.324477,616.021099,613.249004,29239578.000000
2024-08-26,616.221212,620.819694,614.809420,618.812570,616.027913,73145395.000000
2024-08-27,618.985416,621.715302,617.315938,620.139707,617.349079,38877181.000000
2024-08-28,620.096799,624.750418,618.959321,622.371029,619.570359,33919088.000000
2024-08-29,617.774602,622.382293,616.826241,620.102312,617.311852,44404364.000000
2024-08-30,619.497174,620.915424,617.365118,619.038094,616.252423,28863915.000000
2024-09-02,618.391113,619.526392,614.964453,616.610147,613.835402,38582711.000000
2024-09-03,617.540808,619.427435,615.860912,616.538734,613.764309,57979813.000000
2024-09-04,615.718303,619.584048,614.166863,617.727058,614.947287,58677865.000000
2024-09-05,620.456604,622.833586,617.796998,619.752139,616.963254,41989406.000000
2024-09-06,618.163448,621.593350,617.266630,620.241404,617.450318,34920868.000000
2024-09-09,620.024022,623.392098,617.316973,622.383748,619.583021,43140150.000000
2024-09-10,622.991339,624.644286,620.053608,621.962051,619.163222,42817583.000000
2024-09-11,624.950941,632.612332,622.828558,628.748448,625.919080,58628409.000000
2024-09-12,627.666997,630.603391,622.412708,625.253671,622.440030,73610351.000000
2024-09-13,625.728081,627.835555,624.754204,625.990038,623.173083,58096470.000000
2024-09-16,626.365517,627.042486,622.240369,624.701405,621.890249,51634293.000000
2024-09-17,626.563324,631.338380,624.893756,630.009893,627.174849,31468913.000000
2024-09-18,627.130533,632.417743,612.425427,615.250617,612.481989,80555691.000000
2024-09-19,616.658561,630.320136,615.147495,625.192559,622.379193,73775047.000000
2024-09-20,621.718956,623.169244,616.234529,619.425988,616.638571,40437562.000000
2024-09-23,621.769718,627.045356,619.590913,623.574259,620.768175,45038576.000000
2024-09-24,623.957021,626.980676,621.657397,626.251170,623.433040,59013368.000000
2024-09-25,625.159016,628.096348,618.709399,621.516643,618.719818,41866487.000000
2024-09-26,620.101206,629.774002,619.276342,626.458489,623.639426,78888511.000000
2024-09-27,623.835007,626.918300,616.372630,618.384063,615.601335,56641086.000000
2024-09-30,621.288841,631.684062,616.435656,628.542342,625.713901,71580443.000000
2024-10-01,628.986683,635.326754,628.262367,633.155423,630.306224,62093184.000000
2024-10-02,629.851118,632.234041,623.522115,625.855472,623.039122,43673439.000000
2024-10-03,623.647592,629.648562,621.927576,628.740938,625.911604,25633719.000000
2024-10-04,629.629165,630.268557,625.967971,627.632342,624.807996,56066274.000000
2024-10-07,626.863152,627.892304,620.084471,623.001740,620.198232,27920958.000000
2024-10-08,621.788996,622.618277,617.421323,619.634234,616.845880,42604551.000000
2024-10-09,617.414006,620.169575,612.395899,614.460654,611.695582,49659252.000000
2024-10-10,615.347448,618.494388,607.697220,609.283406,606.541631,72744799.000000
2024-10-11,608.701340,614.604968,606.481194,612.636899,609.880033,40141944.000000
2024-10-14,612.994934,618.244620,611.771159,615.992436,613.220470,59416268.000000
2024-10-15,618.645168,626.588776,616.900134,623.255903,620.451251,53568712.000000
2024-10-16,623.250451,631.213342,621.489076,628.434183,625.606229,57820911.000000
2024-10-17,629.833431,634.605813,628.557264,631.495891,628.654160,57764133.000000
2024-10-18,629.375211,632.186375,628.123487,630.466423,627.629325,50341671.000000
2024-10-21,632.032184,634.054649,630.446165,632.370746,629.525078,36347457.000000
2024-10-22,633.904567,639.777807,630.429902,637.540291,634.671359,37389225.000000
2024-10-23,635.315799,640.566291,627.832887,629.351723,626.519640,50255966.000000
2024-10-24,627.230378,631.848210,619.422730,622.946914,620.143653,57614710.000000
2024-10-25,621.209268,623.588504,619.114671,620.645874,617.852967,59966020.000000
2024-10-28,620.524889,622.075760,616.047323,618.261256,615.479080,50153328.000000
2024-10-29,616.432076,618.895354,615.350985,616.862122,614.086243,68908781.000000
2024-10-30,615.200684,618.068176,614.656786,616.655240,613.880292,35336709.000000
2024-10-31,617.737771,627.497986,615.453854,623.723992,620.917234,103179323.000000
2024-11-01,625.527949,628.221260,624.733911,626.144161,623.326513,47209860.000000
2024-11-04,628.226438,628.937076,626.112159,626.475819,623.656678,51630865.000000
2024-11-05,627.105217,628.275205,625.574825,626.235381,623.417321,57539041.000000
2024-11-06,630.824127,638.303650,627.944882,635.781856,632.920838,53811217.000000
2024-11-07,634.734601,635.392029,631.376673,632.779890,629.932380,46251985.000000
2024-11-08,635.148670,642.332237,633.112150,638.333328,635.460828,66567218.000000
2024-11-11,640.088746,641.393946,636.107023,637.488176,634.619479,35148688.000000
2024-11-12,639.920979,647.918565,637.563443,644.801557,641.899950,45167454.000000
2024-11-13,644.905253,646.445230,642.940646,644.755094,644.755094,41561906.000000
2024-11-14,645.881217,646.742441,640.645400,642.799930,642.799930,35291117.000000
2024-11-15,642.499772,647.937777,641.506955,645.303597,645.303597,81278611.000000
2024-11-18,647.946474,650.557340,645.162135,649.346104,649.346104,56302466.000000
2024-11-19,648.095314,652.001874,645.972212,651.043381,651.043381,47170550.000000
2024-11-20,652.835635,654.293708,646.296430,648.461941,648.461941,29714118.000000
2024-11-21,648.308853,653.826351,647.098908,652.628372,652.628372,52677264.000000
2024-11-22,652.647175,656.442342,649.522243,654.686806,654.686806,54204804.000000
2024-11-25,657.445236,659.773233,655.858913,656.840025,656.840025,46889294.000000
2024-11-26,653.447645,655.084068,646.764081,649.219180,649.219180,72821512.000000
2024-11-27,650.229091,656.034895,647.778867,652.844496,652.844496,74702743.000000
2024-11-28,652.660518,655.449739,647.607670,649.773886,649.773886,31124245.000000
2024-11-29,650.852817,652.371707,647.974163,650.557802,650.557802,41177304.000000
2024-12-02,651.614844,661.027664,648.414030,656.872551,656.872551,71532153.000000
2024-12-03,656.071022,658.117286,654.669975,657.575062,657.575062,39587365.000000
2024-12-04,658.483541,664.041756,657.046114,661.113762,661.113762,58701841.000000
2024-12-05,660.435670,663.276928,658.993709,662.016114,662.016114,48275775.000000
2024-12-06,661.038194,662.136959,657.634004,659.140546,659.140546,39057423.000000
2024-12-09,659.765117,665.217904,658.635709,662.843573,662.843573,57513632.000000
2024-12-10,664.703499,677.307164,660.363937,672.103341,672.103341,62787610.000000
2024-12-11,672.145601,675.204885,659.641229,663.542511,663.542511,73164795.000000
2024-12-12,665.224519,667.658983,661.570524,662.684390,662.684390,44952487.000000
2024-12-13,660.067186,664.239890,648.558191,654.041087,654.041087,54385958.000000
2024-12-16,656.506022,662.098275,653.064597,659.133581,659.133581,36566181.000000
2024-12-17,661.500661,669.934615,658.846001,666.167703,666.167703,73780495.000000
2024-12-18,667.858133,673.071296,666.283367,671.626381,671.626381,45682526.000000
2024-12-19,672.286365,674.642768,670.144169,673.817848,673.817848,46789639.000000
2024-12-20,676.498738,678.340926,674.339325,676.354088,676.354088,96283574.000000
2024-12-23,674.287441,682.829462,671.719468,680.512993,680.512993,41960353.000000
2024-12-24,680.662844,682.463194,679.744970,681.553952,681.553952,74783526.000000
2024-12-25,680.130302,686.273033,668.251810,672.037379,672.037379,37180891.000000
2024-12-26,672.247795,675.589638,665.580779,668.011352,668.011352,57431215.000000
2024-12-27,667.524435,669.328010,665.082754,666.072837,666.072837,35234710.000000
2024-12-30,664.955116,669.299417,656.629406,660.372120,660.372120,68236914.000000
2024-12-31,661.575162,669.468093,657.774942,666.575582,666.575582,46709388.000000
