date,open,high,low,close,adj_close,volume
2014-01-01,210.892053,213.124516,208.773658,209.983405,167.580549,67720415.000000
2014-01-02,209.212252,210.503289,207.514146,208.025196,166.017769,67940014.000000
2014-01-03,207.809447,209.836976,207.038720,209.562958,167.245004,74054216.000000
2014-01-06,209.542674,210.756542,208.589344,210.413387,167.923702,35063137.000000
2014-01-07,210.334195,210.815305,207.936842,208.639317,166.507878,55021134.000000
2014-01-08,209.740824,211.943056,208.708690,211.392405,168.705023,67289737.000000
2014-01-09,209.926169,210.420202,207.960911,209.174342,166.934863,43373098.000000
2014-01-10,207.522216,209.572900,203.703662,205.537789,164.032655,88700625.000000
2014-01-13,204.915867,206.145536,204.579130,205.699318,164.161565,45277766.000000
2014-01-14,205.237463,205.541684,204.006759,204.815146,163.455939,35329054.000000
2014-01-15,204.867741,205.868808,204.599484,205.251870,163.804473,52115397.000000
2014-01-16,205.112863,205.834285,204.818208,205.370667,163.899281,47193822.000000
2014-01-17,205.224277,205.861598,204.562673,205.696421,164.159253,40253176.000000
2014-01-20,206.278450,206.722503,205.403472,205.794548,164.237565,35090404.000000
2014-01-21,206.469391,206.680666,204.952281,205.348140,163.881303,60541550.000000
2014-01-22,205.767478,206.554680,205.031656,205.771333,164.219039,81139267.000000
2014-01-23,206.945811,211.099218,205.928502,208.877346,166.697840,88382986.000000
2014-01-24,209.502591,210.156585,208.183733,208.830111,166.660144,51706451.000000
2014-01-27,209.642432,210.698399,208.792563,209.989960,167.585779,81072268.000000
2014-01-28,210.562414,211.442286,209.934724,210.767973,168.206685,62728808.000000
2014-01-29,210.697117,212.277111,210.404555,211.472070,168.768601,64911160.000000
2014-01-30,211.404413,211.642647,210.729675,211.059561,168.439391,50297119.000000
2014-01-31,210.933666,212.096383,208.176066,209.192294,166.949190,66154581.000000
2014-02-03,209.015221,210.117593,208.754402,209.715801,167.366983,55226168.000000
2014-02-04,209.554475,210.182286,208.843172,209.667210,167.328204,70025744.000000
2014-02-05,209.398659,209.703758,209.150412,209.464100,167.166109,30199679.000000
2014-02-06,210.473554,211.782642,209.874976,211.360050,168.679202,68853571.000000
2014-02-07,210.564519,211.733887,210.237390,211.443564,168.745851,44190737.000000
2014-02-10,210.727534,211.145753,210.546651,210.965032,168.363952,57465075.000000
2014-02-11,211.602208,212.723605,211.161339,212.010953,169.198665,50927094.000000
2014-02-12,212.731031,215.359909,212.040657,213.886844,170.695749,35804735.000000
2014-02-13,214.015535,214.541908,213.733963,213.973512,170.764916,70964494.000000
2014-02-14,214.161717,215.159341,211.332143,212.259129,169.396726,39778869.000000
2014-02-17,212.740720,216.610924,212.122188,214.883051,171.490788,63594337.000000
2014-02-18,215.478050,216.550689,211.201211,212.673051,169.727062,78517078.000000
2014-02-19,212.524991,212.969815,212.119859,212.659882,169.716553,40124382.000000
2014-02-20,215.112763,222.017809,213.078204,220.288895,175.805006,164253790.000000
2014-02-21,220.116883,221.047625,218.883336,219.303014,175.018209,72038808.000000
2014-02-24,218.934298,219.364965,216.651290,217.668159,173.713487,54024148.000000
2014-02-25,217.901411,218.203476,216.666122,217.253170,173.382298,73251726.000000
2014-02-26,217.259483,217.454856,216.870189,217.275961,173.400487,66722740.000000
2014-02-27,216.476430,217.499018,216.162101,216.792950,173.015012,91664056.000000
2014-02-28,217.572067,218.288387,216.883820,217.811309,173.827730,54157054.000000
2014-03-03,218.146251,219.360492,217.469175,218.484547,174.365018,63455132.000000
2014-03-04,219.281831,221.043390,218.180463,220.056073,175.619199,67919890.000000
2014-03-05,218.012828,220.707068,212.902115,214.791408,171.417650,90474823.000000
2014-03-06,213.655887,215.961798,208.562319,210.261646,167.802603,57562868.000000
2014-03-07,211.790503,215.494334,209.818128,213.806131,170.631335,87520644.000000
2014-03-10,216.425099,224.076093,213.407305,221.618885,176.866426,178951067.000000
2014-03-11,221.008616,221.747261,220.225578,220.543311,176.008047,66698595.000000
2014-03-12,220.169185,223.871536,219.008054,222.548956,177.608683,81650118.000000
2014-03-13,224.007764,230.300852,220.958630,227.970177,181.935174,96328896.000000
2014-03-14,228.208619,228.696733,227.342269,227.781342,181.784471,37228105.000000
2014-03-17,228.688432,231.399397,227.666790,230.409862,183.882203,69750523.000000
2014-03-18,231.245173,235.493890,229.092673,233.721189,186.524859,31172997.000000
2014-03-19,234.076178,235.518497,233.034062,235.134984,187.653160,45358637.000000
2014-03-20,233.313557,234.713090,228.633293,230.991055,184.346032,94323593.000000
2014-03-21,230.501351,232.290824,225.445063,227.520549,181.576341,66447982.000000
2014-03-24,227.198728,228.009645,226.242139,226.986558,181.150181,63057789.000000
2014-03-25,226.337360,227.953149,221.136619,222.763819,177.780158,78884508.000000
2014-03-26,221.949101,223.318071,216.274065,218.304739,174.221520,89940318.000000
2014-03-27,218.774011,221.563211,218.156645,220.270157,175.790052,35536300.000000
2014-03-28,220.586081,223.666624,219.639358,222.383784,177.476865,55744472.000000
2014-03-31,224.837453,234.640363,220.429537,232.210335,186.250350,193034781.000000
2014-04-01,231.808750,233.287083,227.714892,229.271859,183.893469,37115465.000000
2014-04-02,228.235149,231.140280,220.258419,223.053478,178.905855,103726611.000000
2014-04-03,222.520950,223.026799,221.300967,222.055994,178.105796,64088588.000000
2014-04-04,220.716336,221.586240,212.874591,215.906235,173.173222,120770617.000000
2014-04-07,217.317133,221.002322,215.129514,219.174489,175.794610,47996094.000000
2014-04-08,219.421118,224.328557,218.849523,223.055090,178.907148,53972092.000000
2014-04-09,222.116485,222.776973,220.139949,221.080247,177.323173,63744103.000000
2014-04-10,221.475542,226.177532,219.541626,224.575613,180.126723,46437243.000000
2014-04-11,224.762118,229.111267,222.919375,227.618624,182.567448,91769410.000000
2014-04-14,227.294210,228.250953,225.769230,226.529059,181.693534,49416197.000000
2014-04-15,226.788595,230.564981,226.327551,228.922845,183.613533,101179721.000000
2014-04-16,228.592450,229.286257,228.283512,229.101984,183.757216,85807788.000000
2014-04-17,228.905600,229.442713,227.817356,228.441388,183.227368,54112893.000000
2014-04-18,228.880924,231.929542,228.419667,230.547214,184.916401,55243666.000000
2014-04-21,231.581531,236.731110,229.047063,234.755411,188.291695,88540348.000000
2014-04-22,235.188548,236.949073,234.079269,236.251514,189.491683,60276927.000000
2014-04-23,236.310072,238.460572,235.322334,237.327696,190.354863,63898293.000000
2014-04-24,236.416610,237.089158,235.156373,236.183127,189.436831,48705122.000000
2014-04-25,237.305410,243.509669,236.393577,241.023045,193.318814,61295588.000000
2014-04-28,241.325951,241.513754,240.577689,241.039441,193.331965,39597110.000000
2014-04-29,241.025949,241.360207,240.821456,240.996607,193.297609,56237546.000000
2014-04-30,240.212494,241.988820,237.642424,238.826546,191.557055,29559537.000000
2014-05-01,240.570156,243.260610,239.668337,242.418552,194.438116,85286362.000000
2014-05-02,241.370375,243.536070,237.091174,238.985714,191.684720,55074127.000000
2014-05-05,240.193246,241.343880,239.429422,240.602392,192.981418,67012574.000000
2014-05-06,241.088119,244.886083,239.767451,243.261351,195.114106,74241454.000000
2014-05-07,244.025532,244.988588,241.778017,242.180364,194.247072,72907134.000000
2014-05-08,241.669802,242.550464,241.025439,241.824590,193.961714,67689241.000000
2014-05-09,241.770083,244.121147,241.317294,243.737473,195.495991,94381339.000000
2014-05-12,244.172531,245.413471,243.562386,245.017171,196.522407,40514852.000000
2014-05-13,245.468646,245.750985,244.153780,244.578426,196.170500,66279770.000000
2014-05-14,246.326756,249.382226,244.147309,248.069287,198.970436,122439777.000000
2014-05-15,247.835715,249.020017,245.126572,246.107690,197.397086,48287655.000000
2014-05-16,246.659574,248.711819,245.778177,248.113012,199.005506,84113074.000000
2014-05-19,248.863327,249.582188,245.817020,246.286038,197.540134,49867570.000000
2014-05-20,246.341018,249.113673,245.613435,248.455151,199.279928,85824730.000000
2014-05-21,248.919277,249.559637,246.929812,247.764871,198.726271,64554439.000000
2014-05-22,249.394301,251.823992,247.535707,250.519341,200.935566,122172861.000000
2014-05-23,250.848532,251.159094,250.597509,250.977768,201.303259,36938831.000000
2014-05-26,251.540521,252.229804,250.911159,251.371708,201.619229,58932377.000000
2014-05-27,250.988390,252.595962,250.512084,251.818248,201.977388,52458949.000000
2014-05-28,250.460641,251.608699,249.555430,251.238975,201.512767,61616883.000000
2014-05-29,250.730668,251.142299,249.122037,249.832294,200.384502,42454118.000000
2014-05-30,249.913855,250.796034,248.342402,248.909202,199.644111,28379465.000000
2014-06-02,248.505476,248.924486,247.896144,248.430188,199.259906,58513663.000000
2014-06-03,247.925908,248.904124,246.950914,247.928069,198.857168,39257736.000000
2014-06-04,246.828637,247.734627,245.203035,246.000699,197.311271,46115073.000000
2014-06-05,246.747256,251.483145,244.956534,249.602234,200.199976,78629728.000000
2014-06-06,248.868742,250.179301,246.448970,247.584233,198.581386,45734899.000000
2014-06-09,247.129335,248.169833,244.271480,245.890804,197.223127,68950898.000000
2014-06-10,244.914173,247.313868,238.980437,239.933232,192.444701,49039101.000000
2014-06-11,239.267903,240.506681,232.555699,235.504505,188.892525,133199884.000000
2014-06-12,235.116645,235.530026,234.855283,235.334874,188.756468,58281572.000000
2014-06-13,235.172948,236.186872,232.160663,233.196596,187.041407,69176943.000000
2014-06-16,232.682146,233.419668,231.313086,232.070156,186.137916,66816296.000000
2014-06-17,230.825398,231.845647,230.525188,231.230201,185.464208,73479200.000000
2014-06-18,232.435140,235.265529,230.085312,234.523253,188.105486,79224593.000000
2014-06-19,234.107331,235.193139,231.753851,233.063154,186.934376,41915711.000000
2014-06-20,231.928510,233.420858,228.255756,229.828472,184.339915,86717647.000000
2014-06-23,229.336545,230.883266,228.993564,230.681976,185.024490,65205547.000000
2014-06-24,231.545544,235.014459,229.803471,233.334249,187.151815,72982552.000000
2014-06-25,232.899498,234.118985,232.326728,233.407765,187.210780,56871442.000000
2014-06-26,233.118786,233.427221,230.258429,231.152866,186.333849,49159053.000000
2014-06-27,231.144259,232.687690,228.814264,229.539145,185.033017,50851705.000000
2014-06-30,230.023297,230.414650,229.514597,229.879857,185.307668,52147952.000000
2014-07-01,231.213884,233.033294,229.964486,232.451917,187.381022,98491723.000000
2014-07-02,232.215629,233.882605,231.900535,233.135002,187.931661,60053368.000000
2014-07-03,232.884312,233.455978,231.481000,232.030077,187.040974,54378181.000000
2014-07-04,232.247080,235.539064,230.722425,234.242326,188.824282,73190062.000000
2014-07-07,233.656529,234.213414,230.770288,231.344162,186.488054,66972230.000000
2014-07-08,230.424304,231.639111,229.072699,229.467913,184.975597,79288965.000000
2014-07-09,229.779786,231.650148,229.184689,230.543593,185.842709,47235344.000000
2014-07-10,230.592101,231.112054,228.631767,229.263350,184.810698,74535562.000000
2014-07-11,229.978908,230.516660,229.509590,230.215725,185.578413,54130252.000000
2014-07-14,230.208003,231.826892,229.764065,231.161232,186.340593,68766414.000000
2014-07-15,230.885931,233.123829,230.392439,232.116614,187.110732,52644099.000000
2014-07-16,232.350588,232.860748,231.811647,232.552038,187.461730,64880808.000000
2014-07-17,232.383473,234.827655,231.739689,233.962148,188.598430,89976406.000000
2014-07-18,234.000848,235.478371,230.424170,231.811535,186.864806,61555351.000000
2014-07-21,232.124762,233.587610,231.187763,232.624341,187.520014,57576710.000000
2014-07-22,233.814302,238.098261,233.166294,236.243454,190.437406,85172787.000000
2014-07-23,235.340276,236.598951,232.662453,233.146983,187.941319,53207557.000000
2014-07-24,232.659920,233.185451,232.126216,233.030456,187.847387,28159053.000000
2014-07-25,232.405538,233.820516,229.533406,230.260885,185.614817,51401238.000000
2014-07-28,230.655951,234.796835,230.029223,232.882773,187.728338,42845889.000000
2014-07-29,233.548919,234.627823,233.251500,233.608572,188.313409,68207192.000000
2014-07-30,234.541513,235.344400,233.570992,233.820218,188.484019,36116743.000000
2014-07-31,233.916198,234.581993,233.402644,234.054616,188.672969,72396256.000000
2014-08-01,232.449663,233.928690,227.463155,229.166981,184.733013,114769799.000000
2014-08-04,230.107530,235.133356,227.251579,233.150299,187.943993,101793977.000000
2014-08-05,234.159132,240.827769,231.551797,237.913542,191.783675,54194407.000000
2014-08-06,237.713090,239.345957,234.264845,235.677539,189.981217,43982825.000000
2014-08-07,236.455481,237.749740,236.044027,236.785179,190.874093,44697706.000000
2014-08-08,236.119050,237.244179,233.465552,234.824141,189.293288,53330112.000000
2014-08-11,235.984860,237.655106,235.461739,236.489177,190.635484,92589227.000000
2014-08-12,236.849859,237.595290,235.486749,236.191596,190.395602,64621911.000000
2014-08-13,236.321922,238.152721,235.969709,237.149702,191.167938,50552445.000000
2014-08-14,238.688197,239.859010,238.215027,239.144822,192.776217,63898856.000000
2014-08-15,240.459500,241.919566,239.833752,240.935495,194.219691,105988947.000000
2014-08-18,239.878107,240.395195,237.912512,238.685761,192.406165,104176124.000000
2014-08-19,240.088347,244.944542,237.646878,242.759055,195.689674,90357760.000000
2014-08-20,241.983338,244.288417,241.273904,243.935304,196.637856,43984174.000000
2014-08-21,244.056369,245.548794,243.379562,244.858184,197.381796,35597595.000000
2014-08-22,245.787067,246.826152,245.357344,245.596846,197.977236,80603880.000000
2014-08-25,245.160726,248.191466,244.424037,247.701436,199.673760,66049859.000000
2014-08-26,247.478080,248.687502,246.657342,247.984837,199.902211,48902715.000000
2014-08-27,248.452032,249.743938,247.235412,249.048147,200.759353,59984079.000000
2014-08-28,249.319972,251.771924,248.427998,251.256423,202.539458,68083858.000000
2014-08-29,251.703366,252.424021,250.836266,251.642608,202.850765,40699725.000000
2014-09-01,253.200808,253.516309,249.506369,250.681663,202.076140,33245987.000000
2014-09-02,251.156334,252.825614,250.325206,252.360876,203.429765,57163504.000000
2014-09-03,252.876635,253.759653,250.914103,251.740630,202.929781,54787469.000000
2014-09-04,252.164143,253.393787,251.377223,252.814791,203.795669,63373156.000000
2014-09-05,252.244427,253.159373,248.706654,250.205823,201.692563,62857904.000000
2014-09-08,251.838651,255.125679,250.727725,253.866387,204.643367,110267346.000000
2014-09-09,254.398877,254.611718,253.891838,254.143685,204.866900,58092990.000000
2014-09-10,254.807147,255.091725,254.196876,254.658791,205.282130,37951730.000000
2014-09-11,254.702745,254.997626,252.528720,253.041861,203.978712,58367578.000000
2014-09-12,252.469175,253.630282,251.710942,253.271862,204.164117,54397974.000000
2014-09-15,253.648444,255.229997,253.198553,254.641305,205.268034,64161703.000000
2014-09-16,254.268453,254.646047,252.731436,253.738816,204.540532,47479873.000000
2014-09-17,252.610288,254.749605,250.073330,251.191088,202.486792,57083556.000000
2014-09-18,251.435730,252.698589,251.158692,251.931484,203.083630,48670443.000000
2014-09-19,252.808801,254.917025,251.794393,254.000941,204.751832,60829214.000000
2014-09-22,253.358394,254.803340,253.116881,254.179400,204.895690,35786475.000000
2014-09-23,254.230432,254.813308,252.066120,252.444531,204.519799,67304100.000000
2014-09-24,253.468890,254.605248,251.208825,251.696472,203.913754,69899766.000000
2014-09-25,250.676535,251.596577,248.447832,249.355422,202.017135,148590376.000000
2014-09-26,248.296206,249.271065,246.811294,247.891433,200.831073,61273505.000000
2014-09-29,248.624227,248.856348,247.378769,247.867802,200.811929,67282362.000000
2014-09-30,248.834555,250.477904,247.963321,250.022353,202.557454,84890055.000000
2014-10-01,249.861054,250.886472,249.261409,250.652962,203.068347,68672313.000000
2014-10-02,251.327351,252.149450,249.861275,250.081885,202.605684,30594632.000000
2014-10-03,249.826791,250.434759,249.391697,250.233953,202.728883,74062106.000000
2014-10-06,250.401961,250.849966,249.531913,249.840681,202.410271,50148105.000000
2014-10-07,249.259146,250.144436,248.722495,249.760723,202.345492,36128935.000000
2014-10-08,250.559748,251.059046,249.989613,250.329353,202.806172,62636377.000000
2014-10-09,251.417747,252.668590,250.941990,251.941266,204.112076,75028174.000000
2014-10-10,251.626717,252.851564,248.487317,248.990656,201.721617,61468677.000000
2014-10-13,248.735436,249.506382,246.973559,247.453449,200.476237,62378913.000000
2014-10-14,247.120645,250.524630,246.554135,249.100087,201.810273,39655828.000000
2014-10-15,249.366046,249.816849,247.894373,248.762762,201.536987,59444776.000000
2014-10-16,249.698046,255.314624,247.618678,253.043238,205.004847,72742541.000000
2014-10-17,252.340352,252.740415,251.559545,251.924855,204.098780,44598142.000000
2014-10-20,253.921205,256.357921,252.533648,254.684312,206.334374,126348211.000000
2014-10-21,254.920135,255.786777,253.870159,254.079038,205.844007,59118035.000000
2014-10-22,254.426947,255.390823,252.964098,253.357518,205.259462,33977092.000000
2014-10-23,252.757589,254.502610,252.450295,253.788019,205.608236,49594995.000000
2014-10-24,254.514782,256.374495,253.635141,254.936369,206.538580,45580129.000000
2014-10-27,255.437077,256.648932,254.901843,256.307145,207.649125,41010668.000000
2014-10-28,256.633797,257.269803,255.897018,256.501609,207.806671,60354202.000000
2014-10-29,256.886712,260.049853,256.084249,259.301984,210.075415,36635931.000000
2014-10-30,259.603774,260.723913,258.395997,258.746156,209.625107,39535363.000000
2014-10-31,259.815118,260.155764,258.243504,258.542764,209.460328,36675122.000000
2014-11-03,257.775763,260.843567,256.621053,259.384187,210.142013,62599146.000000
2014-11-04,260.407063,261.022470,258.957625,259.901135,210.560822,60792200.000000
2014-11-05,260.486651,263.361092,258.883748,262.022560,212.279510,69233123.000000
2014-11-06,262.773366,263.999460,261.847333,262.938481,213.021550,67791846.000000
2014-11-07,263.077736,265.381643,262.256685,264.140527,213.995397,53201093.000000
2014-11-10,264.153011,265.293890,263.201804,264.436597,214.235260,57039977.000000
2014-11-11,264.922825,265.518007,264.240247,264.930457,214.635364,39298983.000000
2014-11-12,264.552440,265.420124,261.963003,263.042446,213.105779,54594127.000000
2014-11-13,261.972849,263.018117,260.615015,261.414024,211.786500,84965425.000000
2014-11-14,260.647241,262.347138,259.917340,262.036625,212.290905,33629960.000000
2014-11-17,261.138102,262.299804,259.778439,260.904261,211.373512,53377558.000000
2014-11-18,260.754876,262.013184,256.808712,258.253842,209.226256,47212775.000000
2014-11-19,257.907399,258.798341,257.694049,258.258663,209.230161,57110107.000000
2014-11-20,258.915170,259.768753,257.647580,258.906650,209.755132,45737031.000000
2014-11-21,258.509727,259.050135,257.771914,258.604314,209.510193,17966980.000000
2014-11-24,258.441265,259.621473,255.780452,256.425112,207.744697,25685140.000000
2014-11-25,257.112536,257.373564,256.262418,256.992291,208.204201,49345220.000000
2014-11-26,256.951966,258.378309,255.918457,257.701387,208.778680,69356141.000000
2014-11-27,257.537824,258.203677,256.723467,257.521820,208.633203,61403456.000000
2014-11-28,257.127095,258.523953,256.526159,258.047354,209.058968,45709716.000000
2014-12-01,256.845866,257.301005,255.038648,256.194933,207.558215,88448543.000000
2014-12-02,256.367664,258.043344,255.773552,256.785231,208.036450,59523265.000000
2014-12-03,258.410531,263.358804,255.929958,260.927166,211.392069,78131300.000000
2014-12-04,260.938922,263.316863,259.966073,262.067651,212.316041,57295706.000000
2014-12-05,261.425636,263.130169,260.776457,262.799648,212.909073,49816819.000000
2014-12-08,262.420937,262.963157,261.553034,262.366066,212.557804,45892288.000000
2014-12-09,262.091136,262.343684,261.115312,261.956566,212.226045,40271870.000000
2014-12-10,262.558341,265.573895,262.181829,264.060817,213.930819,88073421.000000
2014-12-11,263.491374,264.641073,261.041291,262.478431,212.648838,75082861.000000
2014-12-12,262.087676,263.752677,261.747758,263.102109,213.154115,45393726.000000
2014-12-15,262.938855,263.224157,261.795899,262.376730,212.566443,54150098.000000
2014-12-16,263.183415,263.997552,262.086721,263.639753,213.589691,29310484.000000
2014-12-17,263.262987,264.397175,260.930452,262.423601,212.604416,44963887.000000
2014-12-18,261.003838,263.062308,258.762500,260.042407,210.675275,56718145.000000
2014-12-19,260.966374,262.584146,260.290189,261.257231,212.723089,50473648.000000
2014-12-22,262.001543,265.523574,261.215157,263.768380,214.767738,74165018.000000
2014-12-23,265.026432,266.980964,264.615553,266.070988,216.642587,61482106.000000
2014-12-24,266.460101,269.236306,265.847509,267.539829,217.838559,60357431.000000
2014-12-25,267.540548,270.051243,266.707588,268.780415,218.848680,34857517.000000
2014-12-26,268.649028,274.216595,266.695305,272.199061,221.632239,75430688.000000
2014-12-29,272.359975,273.104411,270.669096,271.245649,220.855943,58729406.000000
2014-12-30,270.760950,271.249634,270.226504,270.660076,220.379153,32636276.000000
2014-12-31,270.654733,271.340334,267.982751,269.005610,219.032040,50127399.000000
2015-01-01,269.358936,273.094054,268.506977,271.507591,221.069224,55801893.000000
2015-01-02,272.394520,276.756607,271.207129,275.316494,224.170542,140338586.000000
2015-01-05,274.954734,275.350207,274.236704,274.833674,223.777416,42503247.000000
2015-01-06,273.946767,275.567843,271.052072,272.523750,221.896610,61398765.000000
2015-01-07,272.715523,273.242909,270.367235,270.990141,220.647902,79697815.000000
2015-01-08,270.107395,271.029980,265.159109,267.478449,217.788582,95759738.000000
2015-01-09,267.453098,269.352519,266.477360,268.219521,218.391984,49719479.000000
2015-01-12,268.138917,271.520122,267.473900,271.030447,220.680720,54639299.000000
2015-01-13,271.466628,272.626354,269.372867,270.212660,220.014854,40761663.000000
2015-01-14,270.236640,272.441206,268.929976,272.122005,221.569498,92689750.000000
2015-01-15,271.588569,273.250642,267.569549,268.365808,218.511095,80643526.000000
2015-01-16,268.887563,271.989904,268.177146,270.108624,219.930145,49887304.000000
2015-01-19,270.101907,271.335094,269.261843,270.674498,220.390896,31882852.000000
2015-01-20,271.810799,274.134917,271.165879,273.656058,222.818567,55906803.000000
2015-01-21,273.999374,274.449826,272.924145,273.472389,222.669019,42166052.000000
2015-01-22,271.548557,272.834935,267.684621,268.402509,218.540978,77128592.000000
2015-01-23,269.347319,271.455319,268.852821,270.084206,219.910264,79237258.000000
2015-01-26,269.836758,270.232444,269.141048,269.975713,219.821925,45707026.000000
2015-01-27,269.143714,271.529842,265.872851,267.215908,217.574813,72790279.000000
2015-01-28,266.244954,267.262216,264.946395,265.696628,216.337773,106947088.000000
2015-01-29,266.303749,266.998035,263.881502,264.584520,215.432262,64006759.000000
2015-01-30,264.020108,264.476662,261.034097,262.264621,213.543334,67989032.000000
2015-02-02,261.678544,264.118142,261.020515,263.376501,214.448659,69446530.000000
2015-02-03,264.401535,267.538806,262.824848,266.063302,216.636329,69645672.000000
2015-02-04,266.013291,266.650768,265.068419,265.639897,216.291580,49168917.000000
2015-02-05,264.330261,266.010123,261.675220,262.888182,214.051056,70072778.000000
2015-02-06,264.315078,271.329196,263.585117,268.096090,218.291483,71666652.000000
2015-02-09,267.994994,268.567938,267.459293,267.879582,218.115196,30600678.000000
2015-02-10,267.884481,269.760812,267.340365,268.983996,219.014441,50196693.000000
2015-02-11,269.556612,270.854576,268.959461,270.521467,220.266294,59320852.000000
2015-02-12,271.419425,275.312562,269.987043,274.141343,223.213700,87495969.000000
2015-02-13,273.943324,275.434467,269.243484,271.133376,220.764528,78736215.000000
2015-02-16,271.017204,274.966134,269.882763,273.255861,222.492715,86334836.000000
2015-02-17,274.474395,281.576577,271.923229,278.442310,226.715670,56665449.000000
2015-02-18,277.942663,278.988546,274.507663,276.318354,224.986285,67191656.000000
2015-02-19,276.675285,278.811419,275.041981,278.088114,226.427274,122450468.000000
2015-02-20,278.118877,278.699722,276.403753,277.509478,225.956132,82850961.000000
2015-02-23,276.155493,276.885836,274.906311,276.072418,224.786037,46646526.000000
2015-02-24,276.774366,278.051052,275.461620,277.059071,225.589398,36666687.000000
2015-02-25,277.983563,278.594737,277.260337,277.537769,225.979167,48483497.000000
2015-02-26,278.276527,279.104229,277.460605,278.757626,226.972409,79446349.000000
2015-02-27,277.206383,278.228059,274.314733,276.188914,224.880890,62156556.000000
2015-03-02,275.547422,276.810108,274.830433,276.042385,224.761583,52651499.000000
2015-03-03,276.414052,281.264326,274.832111,279.620575,227.675047,71895636.000000
2015-03-04,279.295156,280.403583,276.773214,277.965968,226.327818,69694170.000000
2015-03-05,278.339494,279.308211,277.793168,278.454338,226.725464,32872686.000000
2015-03-06,276.939837,277.880855,274.033935,275.312273,224.167105,63667485.000000
2015-03-09,274.705937,276.332174,272.339614,273.192630,222.441231,58285240.000000
2015-03-10,272.645394,273.601339,272.006183,272.902782,222.205229,52536469.000000
2015-03-11,273.500168,278.360732,272.801322,276.140708,224.841640,114487818.000000
2015-03-12,276.175569,276.400123,274.797056,275.078163,223.976486,51210944.000000
2015-03-13,274.031260,275.194675,271.379672,272.178924,221.615843,111189083.000000
2015-03-16,272.458323,274.128556,271.465187,273.101492,222.367024,55850027.000000
2015-03-17,274.426832,278.791844,272.380126,276.825200,225.398973,78206095.000000
2015-03-18,276.923254,277.275373,275.937256,276.896998,226.590385,47205990.000000
2015-03-19,277.619767,280.120851,277.053648,279.407724,228.644962,116172519.000000
2015-03-20,278.740841,279.580337,275.857328,276.746140,226.466935,84494629.000000
2015-03-23,274.622992,277.975211,266.979813,270.368860,221.248278,56353913.000000
2015-03-24,269.765483,271.802764,266.694021,267.917439,219.242231,49442003.000000
2015-03-25,268.316437,268.688146,267.411230,268.072591,219.369195,117474703.000000
2015-03-26,269.040852,271.847836,268.321025,271.223118,221.947335,62340715.000000
2015-03-27,272.295465,274.348014,271.819901,273.406174,223.733774,50625479.000000
2015-03-30,272.387844,273.022228,272.068893,272.625431,223.094875,53583656.000000
2015-03-31,274.297263,278.200506,273.458063,277.060564,226.724234,40152428.000000
2015-04-01,279.053219,285.537067,276.567818,284.312030,232.658255,79381321.000000
2015-04-02,285.284216,290.048423,283.582575,287.441466,235.219135,37347126.000000
2015-04-03,287.993066,288.920603,287.030538,287.951412,235.636434,46575158.000000
2015-04-06,288.617957,289.485306,288.148314,288.859182,236.379281,55345898.000000
2015-04-07,288.685674,289.418145,287.989961,288.775127,236.310497,57657284.000000
2015-04-08,290.299789,301.704664,287.038288,298.132595,243.967901,105034934.000000
2015-04-09,297.926867,298.529208,296.111343,296.964825,243.012292,65452820.000000
2015-04-10,296.231323,296.699304,294.280759,295.079628,241.469597,83757324.000000
2015-04-13,293.838606,294.348707,292.855994,293.685588,240.328826,67656579.000000
2015-04-14,292.005948,294.176659,287.654204,288.758436,236.296838,71515353.000000
2015-04-15,288.814388,290.016154,285.720603,286.274358,234.264067,45436314.000000
2015-04-16,284.561861,286.556347,279.679578,281.601977,230.440564,149968019.000000
2015-04-17,282.108361,282.943743,281.363886,282.241073,230.963549,78390516.000000
2015-04-20,283.366954,284.162266,281.866095,282.428468,231.116898,32791361.000000
2015-04-21,282.434972,283.584277,282.053231,282.878886,231.485484,57227027.000000
2015-04-22,282.794278,284.971685,281.854493,284.236158,232.596168,64953381.000000
2015-04-23,282.979851,283.781088,278.398201,280.490670,229.531159,32060184.000000
2015-04-24,279.517537,280.273486,275.642626,277.416976,227.015894,62422192.000000
2015-04-27,277.063473,278.273599,273.458872,275.029035,225.061794,55165479.000000
2015-04-28,274.611716,278.722553,273.746676,277.052455,226.717599,70022993.000000
2015-04-29,276.420488,277.230894,274.953363,275.992213,225.849981,61488309.000000
2015-04-30,275.932212,276.515789,273.727075,274.261221,224.433476,90101885.000000
2015-05-01,273.962001,274.793800,272.769723,273.442792,223.763739,32732543.000000
2015-05-04,274.614482,277.479651,272.887087,276.238886,226.051839,68250822.000000
2015-05-05,275.439885,277.407420,272.595543,273.162447,223.534327,71122928.000000
2015-05-06,275.045459,282.290962,273.698585,280.337473,229.405795,90883003.000000
2015-05-07,280.091502,280.969582,278.415977,279.153271,228.436739,65866411.000000
2015-05-08,278.930155,281.057874,277.761012,280.379513,229.440197,49093606.000000
2015-05-11,279.348853,281.349654,279.135257,280.591580,229.613735,52598142.000000
2015-05-12,280.574445,281.633769,279.977069,281.178522,230.094042,37433882.000000
2015-05-13,280.207056,281.451119,278.351111,279.680378,228.868081,39718053.000000
2015-05-14,278.809154,280.046251,277.664265,279.055134,228.356431,41501797.000000
2015-05-15,279.047064,279.575014,276.001182,276.936959,226.623086,82134601.000000
2015-05-18,275.862377,278.330757,274.717685,277.967530,227.466422,40208149.000000
2015-05-19,279.251783,285.136700,278.207750,282.845895,231.458487,65382349.000000
2015-05-20,284.030730,287.699309,282.825909,287.117366,234.953917,95556240.000000
2015-05-21,286.563176,289.305044,280.654555,283.073803,231.644988,74642760.000000
2015-05-22,282.921400,283.163514,282.241534,282.903784,231.505859,64449396.000000
2015-05-25,283.538199,285.494260,282.180158,285.063826,233.273465,86737533.000000
2015-05-26,285.273896,287.509709,283.904108,286.889683,234.767600,73762850.000000
2015-05-27,287.776186,290.122046,286.071083,289.095016,236.572269,66085359.000000
2015-05-28,289.678097,292.549312,288.017780,291.576002,238.602509,134152686.000000
2015-05-29,291.389397,292.804917,290.790964,292.390245,239.268821,41404992.000000
2015-06-01,293.658272,295.070104,291.972383,294.105098,240.672119,28194052.000000
2015-06-02,293.206509,293.732516,290.188442,291.314731,238.388706,88508762.000000
2015-06-03,290.113483,290.791904,287.715363,288.624857,236.187528,81357203.000000
2015-06-04,288.112810,288.563289,285.561377,286.623797,234.550020,68546928.000000
2015-06-05,287.311634,287.955554,285.078325,285.762304,233.845043,50525577.000000
2015-06-08,284.183111,284.949865,280.466851,281.736333,230.550510,80522953.000000
2015-06-09,281.254932,282.830821,281.027670,282.484386,231.162657,53527008.000000
2015-06-10,282.180684,283.349064,281.552725,282.869312,231.477650,54177070.000000
2015-06-11,281.875781,284.131882,278.086438,278.816238,228.160938,68368810.000000
2015-06-12,280.264783,287.885459,279.128367,284.893847,233.134367,72959679.000000
2015-06-15,286.428564,287.509085,285.875581,286.333352,235.489792,50013129.000000
2015-06-16,284.525141,287.825407,278.446926,281.156995,231.232589,69538514.000000
2015-06-17,282.498710,283.582123,281.353770,282.347841,232.211979,37376169.000000
2015-06-18,282.864723,284.192976,279.662494,280.887227,231.010723,97618248.000000
2015-06-19,280.579091,281.510925,280.010688,281.049923,231.144529,55605379.000000
2015-06-22,279.172495,279.886603,277.535497,278.677817,229.193633,43754502.000000
2015-06-23,280.080182,284.260060,278.675271,282.191128,232.083094,53319957.000000
2015-06-24,281.041359,281.970410,275.662652,278.123960,228.738123,52944023.000000
2015-06-25,278.795011,282.130601,276.877508,279.991248,230.273841,59493843.000000
2015-06-26,280.584979,290.273953,278.920720,286.616639,235.722777,109465324.000000
2015-06-29,287.781195,288.657989,286.215150,286.883934,235.942609,88175745.000000
2015-06-30,288.264294,293.396066,285.618816,290.820173,239.179899,96640132.000000
2015-07-01,289.201073,289.795494,283.432962,286.251757,235.422686,59622916.000000
2015-07-02,286.262690,287.015759,284.017109,284.703194,234.149098,39051508.000000
2015-07-03,286.013401,290.426013,285.060640,289.428707,238.035512,78040802.000000
2015-07-06,288.491802,289.776637,283.184094,285.553691,234.848574,43117792.000000
2015-07-07,288.324960,293.361476,287.592902,290.641792,239.033192,56162581.000000
2015-07-08,289.528949,290.679494,288.067998,289.011984,237.692785,32438108.000000
2015-07-09,290.175173,299.670015,286.503073,296.232904,243.631504,111833982.000000
2015-07-10,296.025192,299.684872,294.840169,298.985430,245.895270,74284025.000000
2015-07-13,300.106418,301.012555,296.897837,298.449838,245.454782,48958211.000000
2015-07-14,298.220963,300.473590,295.176731,295.749656,243.234064,84440482.000000
2015-07-15,296.895290,300.762536,294.610143,299.299851,246.153860,104288630.000000
2015-07-16,298.626090,299.346839,294.611168,296.754172,244.060211,69185498.000000
2015-07-17,295.143845,296.620858,292.004693,292.982554,240.958311,65817601.000000
2015-07-20,293.297879,295.016639,290.492174,290.918746,239.260969,40506420.000000
2015-07-21,291.078184,294.218198,290.354614,292.795323,240.804326,56977068.000000
2015-07-22,293.612768,294.254959,293.219694,293.890508,241.705041,58519620.000000
2015-07-23,294.340030,298.855681,293.780861,296.954860,244.225263,55851492.000000
2015-07-24,298.340072,299.085949,296.330447,296.826910,244.120033,40468845.000000
2015-07-27,296.069803,297.456011,293.184483,294.579513,242.271701,45086409.000000
2015-07-28,295.471866,300.662193,293.658592,298.196233,245.246208,55107977.000000
2015-07-29,297.816919,298.789980,293.804036,295.393322,242.941004,49719696.000000
2015-07-30,295.094950,298.369504,294.434124,296.884415,244.167327,51048019.000000
2015-07-31,298.162168,301.628684,297.329040,300.292559,246.970295,55669749.000000
2015-08-03,301.290982,303.723459,300.487337,302.733801,248.978051,31618533.000000
2015-08-04,302.426269,303.356352,301.933922,302.688513,248.940805,43511520.000000
2015-08-05,304.653614,307.407027,303.988250,306.768136,252.296018,46884953.000000
2015-08-06,306.107460,307.072704,305.322792,305.901068,251.582914,40163194.000000
2015-08-07,306.297987,307.114871,305.744589,306.537210,252.106097,53870490.000000
2015-08-10,307.495363,308.882431,307.163883,308.092108,253.384895,129514202.000000
2015-08-11,309.241730,314.117453,307.138933,311.650916,256.311774,59085841.000000
2015-08-12,313.415869,319.182840,312.507411,317.496761,261.119586,64331230.000000
2015-08-13,318.067209,319.644032,317.416706,319.064271,262.408757,78842428.000000
2015-08-14,318.674139,320.624184,315.112694,316.920347,260.645525,80459383.000000
2015-08-17,317.745859,318.108740,316.414340,316.803583,260.549494,35805156.000000
2015-08-18,316.660556,317.399147,315.993997,316.490830,260.292276,42387033.000000
2015-08-19,317.138543,317.633801,315.940018,316.329855,260.159885,40559759.000000
2015-08-20,315.870204,317.112535,314.648405,316.398779,260.216570,45668144.000000
2015-08-21,316.780199,317.607872,315.545912,316.515858,260.312860,55263025.000000
2015-08-24,316.103808,317.294192,312.556304,313.263682,257.638165,62595621.000000
2015-08-25,311.791521,312.804488,308.096477,309.941577,254.905959,73484225.000000
2015-08-26,310.155789,313.690801,309.341951,312.331513,256.871519,42569778.000000
2015-08-27,311.913909,312.461129,310.606745,311.172205,255.918067,52274667.000000
2015-08-28,309.903254,311.652081,307.491272,309.054324,254.176253,54031205.000000
2015-08-31,308.976090,312.241623,308.204709,310.693511,255.524374,128275787.000000
2015-09-01,311.196086,313.110516,310.834430,311.835231,256.463361,49191369.000000
2015-09-02,311.112920,311.660853,310.299833,311.229310,255.965032,50222054.000000
2015-09-03,312.081203,313.268817,310.952930,312.429178,256.951842,40905597.000000
2015-09-04,311.728253,312.621714,310.812523,311.479391,256.170707,38268718.000000
2015-09-07,311.851920,313.442144,309.449243,310.113295,255.047185,72994744.000000
2015-09-08,308.376219,310.797602,296.466541,301.246286,247.754671,90774682.000000
2015-09-09,302.389013,306.876466,301.702268,304.475175,250.410213,65648595.000000
2015-09-10,302.639713,303.933618,297.605403,299.499927,247.556190,72820692.000000
2015-09-11,300.499319,306.813445,298.782061,304.937796,252.050942,66324297.000000
2015-09-14,305.003049,307.892535,303.804475,306.407249,253.265541,30440983.000000
2015-09-15,305.216229,307.468992,300.556513,302.747784,250.240755,47514687.000000
2015-09-16,303.838281,306.654303,302.875532,305.953188,252.890230,69268911.000000
2015-09-17,306.331378,307.026921,305.492972,305.709135,252.688504,29484956.000000
2015-09-18,305.505107,306.376717,300.653816,302.616147,250.131948,95602431.000000
2015-09-21,302.863021,304.156652,302.063099,303.171724,250.591169,44085032.000000
2015-09-22,303.298269,303.918602,298.889973,299.603661,247.641932,52929757.000000
2015-09-23,299.727414,300.787740,299.324864,300.045586,248.007212,97075714.000000
2015-09-24,299.770312,300.903521,298.863530,300.491814,248.376049,53800630.000000
2015-09-25,301.782080,303.984911,300.411192,302.762800,250.253166,60094326.000000
2015-09-28,303.222333,303.852762,301.669252,301.923523,249.559449,63990733.000000
2015-09-29,301.581936,302.510817,298.263433,299.932734,247.913932,35298379.000000
2015-09-30,300.303798,301.260764,299.784826,300.640365,248.498836,30296257.000000
2015-10-01,299.903283,300.934915,296.683510,298.447109,246.685967,91211055.000000
2015-10-02,298.769238,299.838368,298.290315,299.313256,247.401894,39494556.000000
2015-10-05,299.605723,301.671547,298.401287,300.469758,248.357818,63852670.000000
2015-10-06,299.427657,300.065437,294.361337,296.539213,245.108967,49119827.000000
2015-10-07,296.625871,298.829468,292.918392,293.446142,242.552342,74686073.000000
2015-10-08,293.673187,296.236810,292.653377,295.125097,243.940107,31499338.000000
2015-10-09,295.020962,295.403469,293.287038,293.781345,242.829409,53286396.000000
2015-10-12,295.101418,296.948513,294.605466,295.810151,244.506349,47247984.000000
2015-10-13,296.752652,297.934952,296.100632,297.462593,245.872200,53411275.000000
2015-10-14,297.111200,298.572820,294.319248,294.905295,243.758427,118539588.000000
2015-10-15,294.975113,297.251881,294.584047,296.459668,245.043218,33460206.000000
2015-10-16,297.196455,297.824373,295.743519,296.764701,245.295347,38333773.000000
2015-10-19,297.148797,300.267186,296.314822,299.355167,247.436536,81393554.000000
2015-10-20,300.352141,302.416782,298.598867,301.465913,249.181205,58197048.000000
2015-10-21,301.890162,302.845334,301.333058,301.924546,249.560295,46875035.000000
2015-10-22,302.113658,303.750644,301.335840,303.238209,250.646123,85160893.000000
2015-10-23,303.397391,307.744899,301.728149,306.961498,253.723664,66501274.000000
2015-10-26,305.816677,306.848668,304.791019,305.730498,252.706162,57551069.000000
2015-10-27,304.602082,305.802172,298.521543,300.386328,248.288858,48137040.000000
2015-10-28,300.757988,301.362276,300.183586,300.853898,248.675334,43351879.000000
2015-10-29,298.600355,301.393514,292.497634,295.101851,243.920894,76533432.000000
2015-10-30,294.786059,297.008402,293.628346,296.467396,245.049605,54619777.000000
2015-11-02,295.607076,297.035280,291.673893,292.922013,242.119115,104950612.000000
2015-11-03,293.013969,293.818673,289.812383,290.798430,240.363836,71567187.000000
2015-11-04,291.266846,292.531424,288.557634,289.635218,239.402365,73826563.000000
2015-11-05,287.499215,289.062675,279.581756,282.817304,233.766915,118460649.000000
2015-11-06,280.858568,283.245229,275.515677,277.844800,229.656817,83011504.000000
2015-11-09,277.773553,278.324208,274.504286,275.192041,227.464139,71923320.000000
2015-11-10,274.317359,275.368539,273.306185,274.281882,226.711833,46611385.000000
2015-11-11,274.537827,275.665592,271.898640,272.648528,225.361760,52603503.000000
2015-11-12,272.353225,272.865272,271.815999,272.382920,225.142217,45318861.000000
2015-11-13,271.468051,273.472731,265.737054,268.450318,221.891666,99379866.000000
2015-11-16,268.878145,269.098549,268.490645,268.826745,222.202808,62101216.000000
2015-11-17,268.512577,269.003501,267.916508,268.235919,221.714451,67253438.000000
2015-11-18,268.151173,270.091776,261.850167,263.931763,218.156786,160335163.000000
2015-11-19,264.013320,265.931637,260.479994,261.030129,215.758397,78527475.000000
2015-11-20,260.038858,261.120855,258.533250,258.863581,213.967603,68194892.000000
2015-11-23,258.885339,264.236204,257.448417,262.391634,216.883770,113681131.000000
2015-11-24,261.882363,262.592560,260.627260,261.208009,215.905426,56010928.000000
2015-11-25,262.215880,264.534031,260.988018,263.012517,217.396970,59332807.000000
2015-11-26,264.095633,265.788685,263.106876,264.611933,218.718991,27600243.000000
2015-11-27,265.562877,268.219290,264.399661,267.458185,221.071603,45584357.000000
2015-11-30,267.439329,268.077388,265.951548,266.259854,220.081105,80297646.000000
2015-12-01,267.081936,267.449346,266.416763,266.597330,220.360051,80488410.000000
2015-12-02,265.875878,266.171521,264.268801,265.518178,219.468062,24040135.000000
2015-12-03,264.891409,265.956948,264.515885,265.552798,219.496677,46504189.000000
2015-12-04,265.788350,266.436354,264.565981,264.956051,219.003427,26179698.000000
2015-12-07,264.014083,266.305784,259.838011,260.510389,215.328797,47646313.000000
2015-12-08,260.488589,261.761277,257.295936,258.546700,214.779579,54634112.000000
2015-12-09,258.808371,261.398702,257.429587,260.539562,216.435087,57713096.000000
2015-12-10,261.379945,262.243268,258.991621,259.557658,215.619401,67752476.000000
2015-12-11,260.294697,261.717304,259.212540,260.756365,216.615189,52834109.000000
2015-12-14,259.685948,261.442549,256.256378,257.623516,214.012673,46673872.000000
2015-12-15,256.992288,257.650101,256.274262,257.117690,213.592473,34093458.000000
2015-12-16,256.950645,257.789048,255.789464,256.535087,213.108494,23278434.000000
2015-12-17,256.207165,257.164089,254.587400,255.689872,212.406358,42605071.000000
2015-12-18,256.384901,257.134688,254.148788,254.568647,211.474936,63390581.000000
2015-12-21,253.471087,256.931001,246.376455,248.642493,206.551969,81028615.000000
2015-12-22,248.834714,252.463101,246.713151,251.744204,209.128618,48213348.000000
2015-12-23,252.213256,253.479395,251.009034,252.947360,210.128102,87034582.000000
2015-12-24,252.170025,253.460652,251.021634,252.981718,210.156644,51448354.000000
2015-12-25,253.093356,254.274375,252.506630,253.839657,210.869350,32599459.000000
2015-12-28,253.469621,254.029800,250.662728,251.516589,208.939534,56942502.000000
2015-12-29,252.400791,253.538464,247.713444,249.235072,207.044235,73476234.000000
2015-12-30,250.192309,251.162067,249.737733,250.006574,207.685136,38668256.000000
2015-12-31,250.578069,251.301775,249.548473,250.850144,208.385906,68942761.000000
2016-01-01,250.954181,251.804016,250.123334,250.411057,208.021148,41081076.000000
2016-01-04,250.529516,251.216086,248.067366,248.998830,206.847985,47485583.000000
2016-01-05,248.966334,251.559876,248.033206,250.277880,207.910516,68474963.000000
2016-01-06,251.273369,254.927397,249.618507,253.708596,210.760476,65472374.000000
2016-01-07,253.914695,255.244543,252.703019,254.647244,211.540228,56421154.000000
2016-01-08,253.979475,254.598637,253.072290,253.975013,210.981793,53281342.000000
2016-01-11,254.203270,254.667203,252.534816,252.979499,210.154801,74155388.000000
2016-01-12,252.128949,254.436736,251.284695,253.673820,210.731587,47757131.000000
2016-01-13,253.185582,254.092072,252.454345,253.448641,210.544526,43861652.000000
2016-01-14,253.819473,254.167342,252.619527,252.964970,210.142732,24137284.000000
2016-01-15,253.907762,254.145658,252.624545,253.042981,210.207536,31686075.000000
2016-01-18,252.910149,253.511712,248.253114,249.634560,207.376098,77633950.000000
2016-01-19,250.316648,250.498549,249.148087,249.577474,207.328675,53499664.000000
2016-01-20,248.811377,249.544603,247.883254,249.190366,207.007097,86121911.000000
2016-01-21,250.049707,253.809695,248.606119,252.319261,209.606329,58240632.000000
2016-01-22,252.768121,252.957617,251.892715,252.601260,209.840591,41700371.000000
2016-01-25,252.687189,253.772638,252.366358,253.066859,210.227372,61901392.000000
2016-01-26,253.235642,254.139600,252.915046,253.469844,210.562140,32530889.000000
2016-01-27,254.926339,255.452404,254.314759,255.040309,211.866755,50221059.000000
2016-01-28,256.038850,256.668885,254.143769,254.686547,211.572878,44015457.000000
2016-01-29,255.270070,255.597628,252.200482,253.247278,210.377250,52613667.000000
2016-02-01,253.686348,254.884349,252.799938,254.384923,211.322313,47429674.000000
2016-02-02,253.840072,254.329107,252.360078,252.898054,210.087143,32814733.000000
2016-02-03,252.776804,253.154316,252.492046,252.637525,209.870716,38848668.000000
2016-02-04,253.097277,254.391187,248.808490,250.263628,207.898676,53922393.000000
2016-02-05,249.817287,250.476620,247.924071,248.918318,206.781102,46748835.000000
2016-02-08,249.219884,249.362175,248.412359,248.735233,206.629010,40578600.000000
2016-02-09,249.579580,250.527226,249.333634,249.630181,207.372460,45966280.000000
2016-02-10,250.509281,251.060946,250.278296,250.704746,208.265121,60746115.000000
2016-02-11,250.622757,252.633343,249.889524,251.894776,209.253701,92672755.000000
2016-02-12,250.871965,251.890056,250.651678,251.507008,208.931575,47115303.000000
2016-02-15,250.867304,252.297597,250.402184,251.773024,209.152560,46163773.000000
2016-02-16,251.084976,251.920667,248.982128,249.888009,207.586642,57398440.000000
2016-02-17,250.300709,252.089524,249.025201,251.436553,208.873047,63409584.000000
2016-02-18,251.813455,254.034861,250.777293,253.290145,210.412861,71102867.000000
2016-02-19,253.553713,254.401968,252.703865,253.989210,210.993587,63882796.000000
2016-02-22,253.131931,254.145168,250.843189,251.825039,209.195769,42758658.000000
2016-02-23,251.537977,252.687407,250.852401,252.294905,209.586096,52526475.000000
2016-02-24,251.984428,253.089220,248.321340,249.750221,207.472179,47659017.000000
2016-02-25,250.157289,254.788087,248.649861,253.765517,210.807761,71696501.000000
2016-02-26,254.963688,255.754591,254.392626,254.852848,211.711027,52225408.000000
2016-02-29,254.962130,257.869634,253.838969,256.894769,213.407289,63318774.000000
2016-03-01,256.706426,260.424241,254.702493,259.984541,215.974020,88965951.000000
2016-03-02,259.483853,259.938243,257.785160,258.530466,214.766093,59820391.000000
2016-03-03,258.008541,259.022679,256.841550,257.514078,213.921761,55392844.000000
2016-03-04,257.422442,259.392300,256.426006,257.755810,215.198565,41666814.000000
2016-03-07,257.588969,258.910464,257.006235,258.216587,215.583264,120408178.000000
2016-03-08,257.626631,259.490248,257.140002,258.743145,216.022884,26633677.000000
2016-03-09,259.138554,259.530995,256.408904,257.649045,215.109427,43620564.000000
2016-03-10,257.421145,258.294980,254.301317,255.362824,213.200677,85039210.000000
2016-03-11,255.162989,256.080458,252.151694,252.782049,211.046006,42472865.000000
2016-03-14,251.821502,254.572423,251.333180,253.445972,211.600311,74721871.000000
2016-03-15,253.475700,253.676833,252.537176,253.319786,211.494958,40456409.000000
2016-03-16,253.155915,256.155913,252.566798,254.970620,212.873229,79244590.000000
2016-03-17,253.883738,254.704917,252.561688,253.417795,211.576785,59559823.000000
2016-03-18,252.719598,253.996782,249.545887,250.941305,209.509181,66169238.000000
2016-03-21,251.712441,255.430921,251.142686,253.436939,211.592769,63754345.000000
2016-03-22,253.384286,253.732969,252.941068,253.502096,211.647168,51673537.000000
2016-03-23,253.138753,254.820248,249.198438,250.900722,209.475298,53068259.000000
2016-03-24,250.960286,251.801690,250.576600,251.595016,210.054960,48016655.000000
2016-03-25,252.743508,254.214321,251.440038,253.007167,211.233955,39879543.000000
2016-03-28,252.743173,253.383645,252.315216,252.960365,211.194880,34682825.000000
2016-03-29,253.225081,255.286736,252.902036,254.155907,212.193030,44514993.000000
2016-03-30,253.855716,254.830949,253.481329,253.956953,212.026925,57934679.000000
2016-03-31,253.611763,254.577748,252.592023,253.261911,211.446639,50058593.000000
2016-04-01,252.482989,253.375246,251.356972,252.475748,210.790277,36890498.000000
2016-04-04,252.179272,253.393233,251.661691,253.116533,211.325264,36928720.000000
2016-04-05,253.758392,255.607047,253.359078,255.113082,212.992169,46366387.000000
2016-04-06,255.426667,256.977174,254.252740,256.146211,213.854722,58516157.000000
2016-04-07,255.545130,256.867644,254.973212,256.380196,214.050074,95473237.000000
2016-04-08,256.540201,258.164182,255.352724,257.619891,215.085087,86977085.000000
2016-04-11,256.696576,257.193593,253.969353,254.771670,212.707127,42026382.000000
2016-04-12,255.353997,257.894824,253.560186,256.931120,214.510037,44066666.000000
2016-04-13,257.491238,257.755182,256.099515,256.489219,214.141096,68609874.000000
2016-04-14,255.069579,255.560778,253.040496,254.561221,212.531424,46499830.000000
2016-04-15,254.689805,255.191245,253.550610,254.450230,212.438758,44487472.000000
2016-04-18,254.541138,256.960393,253.564185,255.800995,213.566503,54654176.000000
2016-04-19,255.917750,258.103010,255.548895,257.611102,215.077749,56299992.000000
2016-04-20,258.064143,258.392254,257.287961,257.700366,215.152275,37625087.000000
2016-04-21,257.754546,258.453563,257.247066,257.753524,215.196656,37543791.000000
2016-04-22,257.869042,258.765044,257.087222,258.298962,215.652038,47897166.000000
2016-04-25,259.380403,263.153871,257.894104,260.997844,217.905317,81619519.000000
2016-04-26,260.620116,261.721865,257.799348,259.179781,216.387428,40541078.000000
2016-04-27,257.495454,258.215249,251.739198,254.437251,212.427922,120667845.000000
2016-04-28,255.662831,257.041556,254.879968,255.861615,213.617114,42251121.000000
2016-04-29,255.677278,256.250131,254.464348,254.700343,212.647576,51196548.000000
2016-05-02,255.177615,255.648355,253.983937,254.679440,212.630125,45787719.000000
2016-05-03,254.630405,255.970312,254.160131,255.331017,213.174122,59412168.000000
2016-05-04,255.420579,255.653221,254.325112,254.844691,212.768091,45872605.000000
2016-05-05,254.061284,255.703513,253.792829,255.460563,213.282279,29823972.000000
2016-05-06,256.392650,256.829154,254.445504,255.045028,212.935351,59571691.000000
2016-05-09,255.533872,259.633646,254.431372,258.206404,215.574763,53538308.000000
2016-05-10,256.859025,258.251353,256.289627,257.168230,214.707998,40970613.000000
2016-05-11,256.445198,257.180633,255.120603,255.551540,213.358235,58773680.000000
2016-05-12,255.493951,256.768109,254.584412,255.987230,213.721989,53489405.000000
2016-05-13,257.353479,260.175104,255.537264,258.435155,215.765745,70513185.000000
2016-05-16,258.954655,259.913181,258.149010,259.421243,216.589023,39592035.000000
2016-05-17,258.338719,259.770688,257.315476,258.716638,216.000753,73631419.000000
2016-05-18,259.340327,263.204402,258.169521,261.413012,218.251938,51641864.000000
2016-05-19,262.367823,266.516064,261.218683,264.760124,221.046418,74148583.000000
2016-05-20,263.488199,264.599496,263.073826,264.321603,220.680301,77414863.000000
2016-05-23,265.268985,266.567830,264.278856,265.856056,221.961405,39945231.000000
2016-05-24,265.716185,266.508898,265.120644,265.631569,221.773982,61932566.000000
2016-05-25,265.853268,266.635200,265.172027,265.751229,221.873885,40720988.000000
2016-05-26,264.795791,265.529709,263.801467,264.202784,220.581099,58697017.000000
2016-05-27,264.206256,268.866264,263.607739,267.390440,223.242451,53974556.000000
2016-05-30,268.143805,271.559802,266.399362,270.036688,225.451786,56206982.000000
2016-05-31,269.413785,270.390823,266.218587,267.649324,223.458592,99314119.000000
2016-06-01,266.801535,267.624370,263.822622,264.710670,222.115708,52365610.000000
2016-06-02,264.959857,269.177944,263.124837,267.280867,224.272332,83477494.000000
2016-06-03,267.500601,268.043068,266.311146,266.698703,223.783844,54667799.000000
2016-06-06,266.708477,267.831890,263.746857,264.651100,222.065724,80751810.000000
2016-06-07,265.267807,269.998485,263.768497,267.983627,224.862009,44077521.000000
2016-06-08,269.218926,271.927601,268.577453,271.032785,227.420523,77854845.000000
2016-06-09,270.260027,270.679327,269.086340,269.963063,226.522932,23768722.000000
2016-06-10,270.245438,270.860969,268.472458,269.671976,226.278684,27857478.000000
2016-06-13,269.258768,269.851870,268.228249,269.072216,225.775432,63967870.000000
2016-06-14,268.995440,270.326750,268.617618,269.935309,226.499644,56149127.000000
2016-06-15,269.482885,272.880813,268.236689,271.517373,227.827135,69793645.000000
2016-06-16,273.026286,277.158765,272.441613,275.160153,230.883751,96755129.000000
2016-06-17,275.640883,279.207845,274.382901,277.719719,233.031453,91225799.000000
2016-06-20,277.786985,281.638949,276.523210,280.019396,234.961086,51703341.000000
2016-06-21,279.574379,280.848150,277.233024,278.892817,234.015787,56536356.000000
2016-06-22,278.522821,278.870533,277.729119,278.534742,233.715329,55115758.000000
2016-06-23,279.113846,280.027328,277.514727,277.894468,233.178083,50263394.000000
2016-06-24,277.569655,278.911759,277.209962,278.243775,233.471182,43803111.000000
2016-06-27,276.906482,277.775219,274.527946,275.215268,230.929997,64875804.000000
2016-06-28,276.028193,280.270939,274.404890,278.167964,233.407570,130488799.000000
2016-06-29,277.950706,280.821841,276.879241,279.822677,234.796021,52930241.000000
2016-06-30,279.931629,281.056371,278.917214,280.600024,235.448284,77636954.000000
2016-07-01,280.101764,281.061157,279.136276,280.771614,235.592264,42490314.000000
2016-07-04,280.868487,283.541790,280.374875,282.400663,236.959180,46678861.000000
2016-07-05,282.441132,283.043874,281.572543,282.137686,236.738519,43143184.000000
2016-07-06,281.139534,283.499002,280.544349,282.577379,237.107461,48407509.000000
2016-07-07,282.988108,283.582306,282.297960,282.497892,237.040764,51947656.000000
2016-07-08,281.438694,283.698128,281.120512,283.430886,237.823628,35364345.000000
2016-07-11,283.212311,283.896448,282.636720,282.918800,237.393943,42980710.000000
2016-07-12,283.418680,286.754602,282.166287,285.128323,239.247928,44883823.000000
2016-07-13,285.093712,286.753946,284.356693,285.913292,239.906587,85833081.000000
2016-07-14,286.433857,287.031684,284.531434,285.273069,239.369383,67104876.000000
2016-07-15,286.800303,287.616577,285.363834,285.590812,239.635998,56066490.000000
2016-07-18,284.972505,286.586933,282.989856,283.604012,237.968897,30474631.000000
2016-07-19,284.400375,285.135346,283.241992,283.962134,238.269392,39855338.000000
2016-07-20,284.123720,286.280746,283.531319,284.814362,238.984488,26348362.000000
2016-07-21,285.418814,286.666217,284.846532,285.714630,239.739892,61567250.000000
2016-07-22,286.031548,289.007166,284.299120,288.296440,241.906259,74187761.000000
2016-07-25,287.848431,289.569793,282.524183,283.660580,238.016362,66080868.000000
2016-07-26,285.145636,288.742163,283.435079,288.046939,241.696906,82095742.000000
2016-07-27,286.487818,289.542444,280.316441,281.559489,236.253360,86558022.000000
2016-07-28,283.263565,291.872805,278.960485,288.978864,242.478873,84754221.000000
2016-07-29,287.360082,289.989046,282.027760,283.896900,238.214656,72691685.000000
2016-08-01,283.184044,284.437643,281.032925,282.202250,236.792694,44139274.000000
2016-08-02,283.090295,289.709622,280.632449,288.719036,242.260855,51381866.000000
2016-08-03,288.168998,289.693894,281.424410,284.126522,238.407328,80976134.000000
2016-08-04,284.899717,287.792975,283.739341,286.442796,240.350887,56101393.000000
2016-08-05,286.868466,287.140256,285.303789,285.738246,239.759708,56338340.000000
2016-08-08,284.102100,284.836966,278.963002,281.529027,236.227800,73996311.000000
2016-08-09,283.203733,291.378075,280.690770,287.787522,241.479232,74266536.000000
2016-08-10,287.946738,289.828426,286.861766,288.904719,242.416659,46536722.000000
2016-08-11,287.530911,290.353937,282.331226,284.349853,238.594723,83160493.000000
2016-08-12,282.876076,286.511947,275.593773,277.542874,232.883064,106048875.000000
2016-08-15,277.512747,279.223213,277.141575,278.557538,233.734458,56115339.000000
2016-08-16,277.898536,278.844961,277.652183,278.582357,233.755283,47691833.000000
2016-08-17,278.620014,279.002498,277.546862,277.805604,233.103518,91200389.000000
2016-08-18,276.689943,277.979651,275.853891,277.221582,232.613472,47129517.000000
2016-08-19,278.359425,280.388674,276.887411,279.496024,234.521931,39544497.000000
2016-08-22,278.974486,279.733421,276.031142,277.620639,232.948316,37716449.000000
2016-08-23,279.339592,287.053058,277.082841,284.838742,239.004944,87602254.000000
2016-08-24,284.140687,285.385812,283.622604,284.639298,238.837593,45442593.000000
2016-08-25,283.811389,284.215388,281.834933,283.191707,237.622936,49656496.000000
2016-08-26,284.305551,285.941937,283.658492,284.730009,238.913708,93084701.000000
2016-08-29,283.541059,284.920538,279.182630,280.753668,236.761010,52143915.000000
2016-08-30,281.571371,282.209451,280.729868,280.949441,236.926107,63826633.000000
2016-08-31,280.648190,281.029553,278.756819,279.849386,235.998424,32559564.000000
2016-09-01,279.446616,282.424686,273.558323,274.652985,231.616273,64304256.000000
2016-09-02,276.431712,279.468874,275.492660,278.041591,234.473902,57914404.000000
2016-09-05,279.163434,279.979919,277.527147,277.831542,234.296766,65110116.000000
2016-09-06,277.250833,278.384813,276.142041,276.963259,233.564539,58656905.000000
2016-09-07,277.523599,278.080870,277.160298,277.556273,234.064630,51883206.000000
2016-09-08,276.658200,277.808840,276.087815,277.498971,234.016308,49258479.000000
2016-09-09,277.883134,278.599068,276.145826,277.042682,233.631516,70389260.000000
2016-09-12,276.973772,277.433484,276.582312,276.939304,233.544337,30689587.000000
2016-09-13,279.168377,284.176119,276.566126,283.181870,238.808725,138829857.000000
2016-09-14,282.584670,288.062706,281.427370,286.501645,241.608309,43957809.000000
2016-09-15,287.468554,290.736057,286.364564,289.603256,244.223913,60257090.000000
2016-09-16,291.175626,292.116922,289.611633,290.482180,244.965114,29253839.000000
2016-09-19,289.577522,291.615329,288.749659,291.106787,245.491848,80363099.000000
2016-09-20,292.802423,293.592899,291.747120,293.016012,247.101908,47528726.000000
2016-09-21,291.966857,294.116738,287.859283,289.916019,244.487668,80037802.000000
2016-09-22,289.501879,289.978600,287.772600,288.835581,243.576529,59349506.000000
2016-09-23,289.559000,291.202875,287.947740,290.354319,244.857289,50664998.000000
2016-09-26,289.720496,292.805030,283.770250,285.621681,240.866231,58722538.000000
2016-09-27,285.097174,288.189332,283.981321,287.394243,242.361041,47731687.000000
2016-09-28,287.388648,288.313964,284.308311,285.399062,240.678495,80091213.000000
2016-09-29,286.713458,287.504482,284.842600,285.522792,240.782837,76498948.000000
2016-09-30,285.875954,287.749319,284.673558,287.310888,242.290747,56652831.000000
2016-10-03,286.203078,286.829320,283.585417,284.477327,239.901191,69537749.000000
2016-10-04,284.829003,285.183534,284.431355,284.696639,240.086138,32734108.000000
2016-10-05,284.183999,287.066027,283.424641,286.009410,241.193204,52209652.000000
2016-10-06,285.709299,287.068465,282.361303,283.597645,239.159350,74091756.000000
2016-10-07,283.975414,285.282019,283.470607,284.262493,239.720020,97504474.000000
2016-10-10,284.065181,285.447712,283.769600,284.733937,240.117591,43853105.000000
2016-10-11,285.675013,286.859537,283.851322,284.494282,239.915490,53385391.000000
2016-10-12,284.710519,287.766663,283.398109,286.377664,241.503755,65826032.000000
2016-10-13,286.647881,286.901683,285.924375,286.639016,241.724154,50285220.000000
2016-10-14,285.679169,286.820723,280.603198,282.860547,238.537752,107867141.000000
2016-10-17,284.202253,286.936111,283.629801,285.666943,240.904400,45534446.000000
2016-10-18,286.385897,286.873108,284.926009,285.525480,240.785104,53869466.000000
2016-10-19,283.806924,285.750399,281.636276,282.768662,238.460265,58305359.000000
2016-10-20,283.367186,283.734294,282.677025,283.320612,238.925727,47257126.000000
2016-10-21,283.378060,284.888297,282.760213,284.596899,240.002026,112278630.000000
2016-10-24,284.418559,284.727477,283.409603,284.096445,239.579991,69622700.000000
2016-10-25,285.194419,289.676926,284.400267,287.874166,242.765763,59475696.000000
2016-10-26,287.998760,288.684711,285.414447,286.632529,241.718684,134874987.000000
2016-10-27,285.511889,286.570119,283.777405,284.574671,239.983282,110304078.000000
2016-10-28,284.838999,285.266170,284.284066,285.031455,240.368490,144615476.000000
2016-10-31,285.567598,287.013647,284.642718,286.410040,241.531058,66565846.000000
2016-11-01,286.268832,288.547716,285.210984,287.664961,242.589339,87471520.000000
2016-11-02,287.261430,289.304889,286.401375,288.483241,243.279399,39589245.000000
2016-11-03,288.037494,289.280752,287.520790,288.652050,243.421756,38442060.000000
2016-11-04,287.196631,288.594696,286.579256,288.255532,243.087370,51199755.000000
2016-11-07,289.002482,289.798840,287.754293,289.317756,243.983150,43232633.000000
2016-11-08,289.777013,290.214230,288.143768,288.713272,243.473385,57404678.000000
2016-11-09,287.076373,288.397496,281.765861,284.173921,239.645327,65190262.000000
2016-11-10,283.683933,285.337800,282.684524,285.031837,240.368812,31777038.000000
2016-11-11,284.200492,286.348402,281.084628,282.584280,238.304774,126143880.000000
2016-11-14,284.111937,287.463574,283.161715,285.975263,241.164408,51103609.000000
2016-11-15,286.197918,288.864736,285.676769,287.798494,242.701948,46287398.000000
2016-11-16,286.775922,287.472806,285.457067,286.434897,241.552020,37998761.000000
2016-11-17,286.327851,287.953104,285.233463,287.555797,242.497281,47295826.000000
2016-11-18,288.007421,292.646459,287.061770,290.775770,245.212700,80230608.000000
2016-11-21,289.940030,291.016965,289.569762,290.744627,245.186438,33393276.000000
2016-11-22,291.296794,292.506807,290.562959,291.806462,246.081888,50234186.000000
2016-11-23,291.691385,292.661216,290.252059,290.804454,245.236889,92615670.000000
2016-11-24,291.349540,291.962607,288.618379,289.492974,245.357701,28539598.000000
2016-11-25,288.518826,290.266912,287.541621,289.926147,245.724833,34620069.000000
2016-11-28,288.641603,289.606273,285.687606,287.496375,243.665497,63173750.000000
2016-11-29,286.761502,287.601657,286.063029,286.789958,243.066778,34969524.000000
2016-11-30,286.606107,287.483695,285.291775,285.996633,242.394401,34406825.000000
2016-12-01,285.062030,286.057065,282.341917,284.013743,240.713818,44503296.000000
2016-12-02,284.315519,285.584421,282.115778,283.200842,240.024848,62287789.000000
2016-12-05,284.023060,286.359469,283.090389,285.702006,242.144692,76291753.000000
2016-12-06,284.995580,286.252782,282.471805,283.343572,240.145819,53699232.000000
2016-12-07,283.898771,284.162116,282.736077,282.933505,239.798270,66978055.000000
2016-12-08,281.941216,282.563843,280.884049,281.932630,238.949985,75615001.000000
2016-12-09,282.698126,283.235835,281.601400,281.919573,238.938918,29763072.000000
2016-12-12,282.323909,286.124727,280.244445,284.525816,241.147821,37978330.000000
2016-12-13,284.822179,286.462644,283.634570,285.692005,242.136216,68884813.000000
2016-12-14,286.599356,287.505587,284.008037,284.521713,241.144344,78487609.000000
2016-12-15,284.635591,289.313034,282.597454,288.406646,244.436991,100547852.000000
2016-12-16,287.464090,288.729181,286.487981,287.862097,243.975462,45945553.000000
2016-12-19,287.307887,289.160618,286.393194,288.779731,244.753197,61757330.000000
2016-12-20,288.731481,290.685637,284.278540,285.213888,241.730991,59496963.000000
2016-12-21,284.432896,285.937749,281.514659,283.130262,239.965029,60241157.000000
2016-12-22,283.964382,284.480887,282.672325,283.355598,240.156011,65802279.000000
2016-12-23,283.272206,283.676131,283.016816,283.364019,240.163148,50979154.000000
2016-12-26,282.620870,283.918172,281.451129,283.129510,239.964392,48384214.000000
2016-12-27,283.803057,285.774432,282.429645,285.113585,241.645980,50124182.000000
2016-12-28,285.125928,286.014956,284.503902,285.566266,242.029647,64531667.000000
2016-12-29,285.044189,285.472014,284.271014,284.876810,241.445304,45552488.000000
2016-12-30,284.343414,285.140279,283.484153,284.672671,241.272287,62556473.000000
2017-01-02,286.125512,287.562359,285.413810,287.023788,243.264960,38968305.000000
2017-01-03,287.914277,288.792852,286.950642,287.942768,244.043835,40674009.000000
2017-01-04,288.144857,291.023710,287.405626,289.875957,245.682295,40415878.000000
2017-01-05,289.795739,290.606055,288.514009,289.193112,245.103555,55091451.000000
2017-01-06,289.206574,290.457400,286.708359,287.954341,244.053643,43010684.000000
2017-01-09,285.852230,286.888567,282.795662,284.549052,241.167514,62000111.000000
2017-01-10,285.066281,287.906491,284.499150,286.787818,243.064965,68426605.000000
2017-01-11,286.693682,288.552279,286.271501,288.221244,244.279855,32583071.000000
2017-01-12,288.058329,289.346920,285.016079,286.077022,242.462535,60123005.000000
2017-01-13,286.794928,289.372498,285.644658,287.969130,244.066177,74411921.000000
2017-01-16,288.262759,290.128328,286.961946,289.418753,245.294795,33690269.000000
2017-01-17,289.694188,293.067002,288.079660,291.402064,246.975736,54605639.000000
2017-01-18,291.505808,293.449564,289.853140,292.972722,248.306936,78504900.000000
2017-01-19,291.834853,292.448709,288.818673,290.573123,246.273173,42472079.000000
2017-01-20,290.303999,291.522857,289.535756,291.055809,246.682270,43866421.000000
2017-01-23,291.294310,292.320181,289.905831,290.720671,246.398226,72113096.000000
2017-01-24,291.023031,291.801847,289.389602,289.770079,245.592559,54284236.000000
2017-01-25,288.665948,290.058789,287.284666,287.783448,243.908804,48606261.000000
2017-01-26,286.253184,289.335926,280.913614,282.800476,239.685522,118617597.000000
2017-01-27,282.126526,283.093383,281.580661,282.292122,239.254670,58465965.000000
2017-01-30,282.452826,285.110389,281.720077,283.948248,240.658308,45475080.000000
2017-01-31,283.100605,284.333605,282.652181,283.709342,240.455825,49190180.000000
2017-02-01,284.179961,286.437366,282.990117,285.465223,241.944009,71198947.000000
2017-02-02,285.792450,290.096997,284.434785,288.273764,244.324368,94826678.000000
2017-02-03,288.124669,289.152741,287.835638,288.626809,244.623589,54278068.000000
2017-02-06,288.919933,291.577587,287.837577,290.792853,246.459404,43277555.000000
2017-02-07,290.379384,292.261759,289.157637,291.715565,247.241441,46304157.000000
2017-02-08,291.456751,292.773962,290.320377,292.401658,247.822935,80582349.000000
2017-02-09,293.110846,293.885863,292.314589,293.146888,248.454549,26241982.000000
2017-02-10,293.863100,294.113407,292.614729,293.192261,248.493005,21628642.000000
2017-02-13,292.484519,295.218981,292.142520,293.947566,249.133158,75925766.000000
2017-02-14,295.783381,297.395019,294.430816,296.955834,251.682794,79423539.000000
2017-02-15,298.152892,305.024090,296.774068,302.057833,256.006956,60070054.000000
2017-02-16,302.304577,302.804580,300.223146,300.973774,255.088170,52238154.000000
2017-02-17,302.629882,306.796687,300.199452,305.586753,258.997868,59528757.000000
2017-02-20,305.967924,306.334675,304.469701,305.136950,258.616641,57571900.000000
2017-02-21,305.090182,306.912557,304.612533,305.699593,260.395481,71178362.000000
2017-02-22,306.697926,308.805234,305.355903,307.756612,262.147654,42153082.000000
2017-02-23,307.548504,308.480136,306.981155,307.984888,262.342100,41183495.000000
2017-02-24,307.185815,307.560632,306.189200,306.678167,261.229033,62080972.000000
2017-02-27,305.529725,306.618662,299.788131,302.617664,257.770289,60991619.000000
2017-02-28,302.844663,303.392580,301.951917,302.970419,258.070766,47808287.000000
2017-03-01,304.489266,313.279410,300.751157,310.862492,264.793248,84467178.000000
2017-03-02,310.861999,314.280481,309.588345,313.486897,267.028722,76176153.000000
2017-03-03,313.863689,314.381785,311.835291,312.196355,265.929435,59392571.000000
2017-03-06,313.315076,318.033503,311.873030,315.741161,268.948908,43772627.000000
2017-03-07,314.786559,315.953988,314.328332,314.899477,268.231960,21384448.000000
2017-03-08,313.573224,315.515344,307.556475,310.621184,264.587703,64705897.000000
2017-03-09,309.696893,310.827483,305.372643,307.826044,262.206796,52432951.000000
2017-03-10,307.115476,308.301164,304.395352,305.817633,260.496029,39233541.000000
2017-03-13,306.642159,310.503434,305.104259,308.583505,262.852004,54859430.000000
2017-03-14,308.965743,311.555414,308.098003,310.996784,264.907639,47389210.000000
2017-03-15,312.678509,320.369575,309.187619,318.077313,270.938847,93745167.000000
2017-03-16,318.027330,319.296018,315.446767,316.432758,269.538011,39533743.000000
2017-03-17,317.771950,320.740268,316.344778,319.118748,271.825943,79230713.000000
2017-03-20,319.340263,320.771007,316.067306,316.507762,269.601900,33997304.000000
2017-03-21,315.233681,316.350903,313.801477,314.618084,267.992269,111720554.000000
2017-03-22,316.339847,320.974227,313.159771,319.655963,272.283544,65346944.000000
2017-03-23,321.934477,326.718839,319.487641,325.489392,277.252470,76073403.000000
2017-03-24,326.120303,326.939315,325.073937,326.196636,277.854902,59513105.000000
2017-03-27,325.715015,329.710102,324.097482,328.191512,279.554140,53086409.000000
2017-03-28,328.864015,331.125709,328.197865,329.469193,280.642471,56458088.000000
2017-03-29,330.071860,333.623354,329.615922,332.125678,282.905270,60152068.000000
2017-03-30,331.819915,332.312151,329.609065,330.762624,281.744218,61232844.000000
2017-03-31,329.302018,330.253976,328.270743,329.385010,280.570764,51267820.000000
2017-04-03,329.890089,331.277342,327.175458,328.138640,279.509104,52027608.000000
2017-04-04,328.137722,330.610570,327.369791,329.967146,281.066629,44411415.000000
2017-04-05,331.376519,333.531247,330.434177,332.832784,283.507584,55056435.000000
2017-04-06,334.139963,334.794858,332.770881,333.116152,283.748958,45022926.000000
2017-04-07,334.020546,335.646076,333.564316,334.156609,284.635221,53336195.000000
2017-04-10,333.109706,333.996089,332.605662,333.664671,284.216187,40056219.000000
2017-04-11,334.752063,335.174918,332.808668,333.653269,284.206475,48902327.000000
2017-04-12,334.203148,334.933919,333.018053,333.533684,284.104612,72680137.000000
2017-04-13,333.424374,335.601098,332.203012,334.901844,285.270014,54043091.000000
2017-04-14,334.246108,335.755886,333.341374,333.901208,284.417670,66324158.000000
2017-04-17,333.513488,335.627287,329.239265,330.101395,281.180982,88986407.000000
2017-04-18,330.936280,334.662607,328.901239,333.214634,283.832845,45890621.000000
2017-04-19,332.095605,333.569377,331.797071,332.575783,283.288670,76704100.000000
2017-04-20,333.091283,335.755647,331.970094,334.487438,284.917022,69185868.000000
2017-04-21,334.542437,336.007819,331.669697,332.495614,283.220382,34051837.000000
2017-04-24,333.575706,333.870204,330.609616,331.466344,282.343648,36918683.000000
2017-04-25,331.605876,333.402659,327.447522,328.880057,280.140644,51505909.000000
2017-04-26,329.150011,329.681600,328.895265,329.252731,280.458089,65092980.000000
2017-04-27,329.683162,329.953479,328.690692,329.324751,280.519435,50748634.000000
2017-04-28,330.211836,332.122878,329.854266,330.984858,281.933518,62663868.000000
2017-05-01,332.668243,334.344015,330.864964,332.558900,283.274289,44949341.000000
2017-05-02,332.595512,335.777147,331.303919,334.796421,285.180214,58062839.000000
2017-05-03,334.791217,335.290973,332.158638,333.240425,283.854813,38830763.000000
2017-05-04,334.008101,338.825131,333.322466,337.102727,287.144730,41087679.000000
2017-05-05,338.027032,341.353528,336.279611,340.245820,289.822023,93333401.000000
2017-05-08,340.400834,341.194956,335.770369,337.704348,287.657192,38384684.000000
2017-05-09,338.114708,338.574642,337.076119,337.762732,287.706923,56362782.000000
2017-05-10,337.423022,339.569556,333.065043,334.933638,285.297096,78460579.000000
2017-05-11,335.989044,336.164716,334.507290,335.311553,285.619005,45040089.000000
2017-05-12,334.204081,335.193036,333.711673,334.530220,284.953463,45655228.000000
2017-05-15,334.968959,337.043861,333.518184,336.549662,286.673628,67428879.000000
2017-05-16,336.589525,337.774781,335.336393,337.370025,287.372415,53684277.000000
2017-05-17,338.816106,342.251320,336.782797,341.355490,290.767241,63172715.000000
2017-05-18,341.887978,342.883328,340.100163,340.686803,290.197652,75655766.000000
2017-05-19,340.186631,341.263567,337.308147,338.411279,289.707896,35457176.000000
2017-05-22,338.003887,338.914606,336.679690,337.511463,288.937579,37298883.000000
2017-05-23,337.389110,338.275175,336.587231,337.719986,289.116092,53643151.000000
2017-05-24,336.770245,337.686640,335.390690,337.122621,288.604699,60943065.000000
2017-05-25,336.618907,338.170966,335.565753,337.880198,289.253247,50288274.000000
2017-05-26,337.952150,338.766410,336.836398,337.435487,288.872538,43562943.000000
2017-05-29,337.272223,342.069537,336.396694,339.922317,291.001469,44461390.000000
2017-05-30,339.359893,340.229398,338.687573,339.535456,290.670284,44839198.000000
2017-05-31,340.815325,342.430278,340.084574,341.003197,291.926792,27088756.000000
2017-06-01,340.843499,343.014112,339.879237,342.091699,292.858639,111716037.000000
2017-06-02,341.968384,343.820692,341.535445,343.431925,294.005983,45537166.000000
2017-06-05,343.146858,344.739841,342.674902,343.967387,294.464382,47654611.000000
2017-06-06,344.384043,345.000577,343.936329,344.546627,294.960259,72852761.000000
2017-06-07,343.351621,343.829485,342.637727,343.331957,293.920401,52735018.000000
2017-06-08,343.130453,344.387433,341.768869,344.029571,294.517617,58819777.000000
2017-06-09,344.631968,346.263375,343.584226,344.752641,295.136624,61636799.000000
2017-06-12,343.534094,345.680733,342.707340,344.985692,295.336135,32183660.000000
2017-06-13,345.274674,345.637186,344.286077,344.767649,295.149472,62565730.000000
2017-06-14,344.844865,345.809760,344.052616,344.659336,295.056747,46854006.000000
2017-06-15,344.627994,345.589646,342.972488,343.844057,294.358801,83524588.000000
2017-06-16,344.945892,345.366095,342.844635,343.111793,293.731923,34777639.000000
2017-06-19,342.392467,343.341181,339.469766,340.982780,291.909313,61333149.000000
2017-06-20,340.592632,341.820856,338.273628,339.306322,290.474126,65503689.000000
2017-06-21,337.459125,338.445535,335.702065,337.405971,288.847270,64150530.000000
2017-06-22,336.754258,337.686379,335.721694,336.628832,288.181975,37560770.000000
2017-06-23,336.650476,337.775876,335.994749,337.273341,288.733728,51232689.000000
2017-06-26,336.433087,337.911846,331.831491,333.395269,285.413779,79338081.000000
2017-06-27,333.490913,333.893666,332.785630,333.473391,285.480657,47656676.000000
2017-06-28,333.750434,336.035139,333.179217,334.582025,286.429740,64403634.000000
2017-06-29,333.608240,334.393765,332.781311,333.934829,285.875687,46332033.000000
2017-06-30,334.426829,335.597135,332.588381,333.070498,285.135748,46049915.000000
2017-07-03,333.506771,335.135998,333.024629,333.824486,285.781224,66909038.000000
2017-07-04,334.532219,336.517112,332.964033,335.698702,287.385707,48036432.000000
2017-07-05,335.058647,335.479084,334.392947,334.733386,286.559318,53363500.000000
2017-07-06,333.721850,334.366843,331.936784,333.450426,285.460998,79504978.000000
2017-07-07,334.076548,340.717531,333.070752,337.892054,289.263397,52766719.000000
2017-07-10,338.560654,340.529581,337.660586,339.646263,290.765144,85308599.000000
2017-07-11,339.324297,340.042828,338.799414,339.695608,290.807388,73752643.000000
2017-07-12,340.257332,342.229245,339.505542,340.766045,291.723769,78853810.000000
2017-07-13,341.448911,342.171505,340.490554,341.077771,291.990633,51617757.000000
2017-07-14,340.575126,341.602460,339.285078,339.665164,290.781325,46802766.000000
2017-07-17,339.508261,340.083259,336.684598,337.435187,288.872281,61273725.000000
2017-07-18,338.288322,339.515975,337.621111,338.359579,289.663637,45190732.000000
2017-07-19,338.421492,339.320512,337.286319,337.682378,289.083897,53994236.000000
2017-07-20,336.534516,338.094657,335.382224,336.925667,288.436090,96358469.000000
2017-07-21,335.903080,340.622026,334.054176,339.612240,290.736018,42913674.000000
2017-07-24,338.758370,339.325869,337.219178,338.732856,289.983193,51733652.000000
2017-07-25,338.333333,338.688967,336.341931,337.229309,288.696032,34496887.000000
2017-07-26,337.443895,338.393700,335.698252,336.848128,288.369711,39910741.000000
2017-07-27,336.056800,337.308050,334.738943,335.111113,286.882683,43116131.000000
2017-07-28,334.603318,335.930521,331.621970,332.843394,284.941328,54513895.000000
2017-07-31,332.256449,333.130933,331.965439,332.904187,284.993372,65617251.000000
2017-08-01,332.717594,336.578931,331.740967,335.991896,287.636706,64751624.000000
2017-08-02,336.203737,336.974524,334.017724,334.771393,286.591854,37422724.000000
2017-08-03,336.649868,337.591634,335.555818,337.025426,288.521492,51909975.000000
2017-08-04,335.631045,337.723430,329.371928,331.999594,284.218966,79287776.000000
2017-08-07,332.026440,333.007488,331.509481,332.598132,284.731364,64525224.000000
2017-08-08,332.345376,336.279131,331.817847,334.247591,286.143437,28003178.000000
2017-08-09,333.876811,335.249328,333.101038,333.633612,285.617820,27869433.000000
2017-08-10,333.804966,335.419962,333.401772,334.390933,286.266149,45890212.000000
2017-08-11,334.235832,336.727164,333.652155,335.555566,287.263171,48316584.000000
2017-08-14,336.016824,337.308763,335.101114,336.757083,288.291769,76084926.000000
2017-08-15,338.379067,338.931392,336.499100,337.527249,288.951094,48868212.000000
2017-08-16,336.959588,338.225063,334.609986,334.927089,288.165972,35293936.000000
2017-08-17,335.658216,336.703086,333.938104,334.438823,287.745877,58202797.000000
2017-08-18,334.392781,335.906045,333.714723,334.999437,288.228220,46799745.000000
2017-08-21,336.373829,337.419435,336.004896,336.500172,289.519428,31251811.000000
2017-08-22,336.955059,338.246993,334.544803,335.622731,288.764492,53065588.000000
2017-08-23,335.593575,337.232398,335.121340,336.081314,289.159050,41239887.000000
2017-08-24,335.576541,338.874381,334.140006,337.555282,290.427228,65116400.000000
2017-08-25,337.531839,338.453792,335.690718,336.368245,289.405921,36018603.000000
2017-08-28,335.968495,336.755052,334.996229,336.283325,289.332857,73846208.000000
2017-08-29,334.840379,336.114224,330.471459,332.799054,286.335045,63598351.000000
2017-08-30,332.166184,333.454061,329.832432,331.436005,285.162300,76037369.000000
2017-08-31,330.601454,333.230606,330.204991,332.380559,285.974979,37720502.000000
2017-09-01,332.248103,335.003317,331.131409,333.602090,287.025964,56272473.000000
2017-09-04,332.986572,334.360731,332.009452,332.956786,286.470755,28391967.000000
2017-09-05,334.205957,342.525184,331.255489,339.259900,291.893855,89585335.000000
2017-09-06,339.859221,342.745992,338.282996,342.101195,294.338460,88031608.000000
2017-09-07,341.170174,341.924163,337.222348,339.379685,291.996916,67783591.000000
2017-09-08,339.349524,340.138985,336.660573,337.490948,290.371876,60733759.000000
2017-09-11,337.706289,338.969447,336.490129,338.228688,291.006616,64238328.000000
2017-09-12,338.749215,339.260027,334.906207,336.668183,289.663983,87224744.000000
2017-09-13,336.916478,337.425515,336.265606,337.065482,290.005812,53330755.000000
2017-09-14,338.330848,341.081915,336.156812,339.576689,292.166416,62546361.000000
2017-09-15,339.753339,341.357140,336.497406,337.933880,290.752968,72056449.000000
2017-09-18,338.117432,339.913480,336.855820,338.731338,291.439088,57193844.000000
2017-09-19,339.465373,339.883296,337.859932,338.384191,291.140409,38063398.000000
2017-09-20,338.341878,339.239693,337.458305,338.000530,290.810313,48536109.000000
2017-09-21,337.666411,341.460967,335.874911,340.342078,292.824944,65492914.000000
2017-09-22,339.434680,341.402318,335.852098,336.956073,289.911679,115208824.000000
2017-09-25,336.805900,337.157213,336.335297,336.821727,289.796089,65372459.000000
2017-09-26,337.433614,340.105225,336.312185,338.709587,291.420374,58281327.000000
2017-09-27,340.020342,340.541331,336.576338,337.717422,290.566731,29334082.000000
2017-09-28,338.252311,339.946944,335.648971,336.403602,289.436341,114955873.000000
2017-09-29,336.685708,337.362528,335.745963,336.888805,289.853803,48481892.000000
2017-10-02,337.270194,338.271387,336.727395,337.273743,290.184997,53451530.000000
2017-10-03,336.425466,337.630710,335.921697,336.913113,289.874716,40477690.000000
2017-10-04,336.110717,336.396445,335.364709,335.719765,288.847979,57156624.000000
2017-10-05,335.792085,336.531278,333.856554,334.249430,287.582926,99263288.000000
2017-10-06,333.943581,336.715114,333.123054,335.655380,288.792583,35245528.000000
2017-10-09,335.777737,337.143062,333.303215,334.422210,287.731583,32389336.000000
2017-10-10,332.640371,333.977613,330.801647,332.147283,285.774272,52184343.000000
2017-10-11,333.240040,335.058798,332.818908,334.611949,287.894831,80248363.000000
2017-10-12,334.010207,335.312256,333.357532,334.882015,288.127192,42155479.000000
2017-10-13,334.287750,334.957235,332.971367,334.150133,287.497492,32834560.000000
2017-10-16,332.775002,333.865680,331.101736,332.118489,285.749498,44298106.000000
2017-10-17,331.685652,332.663356,326.798919,328.779747,282.876897,57215806.000000
2017-10-18,328.822536,329.705003,325.605038,326.553706,280.961647,41223953.000000
2017-10-19,327.399325,327.889401,325.554325,326.106026,280.576470,34320297.000000
2017-10-20,326.109838,328.241135,324.062115,327.739043,281.981492,61794286.000000
2017-10-23,328.545024,329.428499,326.611770,327.063520,281.400283,21584942.000000
2017-10-24,326.422153,326.993676,325.987602,326.661594,281.054471,45335893.000000
2017-10-25,325.952839,329.559260,324.759025,328.106215,282.297401,39984704.000000
2017-10-26,326.543702,329.461437,321.217602,322.415907,277.401550,46328887.000000
2017-10-27,323.020000,324.493425,322.504903,323.869385,278.652099,68530325.000000
2017-10-30,324.767769,326.134431,324.371949,324.880594,279.522127,56951815.000000
2017-10-31,325.314351,325.720645,324.308502,324.930059,279.564686,62031983.000000
2017-11-01,325.927845,326.330667,324.982669,325.820442,280.330758,36684722.000000
2017-11-02,326.001849,328.500120,324.312599,327.384580,281.676517,36070633.000000
2017-11-03,326.518439,328.355729,326.127367,327.648831,281.903874,36847953.000000
2017-11-06,328.388691,329.698059,327.936523,329.349562,283.367157,51721092.000000
2017-11-07,329.097761,329.542134,328.123828,328.846113,282.933997,56263355.000000
2017-11-08,328.353532,330.458211,327.713510,330.131853,284.040228,62183262.000000
2017-11-09,329.243280,333.672198,327.969922,332.650480,286.207214,91115558.000000
2017-11-10,333.555643,335.811153,332.077725,335.088901,288.305193,68895508.000000
2017-11-13,336.192283,337.057373,333.137188,333.865030,288.695672,85576009.000000
2017-11-14,334.897121,335.311852,334.297387,334.674188,289.395358,85667922.000000
2017-11-15,333.661981,334.121895,332.779625,333.795739,288.635756,31174110.000000
2017-11-16,334.070240,334.461940,330.871126,332.178172,287.237033,58540828.000000
2017-11-17,331.967245,332.671597,330.425079,331.187468,286.380363,68746301.000000
2017-11-20,330.724406,331.466658,328.282270,329.124662,284.596639,43143297.000000
2017-11-21,328.714210,329.791667,328.002444,328.463354,284.024802,58001927.000000
2017-11-22,328.805579,333.052387,326.827993,330.574078,285.849961,46640044.000000
2017-11-23,331.615002,333.619295,329.825090,332.379189,287.410854,55595944.000000
2017-11-24,332.730552,336.757374,330.832373,335.382656,290.007976,103853801.000000
2017-11-27,336.070363,337.349197,335.582405,336.230194,290.740848,32684117.000000
2017-11-28,336.528932,341.137333,334.277610,339.756731,293.790272,56056098.000000
2017-11-29,339.822812,345.252734,338.658207,342.872520,296.484519,63907450.000000
2017-11-30,341.743740,343.737457,339.575652,340.354017,294.306749,52962508.000000
2017-12-01,341.169703,346.457350,339.996474,344.481587,297.875891,79905703.000000
2017-12-04,344.263955,345.626265,342.542211,343.614141,297.125804,38451327.000000
2017-12-05,345.602026,350.321994,342.184403,348.768235,301.582589,41374642.000000
2017-12-06,349.138123,349.648275,348.535893,349.098179,301.867894,72081278.000000
2017-12-07,348.319203,349.747939,344.830096,345.702434,298.931567,45436160.000000
2017-12-08,344.207036,345.882111,340.033528,341.097960,294.950043,52538263.000000
2017-12-11,341.365748,342.846426,340.603540,342.546761,296.202833,57471530.000000
2017-12-12,343.110833,343.504446,342.429578,342.929278,296.533598,42414790.000000
2017-12-13,343.143384,345.133666,341.737036,343.839574,297.320738,151601750.000000
2017-12-14,343.567437,344.782881,337.608950,338.636329,292.821452,63780134.000000
2017-12-15,338.620756,340.143947,336.512681,337.099261,291.492337,49223536.000000
2017-12-18,336.967929,339.874616,335.160596,339.041431,293.171746,42839892.000000
2017-12-19,338.943439,339.536488,337.876783,338.657034,292.839356,38723298.000000
2017-12-20,339.871637,340.743549,339.350765,339.798171,293.826106,66860793.000000
2017-12-21,340.277950,341.213664,339.836185,340.531195,294.459956,54560584.000000
2017-12-22,340.982321,342.403779,339.703208,341.558734,295.348478,60454574.000000
2017-12-25,340.692408,341.050391,339.961483,340.406692,294.352298,39220945.000000
2017-12-26,341.336810,344.866027,340.393009,343.523919,297.047788,67946771.000000
2017-12-27,343.515353,346.257700,342.443948,345.511789,298.766715,84155023.000000
2017-12-28,345.185282,345.938548,343.512549,344.033372,297.488316,54653548.000000
2017-12-29,343.553708,344.013210,343.062513,343.621792,297.132420,46440885.000000
2018-01-01,342.066487,345.771144,336.810261,338.056656,292.320204,70304963.000000
2018-01-02,337.383434,341.356617,336.631750,339.738256,293.774297,46804433.000000
2018-01-03,340.625905,341.940344,335.586189,336.322736,290.820870,81531223.000000
2018-01-04,336.717660,340.099605,334.891720,338.702689,292.878834,38260468.000000
2018-01-05,338.560468,340.354305,336.438905,337.524362,291.859925,45418850.000000
2018-01-08,338.633599,343.617304,337.430578,342.105880,295.821599,60865560.000000
2018-01-09,343.489710,346.768345,342.052783,344.335686,297.749730,30988121.000000
2018-01-10,345.561990,349.840828,344.758550,347.522705,300.505570,138409385.000000
2018-01-11,346.731639,350.543375,345.804431,349.071317,301.844666,51058303.000000
2018-01-12,350.257184,352.993985,349.047669,351.968977,304.350295,57269724.000000
2018-01-15,352.278309,352.904338,351.829179,352.323162,304.656562,35445851.000000
2018-01-16,350.999618,353.669601,346.758316,347.925310,300.853705,43536156.000000
2018-01-17,347.001579,350.209950,345.480034,349.387274,302.117877,32333281.000000
2018-01-18,349.200627,353.189815,348.020044,351.673955,304.095187,50166522.000000
2018-01-19,351.392810,355.242407,349.819045,353.597859,305.758802,39902242.000000
2018-01-22,355.337390,357.509841,353.728679,355.993908,307.830685,55867198.000000
2018-01-23,354.339955,357.340682,344.001549,347.873111,300.808568,63661437.000000
2018-01-24,347.231525,348.398885,346.632592,347.618289,300.588222,53583898.000000
2018-01-25,348.043183,354.046450,345.060692,352.755568,305.030467,106786982.000000
2018-01-26,351.558873,353.412768,350.362213,352.425436,304.744999,46357187.000000
2018-01-29,352.149975,354.207726,351.372226,353.292865,305.495072,45729338.000000
2018-01-30,352.649768,353.566684,351.969247,352.911182,305.165028,42273395.000000
2018-01-31,353.757318,354.586919,352.240945,354.171762,306.255061,35990509.000000
2018-02-01,353.769874,356.700063,352.627211,356.088640,307.912600,47958568.000000
2018-02-02,354.168641,356.557527,344.750545,347.309574,300.321274,111991032.000000
2018-02-05,349.148932,351.497059,348.373827,350.378916,302.975358,46995887.000000
2018-02-06,350.514228,350.873854,348.749245,349.326394,302.065234,94905175.000000
2018-02-07,348.826544,349.715285,345.974301,347.487283,300.474940,47732833.000000
2018-02-08,348.286601,350.637135,345.833361,348.883586,303.198326,83205728.000000
2018-02-09,347.714469,348.349222,345.850263,346.432045,301.067806,53593588.000000
2018-02-12,345.452990,347.792931,341.872054,342.853261,297.957653,43350075.000000
2018-02-13,343.862118,344.981470,342.626314,344.205562,299.132875,55686526.000000
2018-02-14,345.936788,351.182120,344.650584,348.721743,303.057675,61189318.000000
2018-02-15,349.274697,350.760919,346.220619,347.301808,301.823676,87087432.000000
2018-02-16,346.960979,347.554021,346.403822,347.306349,301.827623,78860422.000000
2018-02-19,347.262465,348.900731,346.757607,347.902857,302.346020,82603303.000000
2018-02-20,349.166283,349.371963,347.241573,348.106395,302.522906,65520097.000000
2018-02-21,349.249385,356.231082,344.890176,354.465009,308.048878,107206047.000000
2018-02-22,354.639239,359.695485,353.508782,357.404087,310.603092,53242882.000000
2018-02-23,358.497684,364.794285,356.482998,362.378232,314.925888,64692602.000000
2018-02-26,361.706985,362.783640,355.959515,358.775530,311.794949,63876165.000000
2018-02-27,357.291137,359.106837,355.047224,355.656293,309.084167,63225037.000000
2018-02-28,356.854076,359.918279,356.135638,357.991544,311.113624,40894511.000000
2018-03-01,358.766568,359.181646,357.425306,358.532974,311.584155,37598333.000000
2018-03-02,357.443341,358.367274,356.953361,357.807487,310.953669,22989378.000000
2018-03-05,358.143490,363.065466,354.641550,362.308799,314.865547,110440827.000000
2018-03-06,362.545259,363.373620,360.321445,361.882295,314.494893,51755268.000000
2018-03-07,360.921899,362.271772,359.900395,360.779774,313.536743,53770504.000000
2018-03-08,361.003882,364.036918,359.018466,363.326351,315.749854,60940194.000000
2018-03-09,365.193969,367.215301,362.885226,366.140222,318.195256,33902031.000000
2018-03-12,363.720269,365.558147,355.290413,356.710820,310.000607,72149887.000000
2018-03-13,357.275972,360.724160,355.738755,359.288847,312.241049,106413444.000000
2018-03-14,359.693298,360.644400,357.752581,358.308121,311.388746,62906599.000000
2018-03-15,360.303286,363.483421,359.275412,362.041350,314.633120,52268035.000000
2018-03-16,361.906763,363.140751,358.862532,359.728119,312.622799,83964216.000000
2018-03-19,359.984546,360.578436,358.606144,359.048855,312.032483,36198868.000000
2018-03-20,360.564781,361.101000,359.189734,360.661900,313.434305,41752788.000000
2018-03-21,359.231663,362.102762,354.928381,356.147552,309.511097,109352322.000000
2018-03-22,355.449808,357.181378,347.007615,350.081199,304.239114,104762843.000000
2018-03-23,351.250383,355.792271,350.362192,353.990148,307.636199,63412792.000000
2018-03-26,354.103038,355.225262,351.671340,352.553199,306.387414,43424260.000000
2018-03-27,352.646050,356.364224,351.695253,354.793760,308.334580,53969234.000000
2018-03-28,355.160669,358.141955,353.699427,356.573613,309.881367,45394116.000000
2018-03-29,357.882811,361.655897,356.116995,359.589953,312.502726,64132676.000000
2018-03-30,361.275483,362.738068,359.971774,361.253744,313.948649,72902172.000000
2018-04-02,362.936143,365.593449,362.442155,364.048020,316.377022,50802338.000000
2018-04-03,364.977241,366.137797,364.609467,365.340631,317.500369,47137496.000000
2018-04-04,365.385878,366.478301,364.467155,364.952188,317.162792,50145260.000000
2018-04-05,366.339742,367.635866,364.632929,366.128467,318.185041,43252555.000000
2018-04-06,366.297482,369.454314,365.531302,367.992098,319.804635,51581025.000000
2018-04-09,367.672495,368.162522,364.570704,365.091345,317.283727,50226643.000000
2018-04-10,366.153387,366.668856,364.868162,365.140247,317.326225,49922757.000000
2018-04-11,363.889260,364.347790,361.947974,363.108566,315.560587,66790794.000000
2018-04-12,363.087159,363.791051,362.215120,362.951476,315.424068,50522212.000000
2018-04-13,363.126780,364.491570,362.515715,363.638625,316.021237,27802855.000000
2018-04-16,365.600885,371.697948,363.058628,368.805994,320.511954,58303874.000000
2018-04-17,369.581757,370.092280,367.780277,369.662514,321.256315,49113154.000000
2018-04-18,371.455935,382.155775,369.364093,379.742619,330.016461,130072232.000000
2018-04-19,380.777303,385.374776,378.594912,383.585333,333.355982,45388740.000000
2018-04-20,383.202813,383.799902,380.555353,381.901947,331.893031,56703191.000000
2018-04-23,381.183694,381.687134,380.537642,380.886365,331.010437,49425742.000000
2018-04-24,382.187273,382.497946,380.597386,380.926916,331.045677,48626473.000000
2018-04-25,382.748768,389.832094,379.157132,387.090386,336.402060,108233782.000000
2018-04-26,388.263176,390.759155,386.438935,389.137792,338.181364,57818750.000000
2018-04-27,391.018682,393.574022,388.632369,392.103651,340.758853,48369546.000000
2018-04-30,391.045695,393.420836,382.547066,384.717085,334.339535,72124080.000000
2018-05-01,385.933335,391.054301,384.806204,389.784533,338.743416,46569518.000000
2018-05-02,389.695853,391.637402,389.294166,390.248555,339.146675,68967009.000000
2018-05-03,390.687946,391.257230,389.546978,390.981610,339.783739,51270868.000000
2018-05-04,392.937986,394.655519,391.393122,392.160009,340.807831,45906175.000000
2018-05-07,392.268207,394.541333,383.671358,386.313560,335.726956,69548401.000000
2018-05-08,387.813805,388.717792,385.096434,386.011029,337.149790,47800412.000000
2018-05-09,387.010191,388.309595,385.792970,387.533438,338.479493,74836678.000000
2018-05-10,387.908425,393.470969,385.572174,390.917157,341.434901,109757843.000000
2018-05-11,391.188714,391.797202,389.966683,390.627359,341.181785,22286651.000000
2018-05-14,389.811999,391.406735,386.777988,387.555773,338.499001,38860772.000000
2018-05-15,387.038609,388.622832,384.548536,385.292471,336.522187,89250786.000000
2018-05-16,386.541042,387.489297,384.559344,385.159202,336.405787,81195651.000000
2018-05-17,385.310399,389.720309,383.145434,389.056003,339.809332,54683210.000000
2018-05-18,389.463240,392.559230,387.470735,391.124299,341.615823,57945621.000000
2018-05-21,390.948296,391.952613,389.768104,390.158763,340.772504,29458639.000000
2018-05-22,392.644018,395.255048,392.082769,393.184685,343.415406,46420630.000000
2018-05-23,395.443733,398.287896,394.042547,396.841510,346.609350,46813057.000000
2018-05-24,397.368577,398.495954,396.878109,397.953586,347.580660,49127546.000000
2018-05-25,397.474485,400.819071,396.007505,399.935426,349.311638,75941062.000000
2018-05-28,398.945809,401.082578,398.451611,400.479310,349.786677,37785819.000000
2018-05-29,401.942586,403.774837,399.496116,403.203519,352.166057,73574942.000000
2018-05-30,403.974304,404.480043,402.862237,403.261660,352.216838,47402645.000000
2018-05-31,403.848208,408.437249,403.120799,406.565271,355.102278,55032875.000000
2018-06-01,405.829181,411.487402,404.783666,409.792690,357.921170,44712274.000000
2018-06-04,410.853996,417.045347,409.165522,414.392020,361.938317,51875517.000000
2018-06-05,414.915007,415.445953,414.355438,414.833604,362.324006,63343758.000000
2018-06-06,414.640564,416.854358,413.581611,415.947305,363.296735,59777177.000000
2018-06-07,415.397235,418.600099,414.887260,417.773894,364.892115,26080904.000000
2018-06-08,417.618938,419.860195,416.453266,418.784836,365.775092,60889776.000000
2018-06-11,418.570836,423.529422,416.467454,422.026387,368.606327,54321380.000000
2018-06-12,421.644413,422.051086,420.786661,421.193166,367.878575,51147178.000000
2018-06-13,422.583835,426.270743,412.982082,415.621639,363.012292,79394919.000000
2018-06-14,415.232691,421.165923,414.340876,418.710545,365.710204,52102388.000000
2018-06-15,419.030821,423.203742,417.719175,421.163641,367.852788,53066852.000000
2018-06-18,419.749721,420.959733,418.822840,420.581815,367.344609,35175064.000000
2018-06-19,420.480786,425.163916,418.658905,422.940286,369.404545,98667802.000000
2018-06-20,423.539251,424.234707,421.944281,422.803271,369.284874,82584071.000000
2018-06-21,424.717300,426.164586,418.971172,420.966337,367.680459,59270046.000000
2018-06-22,422.492420,423.365838,421.887979,422.279990,368.827830,45572340.000000
2018-06-25,423.026304,424.144163,421.268222,421.756275,368.370406,73263010.000000
2018-06-26,421.333738,422.306204,420.235175,420.957695,367.672910,70425691.000000
2018-06-27,422.466547,423.025220,420.742221,422.492151,369.013135,46913625.000000
2018-06-28,423.485882,428.697602,420.285548,425.628577,371.752552,40802033.000000
2018-06-29,426.005111,426.864671,423.953321,424.912764,371.127347,71830861.000000
2018-07-02,425.261707,426.198507,420.561956,421.598542,368.232639,98017104.000000
2018-07-03,422.089899,427.913574,421.299585,425.009112,371.211500,44410465.000000
2018-07-04,425.342682,426.512705,423.787396,425.090130,371.282262,89985537.000000
2018-07-05,426.991362,430.840327,423.581745,429.919082,375.499965,63096309.000000
2018-07-06,431.104540,433.658364,429.021663,432.727857,377.953206,74395247.000000
2018-07-09,431.938058,432.720097,428.861907,429.597599,375.219176,58184298.000000
2018-07-10,427.967625,429.545694,423.818375,426.389260,372.416949,54426445.000000
2018-07-11,426.825693,431.377083,425.797450,429.670027,375.282436,90433607.000000
2018-07-12,429.256254,429.796923,428.560964,429.508478,375.141336,40496208.000000
2018-07-13,430.811862,436.157600,429.356348,433.335553,378.483980,66114245.000000
2018-07-16,429.591790,430.954166,425.099819,428.290031,374.077120,81575532.000000
2018-07-17,428.668712,431.970787,426.355730,430.266024,375.802992,56338653.000000
2018-07-18,431.399937,434.350680,430.229054,432.933568,378.132879,92346595.000000
2018-07-19,432.970047,433.739970,432.266450,432.936675,378.135592,46362962.000000
2018-07-20,431.846789,433.113865,429.889832,430.560846,376.060496,52746078.000000
2018-07-23,432.133981,439.671616,430.557793,437.167337,381.830738,48740996.000000
2018-07-24,437.677130,439.043864,434.790161,436.555154,381.296045,55991096.000000
2018-07-25,437.633158,439.238127,434.723277,435.747356,380.590497,56609389.000000
2018-07-26,438.329564,446.035058,434.163747,443.480694,387.344950,79120959.000000
2018-07-27,442.154233,443.028135,441.248740,441.805891,385.882143,85920439.000000
2018-07-30,442.492826,443.246652,441.276144,441.789596,385.867912,69711183.000000
2018-07-31,443.412565,445.234151,441.257134,444.092583,387.879386,70425374.000000
2018-08-01,442.304838,443.726002,441.210177,442.180028,386.208923,36214810.000000
2018-08-02,442.161738,444.232938,436.551380,438.843860,383.295046,66784626.000000
2018-08-03,437.897511,439.052234,433.834939,434.875653,381.737824,45089974.000000
2018-08-06,433.205269,438.347094,432.701211,436.489774,383.154714,74451020.000000
2018-08-07,437.109062,438.196886,435.671017,437.396113,383.950307,62365306.000000
2018-08-08,437.392790,438.946887,433.100808,434.310452,381.241685,51502875.000000
2018-08-09,435.539684,438.552554,433.455695,437.103508,383.693456,65767000.000000
2018-08-10,438.092828,439.098090,436.738224,437.965282,384.449929,57157109.000000
2018-08-13,437.442994,438.601388,434.531558,436.438626,383.109815,52589272.000000
2018-08-14,436.226035,436.560506,435.458057,436.180350,382.883099,43817587.000000
2018-08-15,437.578217,440.278857,436.166982,438.877057,385.250293,72927825.000000
2018-08-16,439.638671,440.809080,437.992267,438.614767,385.020052,54703813.000000
2018-08-17,441.010175,444.240333,439.728118,442.387703,388.331970,38492022.000000
2018-08-20,443.300975,446.748600,441.805386,445.201185,390.801670,80866257.000000
2018-08-21,446.938340,448.226816,445.863634,446.487309,391.930641,58431772.000000
2018-08-22,447.020610,448.612043,445.638841,447.879969,393.153132,45469581.000000
2018-08-23,448.049645,451.383283,446.959762,449.771242,394.813308,46683433.000000
2018-08-24,449.935427,451.338497,445.582655,446.718588,392.133661,82981817.000000
2018-08-27,447.004317,449.816273,441.535145,443.043996,388.908070,29332976.000000
2018-08-28,443.553800,444.141834,441.608985,442.382880,388.327737,53473169.000000
2018-08-29,442.490749,443.740450,439.775125,441.208063,387.296471,30677159.000000
2018-08-30,442.249068,444.848832,440.688347,443.438195,389.254102,87783805.000000
2018-08-31,443.217673,444.044290,442.364947,442.864218,388.750259,62236504.000000
2018-09-03,442.775066,444.712585,441.838421,443.517329,389.323566,29563484.000000
2018-09-04,443.723301,445.887156,442.864586,445.173196,390.777101,33801911.000000
2018-09-05,446.133531,446.673478,443.564308,444.609568,390.282343,50835362.000000
2018-09-06,443.724439,446.550333,434.954849,438.719913,385.112351,60881008.000000
2018-09-07,436.897673,439.543108,436.357140,437.500132,384.041616,43466096.000000
2018-09-10,438.150402,440.823889,436.723675,439.487906,385.786502,58184149.000000
2018-09-11,440.689987,444.054959,439.653451,442.012478,388.002594,38679249.000000
2018-09-12,442.155713,443.211669,440.926003,442.620740,388.536532,63748866.000000
2018-09-13,442.447739,446.438801,440.159376,444.842230,390.486576,53969852.000000
2018-09-14,443.581733,444.349975,440.669804,443.115348,388.970704,75706998.000000
2018-09-17,442.305305,448.010713,439.419679,445.327579,390.912620,47565637.000000
2018-09-18,446.739647,447.093443,444.258975,445.190053,390.791898,67667648.000000
2018-09-19,446.606525,447.769336,442.010428,443.572732,389.372199,41268676.000000
2018-09-20,443.809543,444.866875,441.900949,443.157781,389.007952,30200812.000000
2018-09-21,443.254391,445.986078,441.693539,445.422225,390.995701,64156365.000000
2018-09-24,443.209801,446.680718,438.913221,440.314900,386.512445,52536245.000000
2018-09-25,439.527552,440.304066,439.192764,439.672000,385.948101,35250215.000000
2018-09-26,439.976118,441.539832,437.377703,438.528251,384.944107,60574714.000000
2018-09-27,440.291133,441.082220,438.843226,439.647802,385.926860,63906605.000000
2018-09-28,440.330966,444.546915,438.657052,442.708368,388.613452,65141207.000000
2018-10-01,444.554294,449.596558,443.690156,447.025532,392.403098,60792189.000000
2018-10-02,446.696971,447.266758,444.986971,445.863376,391.382947,66472677.000000
2018-10-03,444.228850,445.776465,443.586475,445.085689,390.700287,37806020.000000
2018-10-04,447.055428,450.561043,444.430234,447.981994,393.242689,38566801.000000
2018-10-05,449.171188,450.762331,448.511966,449.588341,394.652755,45505527.000000
2018-10-08,449.882589,452.410480,448.843495,451.681579,396.490219,38154499.000000
2018-10-09,452.705644,456.328892,451.517621,454.260544,398.754058,70135448.000000
2018-10-10,455.127921,458.337115,453.704698,456.655281,400.856180,70732325.000000
2018-10-11,455.691428,456.928245,452.793298,454.127036,398.636864,82405186.000000
2018-10-12,452.785650,453.790612,446.500407,448.925999,394.071346,85862228.000000
2018-10-15,451.464350,460.930426,446.966478,456.458514,400.683456,75120603.000000
2018-10-16,455.704378,457.201936,454.075941,454.807980,399.234602,72198811.000000
2018-10-17,455.781795,462.589614,452.682010,460.568471,404.291214,57149834.000000
2018-10-18,461.992238,466.008397,459.757961,464.824236,408.026963,51767060.000000
2018-10-19,465.516126,465.882825,464.194073,465.332365,408.473004,50013056.000000
2018-10-22,465.190269,467.268022,464.339095,466.682673,409.658316,68230127.000000
2018-10-23,466.398966,468.969631,460.051825,463.336414,406.720940,66472683.000000
2018-10-24,462.831776,464.016639,462.197966,462.707581,406.168945,48496179.000000
2018-10-25,461.051801,461.673321,459.799829,461.186618,404.833829,64408211.000000
2018-10-26,463.030525,464.666989,458.406227,459.828013,403.641233,63341583.000000
2018-10-29,459.400079,461.104506,459.086074,460.290887,404.047548,45103786.000000
2018-10-30,459.513817,462.218892,454.929006,455.714965,400.030762,48882771.000000
2018-10-31,456.494359,464.732774,454.163673,460.361610,406.140332,62089480.000000
2018-11-01,459.856366,463.362477,459.360514,461.597687,407.230823,62138804.000000
2018-11-02,463.000998,463.989321,459.555517,460.773961,406.504116,58890333.000000
2018-11-05,460.722756,464.053021,458.707422,463.012300,408.478823,44089701.000000
2018-11-06,461.264436,465.013778,454.810099,457.390367,403.519040,44325657.000000
2018-11-07,455.880316,459.148936,451.164236,452.701205,399.382167,96743797.000000
2018-11-08,453.933283,456.880571,452.415124,456.115382,402.394223,35188674.000000
2018-11-09,454.767856,455.688872,452.935719,454.780725,401.216762,37855595.000000
2018-11-12,456.354552,461.441147,455.453367,457.659566,403.756533,41385310.000000
2018-11-13,457.556978,459.984915,457.159816,458.506068,404.503335,61027321.000000
2018-11-14,458.452691,460.367544,457.954457,459.262688,405.170840,64924796.000000
2018-11-15,457.939927,459.064706,456.446360,457.966957,404.027720,47369426.000000
2018-11-16,457.273206,458.675427,455.856447,456.992926,403.168410,30473239.000000
2018-11-19,456.078585,457.521475,451.010814,453.218989,399.838967,51217334.000000
2018-11-20,453.316669,456.174612,450.793318,455.178199,401.567422,47337637.000000
2018-11-21,452.206965,454.630618,444.357736,446.009680,393.478768,114227065.000000
2018-11-22,445.839558,446.945591,443.848346,444.728561,392.348539,50648651.000000
2018-11-23,446.017736,447.978028,444.474943,446.275108,393.712935,49578999.000000
2018-11-26,445.553142,446.935121,445.083723,446.401751,393.824661,39319785.000000
2018-11-27,445.682606,446.692782,443.601001,444.585975,392.222747,80576947.000000
2018-11-28,444.037565,445.181213,443.569721,444.584096,392.221090,50566777.000000
2018-11-29,442.959963,444.496750,441.702710,442.843135,390.685178,32879211.000000
2018-11-30,441.484720,443.741234,439.405637,440.205345,388.358066,63807013.000000
2018-12-03,441.251292,445.699514,438.671887,443.099145,390.911035,97453821.000000
2018-12-04,442.161469,447.632734,440.788266,445.895087,393.377672,79603484.000000
2018-12-05,446.726333,447.292653,442.317350,443.609814,391.361558,53878457.000000
2018-12-06,442.663761,444.332167,440.533940,441.174478,389.213055,58734578.000000
2018-12-07,441.416332,442.320794,438.069101,438.913850,387.218683,48786381.000000
2018-12-10,439.919158,444.821108,437.440691,442.213851,390.130011,88959766.000000
2018-12-11,441.699951,443.141224,440.605356,442.612235,390.481473,49871768.000000
2018-12-12,442.158998,442.985101,437.673477,439.112991,387.394369,79678303.000000
2018-12-13,441.235370,443.891403,440.424637,443.111470,390.921909,50974950.000000
2018-12-14,443.044026,445.771515,442.074694,444.332827,391.999415,53307142.000000
2018-12-17,445.001624,446.660564,443.636858,445.884421,393.368262,41329900.000000
2018-12-18,449.123018,454.351620,447.707356,451.178417,398.038733,41811371.000000
2018-12-19,450.591093,453.970856,449.435721,452.980362,399.628445,61648798.000000
2018-12-20,452.046109,452.839726,446.553260,449.032422,396.145493,52349281.000000
2018-12-21,450.119245,451.254332,447.729466,448.099019,395.322026,82039754.000000
2018-12-24,448.526730,450.657251,447.343431,449.350932,396.426488,52410731.000000
2018-12-25,449.389891,453.319438,441.686635,444.489218,392.137386,92649424.000000
2018-12-26,443.338066,445.946763,440.827222,441.541509,389.536858,39366232.000000
2018-12-27,443.855535,456.736274,438.858975,451.144772,398.009051,80558949.000000
2018-12-28,451.925837,454.353187,446.385038,448.773995,395.917503,48503248.000000
2018-12-31,450.106650,461.148573,444.797104,455.786575,402.104142,36358859.000000
2019-01-01,454.923993,457.244008,454.046202,456.719366,402.927070,80052932.000000
2019-01-02,457.804938,459.626079,456.272964,458.402938,404.412351,46410119.000000
2019-01-03,457.156055,460.814847,454.844007,459.242228,405.152790,43329813.000000
2019-01-04,459.015820,459.439245,456.468600,457.631782,403.732022,54521139.000000
2019-01-07,457.400451,458.711354,453.776422,455.460743,401.816687,73408407.000000
2019-01-08,454.122510,454.794196,452.511690,453.548903,400.130024,49059723.000000
2019-01-09,454.091864,459.521811,452.230828,457.820190,403.898240,101859650.000000
2019-01-10,458.613813,463.167935,455.581119,460.541333,406.298887,62267771.000000
2019-01-11,459.152436,461.428900,457.545457,458.214397,404.246017,59497676.000000
2019-01-14,455.062774,457.216302,452.970382,456.012628,402.303571,72616093.000000
2019-01-15,456.584831,460.168912,455.831916,458.970159,404.912765,53444266.000000
2019-01-16,458.129685,459.403981,456.402012,458.149213,404.188510,40473761.000000
2019-01-17,457.965654,466.151269,454.656927,463.166987,408.615292,56600187.000000
2019-01-18,462.996917,464.192352,461.765814,462.301896,407.852091,68020317.000000
2019-01-21,461.531115,463.766802,460.528866,462.367647,407.910098,75450342.000000
2019-01-22,463.354714,465.931834,462.761500,463.783836,409.159489,52487377.000000
2019-01-23,466.545623,470.261481,462.855540,468.826719,413.608422,44596041.000000
2019-01-24,468.962167,471.444432,462.567450,465.032495,410.261081,56704485.000000
2019-01-25,465.887940,468.374281,464.710289,466.493084,411.549642,48285129.000000
2019-01-28,466.217303,467.965372,464.720357,465.319889,412.577513,48976360.000000
2019-01-29,464.494773,466.628914,463.240022,466.006960,413.186707,65817530.000000
2019-01-30,467.173413,467.619156,465.905789,466.906375,413.984176,69310975.000000
2019-01-31,466.746384,467.625402,462.805859,464.391041,411.753947,36528397.000000
2019-02-01,466.888420,471.361954,465.338905,470.434230,417.112161,43966156.000000
2019-02-04,473.450144,479.050337,472.178850,476.079615,422.117662,109283420.000000
2019-02-05,476.997495,482.314000,474.289635,479.861890,425.471229,51675721.000000
2019-02-06,480.247546,485.143210,477.872364,482.440448,427.757517,54896006.000000
2019-02-07,480.824087,485.640730,467.773816,472.990178,419.378401,89824083.000000
2019-02-08,471.960724,475.110814,466.626581,467.471537,414.485279,68932025.000000
2019-02-11,467.927370,473.658137,463.933877,472.702625,419.123442,65127645.000000
2019-02-12,473.928305,476.655472,471.979434,474.370376,420.602159,82183403.000000
2019-02-13,474.592394,476.086294,469.990529,471.578505,418.126736,78875888.000000
2019-02-14,470.558013,472.252594,470.209467,471.704531,418.238479,47124569.000000
2019-02-15,469.372872,471.899065,465.665156,467.193831,414.239050,36554006.000000
2019-02-18,466.046567,470.985150,464.032862,469.744361,416.500487,44030118.000000
2019-02-19,469.925817,474.197121,469.123990,472.078106,418.569710,59301245.000000
2019-02-20,471.785251,472.589798,470.977607,471.400419,417.968836,43634070.000000
2019-02-21,472.238772,472.838461,470.055773,470.937924,417.558763,49395821.000000
2019-02-22,471.997676,478.698059,469.284387,476.430217,422.428525,58861757.000000
2019-02-25,475.544276,476.429969,474.005787,474.683023,420.879368,58798493.000000
2019-02-26,475.032108,480.823639,474.387988,478.609172,424.360502,69186806.000000
2019-02-27,479.246086,483.409824,478.701830,481.525267,426.946068,53583955.000000
2019-02-28,480.853910,482.388701,474.695786,477.323243,423.220329,42172288.000000
2019-03-01,478.577990,481.041378,476.879669,479.354455,425.021310,48588709.000000
2019-03-04,479.953952,481.055155,478.322658,480.436588,425.980787,51070471.000000
2019-03-05,479.430057,481.143271,478.770836,480.544682,426.076629,45574875.000000
2019-03-06,480.174338,484.556925,478.346838,483.000835,428.254386,109882345.000000
2019-03-07,482.198799,484.586450,476.006761,478.446815,424.216548,68524311.000000
2019-03-08,477.714152,478.958406,476.947660,478.295193,424.082112,43788152.000000
2019-03-11,478.361896,479.624824,476.869294,478.276211,424.065282,76733641.000000
2019-03-12,477.664103,479.119941,476.521410,477.987296,423.809114,37240389.000000
2019-03-13,480.558897,483.835157,479.484203,482.130861,427.483021,55631612.000000
2019-03-14,483.300146,484.252357,480.214074,480.764176,426.271245,86778897.000000
2019-03-15,480.370447,483.946172,479.303291,482.233157,427.573721,50156814.000000
2019-03-18,483.593102,494.061950,481.641482,489.071410,433.636883,51566698.000000
2019-03-19,486.769043,489.569867,475.497817,479.146645,424.837055,104131038.000000
2019-03-20,478.088748,479.602186,475.677497,477.375997,423.267104,27092486.000000
2019-03-21,478.608839,482.242119,476.880608,481.221240,426.676502,87910641.000000
2019-03-22,481.178967,481.581833,480.396814,481.309160,426.754456,32640039.000000
2019-03-25,481.224660,482.064546,479.374451,480.493677,426.031405,64357660.000000
2019-03-26,478.064320,480.104163,476.352344,479.142444,424.833330,35898924.000000
2019-03-27,478.363977,480.190911,477.005790,479.665504,425.297103,52908234.000000
2019-03-28,481.000881,485.354242,478.340724,483.836371,428.995217,96335735.000000
2019-03-29,483.166205,486.641144,482.383125,484.590661,429.664010,35337596.000000
2019-04-01,484.356924,485.076112,483.405062,484.312710,429.417564,46621036.000000
2019-04-02,484.245498,487.610808,482.716989,485.845823,430.776905,83537116.000000
2019-04-03,486.597598,487.316892,482.954552,483.677720,428.854548,40853369.000000
2019-04-04,484.694862,486.239000,483.218999,485.503572,430.473446,63700346.000000
2019-04-05,486.765308,494.048887,485.988926,490.647853,435.034641,76316944.000000
2019-04-08,490.933593,499.296829,489.479745,495.797620,439.600700,83860499.000000
2019-04-09,494.410985,495.637066,493.666088,494.807162,438.722507,40095738.000000
2019-04-10,495.838645,502.500460,494.454617,499.564676,442.940773,80180998.000000
2019-04-11,499.794071,500.696096,491.991578,494.791256,438.708404,62677202.000000
2019-04-12,495.260276,498.353533,493.705334,496.435583,440.166352,38575931.000000
2019-04-15,494.246399,495.567981,489.162158,490.751447,435.126493,39569384.000000
2019-04-16,489.903539,494.700383,487.720271,493.239518,437.332550,69699372.000000
2019-04-17,492.958165,495.119025,490.392101,491.219151,435.541185,38990744.000000
2019-04-18,492.871747,494.892488,491.696478,492.357739,436.550718,52979372.000000
2019-04-19,493.377663,495.174732,492.770902,493.798335,437.828027,45323927.000000
2019-04-22,495.158603,499.421849,493.582637,498.045579,441.593861,49979402.000000
2019-04-23,498.807692,503.360314,496.517199,501.066373,444.272258,41018132.000000
2019-04-24,499.852847,502.383678,497.050402,498.151470,441.687750,78159023.000000
2019-04-25,498.647343,500.557248,496.377661,496.943238,442.830620,47912009.000000
2019-04-26,495.321468,497.131342,494.345828,496.108219,442.086527,41990579.000000
2019-04-29,496.583747,499.285289,496.002998,498.637794,444.340654,54063426.000000
2019-04-30,500.928993,501.580778,495.894722,498.315334,444.053307,59881318.000000
2019-05-01,496.994830,498.533041,495.704045,497.899360,443.682629,48385952.000000
2019-05-02,498.150265,499.395602,495.458005,497.092161,442.963326,49525241.000000
2019-05-03,496.176249,499.371026,495.755948,497.892142,443.676197,45525446.000000
2019-05-06,497.867732,499.763057,497.151305,498.891588,444.566812,55627942.000000
2019-05-07,498.516567,500.282111,495.661195,497.220776,443.077936,58823504.000000
2019-05-08,494.966023,496.843477,492.623534,495.699110,441.721966,59116031.000000
2019-05-09,496.723424,501.310675,496.086583,499.165738,444.811110,40515880.000000
2019-05-10,499.345384,500.010404,493.929754,496.362422,442.313049,45509152.000000
2019-05-13,495.907952,496.925716,493.356135,494.361642,440.530136,46007688.000000
2019-05-14,495.020336,496.645465,492.619586,494.016940,440.222969,52384561.000000
2019-05-15,495.189832,496.542224,492.451213,492.997638,439.314660,35043286.000000
2019-05-16,492.414217,498.281196,489.723665,496.457616,442.397877,45871079.000000
2019-05-17,496.007087,498.931684,491.136294,492.472374,438.846592,59417095.000000
2019-05-20,490.982726,496.161572,489.489960,494.554996,440.702436,47514259.000000
2019-05-21,495.651553,496.811052,493.977233,494.964360,441.067223,41085375.000000
2019-05-22,493.767896,495.368863,488.792751,491.880431,438.319107,46031928.000000
2019-05-23,492.673031,495.548750,491.036923,494.443339,440.602937,27953489.000000
2019-05-24,492.802346,496.319638,488.104624,490.062012,436.698697,44699615.000000
2019-05-27,490.709780,492.562381,489.840181,490.806573,437.362181,53362898.000000
2019-05-28,489.970155,491.167010,485.689025,487.273846,434.214137,106852556.000000
2019-05-29,486.252739,486.674284,485.882838,486.382015,433.419418,49529842.000000
2019-05-30,486.870665,489.105529,483.532166,484.412517,431.664380,97454668.000000
2019-05-31,486.035766,487.941239,484.518198,486.377166,433.415097,46105573.000000
2019-06-03,486.335907,488.834270,484.548516,488.264242,435.096687,35091004.000000
2019-06-04,490.306519,492.967775,488.495399,490.749201,437.311057,48358974.000000
2019-06-05,489.672335,492.119079,488.588816,490.106593,436.738423,54263067.000000
2019-06-06,492.224514,494.420345,489.765178,493.053476,439.364418,55406749.000000
2019-06-07,492.517254,494.589517,484.737649,487.578683,434.485780,82204901.000000
2019-06-10,486.004731,491.792960,473.619143,478.222645,426.148530,132085176.000000
2019-06-11,477.283151,479.068127,474.418290,475.976051,424.146569,89979566.000000
2019-06-12,478.249496,479.787224,476.229092,478.290777,426.209243,37887264.000000
2019-06-13,479.082081,479.561437,477.153044,478.891749,426.744775,33770918.000000
2019-06-14,478.002973,482.485805,477.135936,480.677686,428.336239,81294678.000000
2019-06-17,481.931561,483.340960,480.396456,481.059527,428.676501,56065847.000000
2019-06-18,481.249166,484.203302,479.480552,482.475009,429.937850,84292332.000000
2019-06-19,484.155245,484.907122,482.922108,483.426068,430.785347,66169350.000000
2019-06-20,483.717435,485.446057,481.935473,482.568742,430.021376,36082003.000000
2019-06-21,483.218432,485.514638,481.704189,483.494798,430.846593,76605723.000000
2019-06-24,482.986153,484.259515,474.316084,476.842993,424.919109,62966125.000000
2019-06-25,474.971398,476.728379,474.461267,475.009180,423.284982,68455894.000000
2019-06-26,475.037074,479.141855,474.349967,478.346069,426.258514,112244971.000000
2019-06-27,477.065852,478.357062,472.346404,474.363772,422.709853,65996474.000000
2019-06-28,473.050727,473.805994,469.816738,470.996461,419.709212,49790587.000000
2019-07-01,471.165522,474.001721,466.151712,468.881270,417.824345,61952513.000000
2019-07-02,469.608801,471.614177,465.288557,466.234345,415.465647,71927435.000000
2019-07-03,466.775541,467.536140,464.715151,465.998735,415.255692,46901266.000000
2019-07-04,466.832237,468.177791,465.555913,467.384599,416.490649,34329238.000000
2019-07-05,468.166670,469.260845,466.174946,468.818569,417.768472,49011099.000000
2019-07-08,467.981692,471.059953,466.963696,470.075583,418.888609,110259474.000000
2019-07-09,469.913887,472.655511,469.062346,471.590726,420.238767,51193783.000000
2019-07-10,471.861362,475.349008,471.152932,474.094813,422.470181,60591006.000000
2019-07-11,474.811148,475.879735,473.162436,474.273274,422.629209,59321616.000000
2019-07-12,475.008317,478.933937,472.535024,477.502163,425.506501,51812325.000000
2019-07-15,477.166703,479.941642,476.470962,479.155302,426.979629,84765252.000000
2019-07-16,481.784155,487.182941,479.465625,484.338535,431.598454,89701074.000000
2019-07-17,482.777831,484.185455,478.720926,480.376712,428.068038,89001431.000000
2019-07-18,480.281755,483.873905,473.760816,475.790498,423.981221,79994675.000000
2019-07-19,477.969713,479.374556,475.512480,476.652548,424.749402,53668300.000000
2019-07-22,476.396559,476.950810,474.524708,476.084218,424.242958,45887405.000000
2019-07-23,475.266266,476.368474,474.218682,474.662722,425.101759,63339225.000000
2019-07-24,474.691231,475.153893,472.903603,473.766296,424.298931,57399651.000000
2019-07-25,474.299611,475.144169,472.857767,474.658030,425.097557,70446669.000000
2019-07-26,473.990550,476.951301,473.362270,475.358046,425.724482,35056978.000000
2019-07-29,476.191427,481.498559,473.423580,479.929033,429.818198,74165423.000000
2019-07-30,479.955397,483.054708,478.501628,482.196756,431.849141,77903869.000000
2019-07-31,481.932801,483.246774,481.193516,482.208731,431.859867,55938449.000000
2019-08-01,484.877235,487.882694,482.860421,486.964887,436.119418,65772709.000000
2019-08-02,486.230415,489.984622,478.411209,481.324648,431.068093,66099291.000000
2019-08-05,480.813988,482.147239,477.317158,478.946598,428.938342,37215018.000000
2019-08-06,477.663570,483.890141,475.670893,482.797297,432.386979,62048602.000000
2019-08-07,482.572770,487.011060,481.081685,485.062978,434.416093,33548176.000000
2019-08-08,486.900773,487.737118,484.512434,485.573725,434.873511,39879205.000000
2019-08-09,487.127159,490.774298,486.386885,488.374029,437.381427,46355085.000000
2019-08-12,488.394049,488.828703,486.369871,486.848169,436.014886,73436014.000000
2019-08-13,490.249963,491.032854,486.990770,488.079495,437.117646,35526585.000000
2019-08-14,487.737622,489.137684,484.715741,486.499103,435.702268,44157768.000000
2019-08-15,486.747988,487.234526,486.460502,486.754821,435.931286,95013416.000000
2019-08-16,485.876241,487.942343,483.465286,485.404472,434.721931,53739127.000000
2019-08-19,484.732597,488.038642,483.859291,486.569599,435.765403,57797566.000000
2019-08-20,487.580307,492.465802,484.592586,489.703254,438.571863,61023461.000000
2019-08-21,489.785993,490.734846,488.588080,489.127512,438.056237,94903814.000000
2019-08-22,487.841473,490.182881,481.629804,483.919306,433.391835,59939057.000000
2019-08-23,482.917408,485.119416,481.768299,484.579606,433.983191,65856553.000000
2019-08-26,482.908360,485.588935,481.582623,485.031191,434.387624,46060342.000000
2019-08-27,484.457079,486.447955,483.472359,485.593129,434.890889,81693116.000000
2019-08-28,485.515975,486.322403,481.793532,482.884790,432.465336,54101483.000000
2019-08-29,485.287735,491.525018,482.719346,489.585895,438.466758,52740841.000000
2019-08-30,488.596639,490.672783,481.933930,484.516181,433.926388,84372018.000000
2019-09-02,484.490822,485.330067,479.631190,480.597482,430.416853,61732729.000000
2019-09-03,479.848884,481.819712,475.241440,477.586580,427.720328,35463722.000000
2019-09-04,479.007394,483.498190,477.772153,482.683517,432.285078,23534765.000000
2019-09-05,481.839058,483.613793,481.064184,481.576327,431.293493,56301895.000000
2019-09-06,480.104944,480.937660,477.677816,478.585688,428.615116,53618247.000000
2019-09-09,480.771526,486.335938,479.843116,483.939454,433.409879,42987629.000000
2019-09-10,485.967188,491.789837,482.603135,489.116678,438.046534,32211198.000000
2019-09-11,488.282577,491.629065,480.807106,482.654887,432.259438,56770086.000000
2019-09-12,482.469339,486.864500,480.761277,485.514002,434.820024,74066293.000000
2019-09-13,485.327664,487.216619,482.516550,483.694865,433.190829,51324051.000000
2019-09-16,484.447851,485.921036,483.522164,484.523095,433.932580,61506423.000000
2019-09-17,484.238475,485.740953,481.285762,482.480668,432.103409,62849816.000000
2019-09-18,483.790614,485.290195,482.742495,484.329428,433.759135,51749447.000000
2019-09-19,485.462011,490.488653,483.198097,487.680278,436.760113,60380793.000000
2019-09-20,486.798023,488.276817,483.697660,485.789938,435.067149,74631493.000000
2019-09-23,486.762112,492.312587,485.667076,490.296095,439.102805,26584444.000000
2019-09-24,489.557821,492.184210,478.727140,482.371889,432.005989,111742718.000000
2019-09-25,482.257293,483.400643,480.927872,481.435896,431.167725,51787682.000000
2019-09-26,482.651344,484.865792,478.511545,479.439809,429.380056,48581784.000000
2019-09-27,479.976996,485.016356,477.379876,483.197896,432.745750,88892416.000000
2019-09-30,483.416255,483.834034,481.040977,482.096517,431.759369,54171607.000000
2019-10-01,481.312412,484.986390,474.312895,477.163082,427.341049,58321421.000000
2019-10-02,477.984944,483.860282,476.425139,481.119911,430.884733,91337168.000000
2019-10-03,481.651923,485.234756,480.846262,482.934454,432.509815,45179762.000000
2019-10-04,481.625643,483.727770,476.689386,477.825628,427.934416,37672607.000000
2019-10-07,480.833042,490.506714,476.184087,485.860448,435.130297,51905683.000000
2019-10-08,484.854370,486.164848,483.131158,484.090367,433.545035,54265169.000000
2019-10-09,486.420104,493.465829,483.489035,491.083559,439.808047,74652232.000000
2019-10-10,489.904918,491.838592,486.332944,487.490913,436.590520,114911028.000000
2019-10-11,487.067256,488.485601,481.033111,483.805305,433.289737,51113053.000000
2019-10-14,486.524369,491.208877,482.783568,489.874359,438.725103,60902539.000000
2019-10-15,492.644193,501.167887,488.046279,497.147817,445.239118,61187116.000000
2019-10-16,494.438704,496.333884,488.311709,491.295054,439.997459,96291154.000000
2019-10-17,490.709107,491.853633,486.082623,488.357381,437.366517,58160696.000000
2019-10-18,487.097538,490.282954,475.135696,479.330673,431.439512,64230028.000000
2019-10-21,478.728717,480.642085,477.807650,479.777950,431.842101,67935903.000000
2019-10-22,481.193432,484.281639,480.329379,482.801419,434.563487,63677613.000000
2019-10-23,481.133561,482.744649,479.107205,480.816089,432.776517,67217740.000000
2019-10-24,479.504708,480.351599,473.366457,475.321335,427.830758,55367793.000000
2019-10-25,476.982180,478.677504,474.982427,476.440894,428.838459,78741108.000000
2019-10-28,474.891898,476.166673,468.249410,470.142248,423.169126,59961908.000000
2019-10-29,469.026281,471.264129,467.999325,469.990975,423.032967,44599908.000000
2019-10-30,469.088641,473.471961,466.880382,471.841714,424.698794,69704824.000000
2019-10-31,473.805459,474.734623,473.001104,474.146443,426.773252,55714744.000000
2019-11-01,472.966049,475.252584,471.511977,474.755294,427.321271,36903797.000000
2019-11-04,473.453058,474.836375,470.907668,472.602256,425.383349,65171847.000000
2019-11-05,471.136218,474.253625,465.534812,468.154256,421.379760,32959839.000000
2019-11-06,468.764657,470.634105,464.846611,467.106037,420.436271,53166608.000000
2019-11-07,468.771808,470.296182,466.520473,468.737231,421.904489,67516342.000000
2019-11-08,468.016802,468.370589,466.090489,467.673902,420.947400,36682560.000000
2019-11-11,470.195490,472.318322,467.720737,468.944289,422.090859,64843875.000000
2019-11-12,470.895662,479.644800,466.368409,475.481374,427.974807,134575884.000000
2019-11-13,477.308416,484.292967,476.413657,480.914523,432.865116,90918718.000000
2019-11-14,481.733037,482.160589,477.909117,479.073952,431.208441,71691215.000000
2019-11-15,479.758377,481.243396,477.133259,477.825270,430.084519,42005600.000000
2019-11-18,477.490592,478.395045,472.807225,475.347536,427.854341,63620722.000000
2019-11-19,474.752205,475.736745,473.483081,475.418356,427.918085,76042425.000000
2019-11-20,475.131681,477.962402,467.277689,469.662134,422.736982,67353037.000000
2019-11-21,469.057436,470.154897,468.322189,469.816929,422.876311,49542320.000000
2019-11-22,469.461279,470.412657,466.335726,467.811532,421.071279,41855964.000000
2019-11-25,467.629278,469.350581,464.276209,465.819312,419.278106,74337939.000000
2019-11-26,466.133368,466.788598,463.745059,464.939671,418.486352,85921757.000000
2019-11-27,463.182367,466.443898,451.697448,456.818966,411.177008,71388850.000000
2019-11-28,456.350907,456.834728,454.200215,455.207594,409.726633,31873295.000000
2019-11-29,453.356512,456.157267,452.935234,454.630288,409.207007,70600434.000000
2019-12-02,453.622919,455.712682,450.802034,451.372264,406.274500,64328789.000000
2019-12-03,451.563657,460.268621,446.409726,458.734108,412.900804,73606316.000000
2019-12-04,459.168246,460.719844,458.667587,459.547211,413.632667,36173719.000000
2019-12-05,457.421817,460.068775,454.968910,457.552090,411.836884,61088550.000000
2019-12-06,456.460428,460.284584,450.379091,451.882836,406.734060,96168324.000000
2019-12-09,452.234041,454.076951,450.164227,450.834353,405.790333,51725599.000000
2019-12-10,450.565616,455.816665,447.856546,454.123272,408.750648,42869287.000000
2019-12-11,455.467087,458.105848,453.696136,456.521132,410.908932,40443295.000000
2019-12-12,455.384781,457.926155,450.693880,452.881240,407.632710,42223732.000000
2019-12-13,452.763885,453.606195,451.290085,452.622340,407.399678,61978076.000000
2019-12-16,451.299646,454.819574,450.734032,453.664239,408.337478,78177031.000000
2019-12-17,454.197570,455.493155,451.211301,452.981831,407.723251,52464604.000000
2019-12-18,453.142778,455.368559,452.621433,453.977844,408.619750,53744416.000000
2019-12-19,452.486978,453.995778,446.478142,449.621730,404.698867,66542711.000000
2019-12-20,450.571270,454.547483,449.162174,452.304238,407.113358,53708128.000000
2019-12-23,452.877109,457.304664,452.198338,455.451075,409.945787,41516362.000000
2019-12-24,455.708801,457.761897,453.195396,453.993657,408.633983,66729400.000000
2019-12-25,448.735728,451.717338,444.654149,447.198373,402.517633,106506702.000000
2019-12-26,444.754401,447.937166,440.012283,441.634384,397.509557,63208150.000000
2019-12-27,441.813862,451.889878,436.199732,449.285183,404.395945,98320693.000000
2019-12-30,449.354122,461.133387,447.118862,457.628751,411.905885,59141203.000000
2019-12-31,459.166584,460.432824,456.637060,456.975874,411.318239,91629492.000000
2020-01-01,456.343511,457.313788,454.385668,455.714726,410.183095,45194482.000000
2020-01-02,456.381323,458.930139,454.766754,457.567682,411.850918,81814661.000000
2020-01-03,457.358970,458.871480,454.880763,455.965116,410.408468,41963513.000000
2020-01-06,457.330539,459.495340,456.781113,458.937916,413.084248,54227457.000000
2020-01-07,459.727431,464.228475,457.395682,462.523273,416.311383,37608656.000000
2020-01-08,462.291354,462.724782,459.176473,460.902827,414.852840,75208546.000000
2020-01-09,463.678030,468.215228,461.780059,466.683887,420.056300,41767289.000000
2020-01-10,466.543607,467.652274,465.109684,465.916126,419.365248,34800435.000000
2020-01-13,466.955706,467.846311,464.844636,465.683958,419.156276,62805186.000000
2020-01-14,463.549097,465.974894,462.732712,465.042626,418.579021,53120287.000000
2020-01-15,465.907434,470.226386,464.765738,468.263647,423.596203,84890167.000000
2020-01-16,467.069873,468.655089,465.831029,467.957782,423.319514,28894884.000000
2020-01-17,469.738364,474.320689,469.114026,471.227259,426.277117,65854723.000000
2020-01-20,469.913482,473.646065,463.483805,466.137779,421.673120,45386374.000000
2020-01-21,465.733744,466.222678,463.363930,464.600735,420.282694,30467293.000000
2020-01-22,464.594815,467.760810,462.774189,466.607309,422.097862,39505131.000000
2020-01-23,467.623056,468.124991,465.574718,465.973462,421.524477,68229802.000000
2020-01-24,464.343852,466.164184,461.335349,463.844125,419.598257,46230769.000000
2020-01-27,464.693413,465.780518,463.514314,463.811600,419.568834,39927308.000000
2020-01-28,465.383118,471.739362,461.792184,469.149303,424.397376,109909184.000000
2020-01-29,469.131846,471.521560,461.945626,464.930315,420.580835,54581104.000000
2020-01-30,467.064830,479.687901,461.013006,476.763281,431.285061,118446014.000000
2020-01-31,476.434321,478.410374,472.485880,474.562696,429.294388,64627935.000000
2020-02-03,475.877474,479.467604,473.778460,478.725454,433.060063,53716886.000000
2020-02-04,482.032571,502.581757,472.524088,494.767846,447.572178,113572250.000000
2020-02-05,493.366885,498.496272,482.055463,486.737345,440.307703,61465553.000000
2020-02-06,486.853881,495.510233,484.317058,492.959569,445.936392,74688007.000000
2020-02-07,492.417624,493.428717,491.597238,492.796947,445.789283,48485386.000000
2020-02-10,497.359690,509.888044,489.549017,505.803499,457.555146,141070620.000000
2020-02-11,505.863632,507.455764,504.756887,506.441078,458.131907,68024324.000000
2020-02-12,506.766543,508.609049,504.603806,507.543013,459.128728,40390068.000000
2020-02-13,508.414095,515.332852,505.762410,512.415763,463.536670,77422105.000000
2020-02-14,510.305573,512.105112,507.855417,508.842226,460.304011,52776684.000000
2020-02-17,508.750571,509.884677,506.660189,507.316738,458.924038,49413818.000000
2020-02-18,504.590269,505.242026,502.786572,504.241224,456.141896,68294793.000000
2020-02-19,506.223356,506.878659,503.940948,504.614016,456.479128,56083299.000000
2020-02-20,504.700651,509.028960,502.903149,506.985060,458.623998,57191025.000000
2020-02-21,507.928537,510.682656,506.638750,508.819751,460.283679,38012074.000000
2020-02-24,507.177264,509.953729,504.464846,505.715108,457.475187,49491930.000000
2020-02-25,507.765060,520.173980,502.516516,514.617962,465.528802,82299881.000000
2020-02-26,512.932112,515.845879,511.366352,514.374741,465.308782,34839768.000000
2020-02-27,515.447370,516.379688,513.086666,513.850211,464.834286,70065610.000000
2020-02-28,513.522346,515.256373,512.438742,514.537805,465.456291,38962598.000000
2020-03-02,514.857545,519.462455,514.110458,517.746147,468.358591,58398916.000000
2020-03-03,517.059902,519.606199,515.362484,518.218130,468.785552,27340377.000000
2020-03-04,517.859930,520.456905,517.411522,519.892129,470.299869,55144038.000000
2020-03-05,521.023141,524.912723,518.720535,523.143969,473.241517,75331636.000000
2020-03-06,521.382037,524.800650,520.804092,522.598873,472.748417,35793535.000000
2020-03-09,520.379180,521.726500,518.805765,520.211307,470.588600,42601969.000000
2020-03-10,520.158952,525.365619,518.061881,524.120148,474.124579,38212868.000000
2020-03-11,523.930892,525.056837,523.299152,524.460873,474.432802,71191885.000000
2020-03-12,525.895112,527.888401,524.926306,527.211536,476.921081,42484626.000000
2020-03-13,527.172936,534.431421,525.253617,532.394066,481.609252,52970472.000000
2020-03-16,532.858253,539.377495,531.711468,538.092084,486.763739,83189827.000000
2020-03-17,540.325243,542.429917,539.102449,539.821268,488.327976,53773591.000000
2020-03-18,538.378468,542.281417,537.525224,541.339185,489.701100,33098226.000000
2020-03-19,542.054958,543.773791,540.952147,542.383655,490.645939,62066602.000000
2020-03-20,542.447370,542.985104,538.575498,540.119530,488.597787,49977122.000000
2020-03-23,540.272886,541.065559,538.711578,539.255854,487.816497,43080755.000000
2020-03-24,538.617537,546.567224,534.572709,544.438657,492.504915,121428443.000000
2020-03-25,548.148809,551.802874,544.718082,548.889117,496.530848,55420384.000000
2020-03-26,546.502388,547.844418,544.423618,546.226465,494.122185,42425114.000000
2020-03-27,547.610672,548.213898,546.117013,547.617669,495.380682,47939309.000000
2020-03-30,549.642290,550.704251,547.378883,550.055762,497.586207,63445064.000000
2020-03-31,547.874486,551.316322,546.295756,550.693595,498.163198,54451286.000000
2020-04-01,547.591756,549.349359,545.469965,548.685218,496.346399,56010519.000000
2020-04-02,548.237772,550.504559,546.878235,547.833648,495.576060,46329058.000000
2020-04-03,550.132142,553.513770,549.060908,552.249771,499.570930,47094768.000000
2020-04-06,552.796671,556.605109,549.760193,555.244362,502.279869,46375491.000000
2020-04-07,556.225829,556.847752,555.346160,556.070264,503.026989,79344791.000000
2020-04-08,554.915359,558.571116,547.283937,550.263437,497.774072,45501169.000000
2020-04-09,549.394086,550.689651,549.104366,549.834642,497.386180,71195624.000000
2020-04-10,548.607213,549.976078,543.815521,546.175771,494.076327,57266270.000000
2020-04-13,548.380873,549.221499,545.091444,546.859101,497.180376,51466170.000000
2020-04-14,546.884531,548.897100,545.304508,547.532336,497.792452,34675592.000000
2020-04-15,546.322303,547.481542,543.507252,545.674957,496.103804,84679344.000000
2020-04-16,547.269455,552.306736,545.620710,549.321001,499.418628,23256897.000000
2020-04-17,547.983949,550.679853,540.189889,544.241958,494.800984,49642175.000000
2020-04-20,544.219233,545.100337,540.696844,542.269392,493.007613,40291750.000000
2020-04-21,543.568049,547.463465,542.017422,545.490520,495.936122,75038947.000000
2020-04-22,546.046479,546.409054,544.489300,545.334070,495.793884,72740349.000000
2020-04-23,546.677661,547.600274,544.793833,545.708072,496.133911,39724339.000000
2020-04-24,544.743752,549.908615,543.142280,547.853458,498.084402,58887069.000000
2020-04-27,547.944268,548.530526,545.022864,546.768897,497.098366,33233068.000000
2020-04-28,543.732758,547.447531,542.947497,545.877434,496.287887,72923258.000000
2020-04-29,545.632578,546.193414,544.478158,545.665886,496.095557,55022647.000000
2020-04-30,547.699407,551.602381,546.580618,550.129088,500.153305,90204829.000000
2020-05-01,547.855876,552.538229,546.787580,551.685834,501.568631,53935893.000000
2020-05-04,550.003904,553.657850,543.000596,546.646317,496.986922,69254414.000000
2020-05-05,547.359077,548.706667,546.656795,547.465975,497.732119,64330122.000000
2020-05-06,546.769492,548.119346,545.561274,547.246050,497.532173,49541796.000000
2020-05-07,545.265700,548.331435,543.289391,544.163843,494.729966,53104442.000000
2020-05-08,542.066950,545.604554,536.943479,540.481190,491.381858,78764716.000000
2020-05-11,539.515582,540.522158,536.555261,538.386839,489.477766,51086947.000000
2020-05-12,536.259913,537.658202,535.081974,537.035242,488.248953,54685630.000000
2020-05-13,537.410285,538.229467,534.381669,535.605601,486.949186,45064668.000000
2020-05-14,535.802074,540.766936,534.896571,538.740106,489.798941,52866646.000000
2020-05-15,538.046898,540.765136,532.868582,535.311324,486.681642,55742590.000000
2020-05-18,535.027515,536.527233,529.102415,531.915951,483.594718,55969918.000000
2020-05-19,534.492587,537.560770,530.826660,536.026878,487.332193,69186767.000000
2020-05-20,535.927117,537.404575,531.977683,533.515020,485.048521,83087324.000000
2020-05-21,533.447861,534.951309,531.967716,532.695922,484.303833,59581096.000000
2020-05-22,532.161522,533.565518,527.778842,529.633417,481.519537,91696571.000000
2020-05-25,530.261931,536.185265,527.635827,533.255660,484.812722,88509138.000000
2020-05-26,533.898938,534.550120,530.203347,531.658492,483.360647,59798243.000000
2020-05-27,530.961008,533.652738,530.270242,532.168160,483.824015,48102927.000000
2020-05-28,530.625572,533.219283,526.878989,527.747832,479.805246,85294146.000000
2020-05-29,528.573476,530.643953,527.023787,529.652276,481.536683,43879369.000000
2020-06-01,530.321769,537.792865,528.320892,534.696373,486.122556,49939588.000000
2020-06-02,532.975546,533.981812,523.840173,528.095698,480.121511,80511289.000000
2020-06-03,528.634686,529.915291,527.638182,528.737951,480.705419,59055079.000000
2020-06-04,530.626909,531.356347,527.973120,529.859059,481.724681,90782219.000000
2020-06-05,529.416881,530.826497,525.844499,527.918293,479.960222,35958913.000000
2020-06-08,526.838360,528.282967,525.333488,527.636418,479.703953,56580369.000000
2020-06-09,528.884093,533.169372,526.788979,530.860146,482.634826,39933859.000000
2020-06-10,529.032272,532.427980,528.492039,531.198016,482.942003,31197818.000000
2020-06-11,529.378600,531.481460,528.519075,530.842341,482.618638,55896243.000000
2020-06-12,531.091161,533.536854,530.361254,531.516018,483.231116,44777566.000000
2020-06-15,530.974874,532.171697,526.132416,528.682504,480.655009,68965581.000000
2020-06-16,528.883187,534.371390,527.936855,531.973090,483.646666,55547287.000000
2020-06-17,530.642788,533.042355,528.015600,529.654308,481.538530,42964682.000000
2020-06-18,531.456272,534.540533,530.176843,533.633130,485.155902,56848693.000000
2020-06-19,534.894982,542.059414,532.988316,540.103869,491.038815,66750440.000000
2020-06-22,539.575807,541.876387,535.589138,537.077365,488.287249,63334162.000000
2020-06-23,539.626394,540.135033,536.732067,538.746606,489.804850,62448031.000000
2020-06-24,540.819716,545.089249,537.976204,542.269661,493.007857,117310444.000000
2020-06-25,542.226546,547.024096,540.516176,545.034904,495.521896,71655485.000000
2020-06-26,544.991434,545.373086,543.138520,544.694855,495.212738,46129680.000000
2020-06-29,546.653517,548.170512,545.586207,546.158778,496.543673,60398178.000000
2020-06-30,546.320030,548.060862,544.857541,547.396536,497.668988,27502689.000000
2020-07-01,547.069996,547.961705,543.837937,545.433227,495.884033,37495615.000000
2020-07-02,543.980557,545.197980,541.424431,542.875364,493.558536,69929654.000000
2020-07-03,543.715784,547.067408,542.133147,545.528230,495.970406,65403915.000000
2020-07-06,543.800688,546.347959,538.923508,542.063647,492.820559,43299691.000000
2020-07-07,539.739211,544.345388,538.288850,543.192164,493.846558,43125246.000000
2020-07-08,543.742349,544.364445,542.338750,542.688403,493.388560,60519179.000000
2020-07-09,543.521142,544.370827,538.223920,538.822381,492.335419,63543311.000000
2020-07-10,539.074901,541.158863,538.144291,539.856724,493.280524,120313774.000000
2020-07-13,539.649894,540.538935,539.014171,539.681987,493.120862,52971514.000000
2020-07-14,540.123996,540.843937,537.938440,538.963524,492.464384,45162998.000000
2020-07-15,539.027866,540.972538,534.420685,536.320893,490.049747,82906955.000000
2020-07-16,535.119202,536.982476,533.539657,535.336833,489.150587,45613020.000000
2020-07-17,534.999702,535.527945,534.635076,535.264510,489.084503,41981812.000000
2020-07-20,533.854388,534.792450,528.639631,531.859931,485.973655,55602883.000000
2020-07-21,531.586650,539.201700,528.558550,535.976859,489.735394,68201284.000000
2020-07-22,536.848588,542.309633,533.720089,540.138729,493.538199,44395707.000000
2020-07-23,538.727366,541.477121,538.164200,540.342964,493.724813,42516618.000000
2020-07-24,542.027559,542.965869,539.737853,540.355766,493.736510,60358397.000000
2020-07-27,541.050726,543.180496,539.408036,542.041076,495.276421,41694653.000000
2020-07-28,543.026314,545.251203,542.590417,543.716649,496.807433,42736701.000000
2020-07-29,543.575438,544.216133,538.935893,541.002894,494.327808,63960671.000000
2020-07-30,541.586117,542.992799,538.243140,539.513146,492.966587,43230229.000000
2020-07-31,538.910385,540.632122,534.859624,536.567325,490.274918,55417179.000000
2020-08-03,537.859154,543.310375,535.388226,541.530655,494.810036,78428378.000000
2020-08-04,541.957994,542.969941,540.148040,541.040914,494.362548,47582121.000000
2020-08-05,542.373099,548.651726,541.128352,545.218624,498.179825,73518065.000000
2020-08-06,541.283164,542.996221,533.322222,537.686015,491.297093,94471450.000000
2020-08-07,536.109834,538.935195,531.958034,533.147290,487.149947,69724417.000000
2020-08-10,533.230883,533.969008,529.138902,531.001432,485.189223,58385422.000000
2020-08-11,530.352541,532.722884,529.635800,532.351838,486.423123,48918037.000000
2020-08-12,532.155960,532.858131,531.021904,532.286590,486.363504,62848048.000000
2020-08-13,530.586953,534.421948,529.275088,533.045983,487.057380,41076185.000000
2020-08-14,532.947722,540.860151,530.529665,539.265270,492.740097,95251310.000000
2020-08-17,539.172300,541.872480,536.444688,540.987344,494.313599,90328987.000000
2020-08-18,542.187998,545.221240,541.649209,543.546517,496.651979,67547379.000000
2020-08-19,540.598877,544.336620,531.962832,534.769798,488.632473,61414607.000000
2020-08-20,534.830005,537.725728,532.516038,536.249929,489.984905,57279954.000000
2020-08-21,536.049239,536.948749,535.263538,536.193056,489.932939,23326221.000000
2020-08-24,536.918380,546.445665,534.890758,544.434086,497.462973,65281871.000000
2020-08-25,544.442289,545.230686,542.791285,544.791672,497.789709,45000642.000000
2020-08-26,549.407758,555.561744,547.015104,551.915067,504.298532,64947085.000000
2020-08-27,551.442525,551.987431,549.583921,551.451921,503.875344,39707681.000000
2020-08-28,550.399047,551.491603,542.398941,544.669120,497.677729,61932553.000000
2020-08-31,544.350297,545.622001,536.587408,539.941470,493.357958,64672132.000000
2020-09-01,541.950567,547.566800,539.909494,544.262731,497.306401,45485338.000000
2020-09-02,544.611018,546.958868,543.951811,545.838421,498.746149,36982619.000000
2020-09-03,548.190020,548.770661,546.009960,546.702946,499.536087,43353746.000000
2020-09-04,546.494713,547.773995,544.235645,546.324610,499.190392,49750076.000000
2020-09-07,546.179138,549.102181,540.975053,542.335505,495.545448,64105665.000000
2020-09-08,541.329994,541.897841,539.037492,540.844154,494.182763,33789052.000000
2020-09-09,540.842156,541.141584,539.410216,540.747313,494.094277,51444895.000000
2020-09-10,542.518148,545.867876,540.606610,543.860707,496.939062,76884952.000000
2020-09-11,544.277485,546.529257,539.219555,541.286695,494.587124,99514559.000000
2020-09-14,541.134443,543.433670,537.024795,538.745260,492.264951,79326174.000000
2020-09-15,537.672540,539.906051,536.923707,538.447237,491.992640,61971955.000000
2020-09-16,536.201394,537.316690,534.472789,536.685641,490.383026,64481422.000000
2020-09-17,538.860500,540.493511,536.592035,539.420174,492.881637,37770693.000000
2020-09-18,540.680231,544.366098,539.552895,542.385696,495.591308,86529148.000000
2020-09-21,543.859413,546.029250,543.048002,544.584504,497.600414,71042342.000000
2020-09-22,545.064475,550.510468,542.084341,549.436593,502.033888,55869964.000000
2020-09-23,548.839605,549.324896,547.728088,548.379171,501.067696,63018842.000000
2020-09-24,551.658481,559.011630,548.691573,556.230589,508.241731,73439453.000000
2020-09-25,557.066452,558.670020,553.910528,554.503155,506.663332,49211160.000000
2020-09-28,552.307670,552.949865,550.090729,552.399633,504.741291,50936648.000000
2020-09-29,551.530628,553.185186,548.657646,549.604378,502.187198,38163644.000000
2020-09-30,548.863352,555.635770,545.485742,554.052356,506.251426,44678182.000000
2020-10-01,553.428395,554.740764,552.877075,554.141505,506.332884,62461987.000000
2020-10-02,553.093317,554.936251,551.967868,554.228305,506.412195,54032893.000000
2020-10-05,554.878670,557.545527,553.669139,556.482689,508.472082,52588475.000000
2020-10-06,556.302325,560.365894,553.670129,559.457557,513.759088,78943958.000000
2020-10-07,558.280571,559.557954,557.208258,558.009627,512.429430,54415935.000000
2020-10-08,557.311568,559.154896,551.290018,554.294277,509.017563,68374035.000000
2020-10-09,552.185296,557.313745,539.041400,544.103153,499.658886,77626877.000000
2020-10-12,543.026628,551.446489,540.046010,548.312411,503.524316,51844910.000000
2020-10-13,545.077353,550.395101,534.107085,538.296041,494.326119,71869651.000000
2020-10-14,540.062578,549.240800,537.226192,544.432644,499.961463,40869270.000000
2020-10-15,543.140629,544.373136,536.940913,540.191453,496.066708,68970622.000000
2020-10-16,538.041003,539.325844,532.652849,536.146286,492.351964,75991824.000000
2020-10-19,536.874600,538.117650,531.585900,533.846557,490.240085,156068100.000000
2020-10-20,533.102407,535.910518,531.697399,534.948920,491.252403,29549791.000000
2020-10-21,535.166443,538.355385,533.716524,536.501817,492.678454,42309808.000000
2020-10-22,538.297306,541.325110,536.362002,539.717885,495.631822,58433730.000000
2020-10-23,539.898929,542.116537,539.071838,540.360813,496.222234,42658971.000000
2020-10-26,540.496417,541.013527,538.710895,540.139669,496.019153,38873632.000000
2020-10-27,538.854378,540.485080,533.818169,536.252463,492.449468,52021896.000000
2020-10-28,535.377557,536.840742,533.157738,533.971089,490.354444,42911605.000000
2020-10-29,533.020013,533.844225,530.709604,532.214567,488.741402,87105891.000000
2020-10-30,532.202188,534.700798,530.434048,533.658599,490.067480,55836953.000000
2020-11-02,531.431412,532.157353,527.849070,530.125338,486.822828,53165705.000000
2020-11-03,530.746623,531.606140,525.281482,527.589155,484.493809,58977214.000000
2020-11-04,528.049696,531.753337,518.890576,520.970083,478.415407,34627132.000000
2020-11-05,517.802955,521.375428,512.071031,516.050458,473.897634,55531493.000000
2020-11-06,515.260339,516.053944,510.454318,511.826878,470.019051,82578858.000000
2020-11-09,511.722211,512.715145,511.296082,512.363830,470.512143,30830184.000000
2020-11-10,511.997700,514.614416,511.542303,513.164294,471.247222,46708379.000000
2020-11-11,512.216516,513.880621,509.177846,510.980448,469.241761,68469512.000000
2020-11-12,511.607861,512.655441,510.197909,512.065431,470.238118,46744101.000000
2020-11-13,513.263302,515.567719,511.224086,514.278125,472.270071,85672451.000000
2020-11-16,514.551915,519.244839,512.831349,517.382830,475.121173,41395675.000000
2020-11-17,518.491321,520.333113,516.152479,516.685483,474.480788,46241490.000000
2020-11-18,514.633156,516.937727,512.232550,514.820949,472.768556,65472987.000000
2020-11-19,513.108991,515.757688,509.383304,510.482834,468.784793,49501717.000000
2020-11-20,511.393091,514.810860,509.761734,513.233304,471.310595,41636464.000000
2020-11-23,514.792335,515.568167,512.503794,513.900517,471.923308,53509808.000000
2020-11-24,514.773001,516.358561,511.212503,512.363426,470.511772,60813643.000000
2020-11-25,510.001695,512.581546,509.639665,511.777541,469.973744,73566971.000000
2020-11-26,509.798186,510.917212,509.429006,510.522240,468.820980,78444888.000000
2020-11-27,511.918819,513.101597,508.655805,509.673469,468.041540,28374338.000000
2020-11-30,509.973319,514.912255,508.587895,512.748909,470.865768,57148180.000000
2020-12-01,513.426659,515.002821,512.351686,512.915571,471.018815,36282994.000000
2020-12-02,509.101704,512.246904,506.215384,507.362168,465.919035,46731582.000000
2020-12-03,505.938852,508.012302,504.678111,507.193729,465.764354,74116993.000000
2020-12-04,506.365887,508.840008,493.508025,498.954257,458.197911,78307731.000000
2020-12-07,498.552634,500.137557,497.499236,498.985181,458.226309,48163646.000000
2020-12-08,498.862608,499.705490,497.901279,499.215277,458.437610,25525046.000000
2020-12-09,501.614726,503.905676,500.735208,502.883612,461.806302,107593908.000000
2020-12-10,503.720107,505.503775,499.754523,500.674551,459.777685,37268026.000000
2020-12-11,502.087825,503.181891,497.617924,498.600804,457.873329,55557284.000000
2020-12-14,500.168837,505.939276,496.669012,502.969045,461.884757,55066105.000000
2020-12-15,501.446119,503.486523,491.112825,494.475374,454.084879,89088276.000000
2020-12-16,495.135744,500.149876,493.082817,498.559551,457.835446,46188118.000000
2020-12-17,499.239009,501.001134,497.317708,499.107934,458.339036,30181018.000000
2020-12-18,500.352231,506.771236,497.644535,505.373969,464.093238,43002528.000000
2020-12-21,508.545055,510.684268,506.123754,509.754668,468.116106,53914442.000000
2020-12-22,514.310837,519.503154,510.865752,516.746095,474.536449,83969313.000000
2020-12-23,515.900737,518.945406,515.497129,517.302144,475.047078,60875999.000000
2020-12-24,515.784500,520.455527,509.610473,511.340523,469.572423,38547297.000000
2020-12-25,512.739691,517.115206,511.749275,515.881890,473.742835,77948373.000000
2020-12-28,512.125670,514.849764,508.038604,510.961459,469.224323,67017735.000000
2020-12-29,509.297076,510.219044,505.023805,507.542464,466.084603,21948593.000000
2020-12-30,508.193829,515.056381,505.064765,512.172886,470.336795,59316815.000000
2020-12-31,512.030470,513.125543,509.941931,510.829752,469.103374,63430721.000000
2021-01-01,511.101482,512.759707,509.088448,510.470933,471.129512,73846357.000000
2021-01-04,511.149246,512.366929,507.826273,509.142392,469.903360,49689787.000000
2021-01-05,509.964104,510.414889,508.941827,509.367391,470.111019,43507250.000000
2021-01-06,510.283878,514.955165,508.451277,512.418902,472.927353,80408450.000000
2021-01-07,510.917296,514.443144,509.765535,513.215726,473.662767,54632871.000000
2021-01-08,517.418717,518.641784,514.018601,517.145172,477.289375,102304253.000000
2021-01-11,517.808027,519.656876,515.723951,518.527292,478.564976,70701172.000000
2021-01-12,517.829897,519.586976,516.969469,518.909576,478.917798,57202023.000000
2021-01-13,523.534479,533.069593,521.541725,527.749407,487.076353,60129621.000000
2021-01-14,525.794397,528.051855,519.387031,522.066580,481.831496,51170129.000000
2021-01-15,520.685477,522.702089,519.395114,521.850389,481.631966,49982071.000000
2021-01-18,522.036791,526.093937,521.028601,525.315319,484.829858,64082815.000000
2021-01-19,523.838813,526.056862,517.585526,519.371361,479.343994,50629710.000000
2021-01-20,521.065461,522.104992,519.251158,520.915458,480.769089,49377419.000000
2021-01-21,523.790412,531.283117,522.167797,526.813964,486.213004,49885601.000000
2021-01-22,526.000262,529.898855,524.322191,528.385603,487.663518,55482222.000000
2021-01-25,527.513498,528.089399,525.152477,526.555659,485.974607,54407089.000000
2021-01-26,527.290731,533.142140,526.315394,531.725019,490.745569,65002050.000000
2021-01-27,530.343220,533.396618,529.153457,532.583904,491.538261,70825093.000000
2021-01-28,533.512499,535.958993,522.752962,526.433285,485.861664,57883060.000000
2021-01-29,525.794792,527.885237,525.195176,527.202002,486.571136,55072791.000000
2021-02-01,527.011862,528.428054,525.823234,527.551849,486.894021,35014734.000000
2021-02-02,528.074624,529.333624,525.578655,526.963784,486.351277,50253130.000000
2021-02-03,526.752690,529.788992,521.164843,522.681295,482.398835,40328213.000000
2021-02-04,519.582317,522.527544,518.313854,521.446144,481.258876,43601458.000000
2021-02-05,516.643380,521.968561,504.852313,508.182999,469.017906,87333867.000000
2021-02-08,508.907048,511.730057,506.277548,511.175406,471.779692,81726701.000000
2021-02-09,513.196224,515.782334,508.612802,510.406178,471.069748,50588322.000000
2021-02-10,509.875599,513.624633,507.378798,512.739016,473.222797,68113917.000000
2021-02-11,513.197197,513.841894,510.661893,511.424216,472.009326,66338737.000000
2021-02-12,511.454363,517.050869,509.109941,515.410521,475.688412,62470237.000000
2021-02-15,514.098404,517.158783,508.102160,509.322627,470.069705,56056870.000000
2021-02-16,510.606841,511.054863,508.301547,509.277300,470.027871,31297637.000000
2021-02-17,509.697671,510.999336,508.486814,510.218035,470.896105,55128294.000000
2021-02-18,511.917095,516.603751,510.624243,513.611257,474.027815,56556747.000000
2021-02-19,511.574949,513.474396,507.624983,509.789361,470.500468,74122203.000000
2021-02-22,508.664940,516.928825,506.145290,513.872326,474.268763,79200769.000000
2021-02-23,513.116133,515.566280,511.548005,514.550658,474.894817,46347213.000000
2021-02-24,516.982269,523.871281,513.034851,520.671884,480.544287,62234592.000000
2021-02-25,520.246340,521.225907,518.624898,519.680479,479.629289,37393010.000000
2021-02-26,520.645202,526.015126,517.797673,524.994610,484.533865,82727185.000000
2021-03-01,525.013591,526.603808,524.104065,526.032586,485.491845,88024982.000000
2021-03-02,527.477985,530.832869,525.147608,528.992569,488.223706,60534785.000000
2021-03-03,528.236981,530.479230,526.338950,529.666988,488.846149,47913418.000000
2021-03-04,530.217446,530.705219,529.095554,529.883025,489.045536,36109424.000000
2021-03-05,532.186866,534.206438,529.606920,531.600866,490.630985,29853986.000000
2021-03-08,533.518818,538.170548,530.344178,536.989912,495.604703,66094825.000000
2021-03-09,538.006721,540.342384,535.524185,538.961371,497.424224,67133989.000000
2021-03-10,539.135820,544.215793,536.335710,542.751836,500.922562,59211531.000000
2021-03-11,542.854208,551.842682,540.891441,548.319804,506.061413,60427453.000000
2021-03-12,547.865970,551.244679,546.280609,549.913927,507.532678,62229982.000000
2021-03-15,549.936083,552.252215,546.358498,548.870428,506.569601,50721441.000000
2021-03-16,547.215466,550.990301,546.625542,550.163423,507.762947,38804338.000000
2021-03-17,550.818270,553.635999,545.594515,546.577635,504.453511,49436464.000000
2021-03-18,546.409076,552.152936,544.129166,550.550693,508.120370,64330041.000000
2021-03-19,551.026216,555.769691,549.587438,554.857507,512.095263,64786749.000000
2021-03-22,555.645490,563.009770,553.259472,560.305848,517.123706,61519491.000000
2021-03-23,559.504741,560.566416,557.684117,558.200029,515.180180,46419335.000000
2021-03-24,556.656622,559.583602,555.532931,558.846238,515.776587,75627779.000000
2021-03-25,562.106080,569.513393,560.503107,567.265253,523.546757,46727183.000000
2021-03-26,566.685976,569.365155,565.413249,567.447131,523.714618,56561912.000000
2021-03-29,569.147896,577.444670,564.776604,573.906647,529.676307,87537578.000000
2021-03-30,575.181837,575.798678,573.194461,573.903022,529.672961,39528398.000000
2021-03-31,573.848836,574.344589,571.182152,571.612412,530.209935,50349428.000000
2021-04-01,572.487039,576.131519,570.193531,575.015315,533.366363,76258928.000000
2021-04-02,573.604410,577.365847,567.910731,569.677059,528.414762,53520234.000000
2021-04-05,571.710301,573.280745,570.194755,571.057395,529.695119,75653112.000000
2021-04-06,569.853318,572.579001,568.328671,571.908145,530.484249,53176010.000000
2021-04-07,573.057880,575.550313,570.438560,574.535070,532.920903,31079786.000000
2021-04-08,573.562945,575.192371,570.241748,571.028405,529.668229,46572280.000000
2021-04-09,570.508904,572.792565,566.444797,567.527768,526.421146,64499702.000000
2021-04-12,566.831074,568.840634,561.793641,563.820909,522.982779,103884697.000000
2021-04-13,564.910930,572.807871,561.506277,568.401858,527.231925,46602863.000000
2021-04-14,567.493344,568.824298,564.148861,566.781787,525.729198,58686195.000000
2021-04-15,566.450480,569.225265,561.890985,564.609685,523.714423,57909482.000000
2021-04-16,562.631828,567.806416,560.769511,565.841036,524.856587,34835375.000000
2021-04-19,564.862817,566.274281,562.254492,563.898885,523.055107,59112639.000000
2021-04-20,562.396763,564.801922,561.798823,564.005657,523.154145,56178944.000000
2021-04-21,561.904411,564.833010,561.364406,563.537085,522.719513,56693020.000000
2021-04-22,563.527762,566.187738,561.703057,564.411633,523.530716,58912236.000000
2021-04-23,563.091972,564.506726,558.465335,560.845794,520.223155,50142729.000000
2021-04-26,561.742923,563.114424,558.205690,559.019421,518.529068,54443862.000000
2021-04-27,561.759072,566.710360,558.042160,563.290964,522.491218,52154733.000000
2021-04-28,563.759759,565.583329,557.011182,559.798081,519.251329,38177534.000000
2021-04-29,560.415849,562.323360,553.293251,556.372852,516.074192,33163349.000000
2021-04-30,557.030386,561.728177,555.343962,559.376731,518.860497,48572697.000000
2021-05-03,557.644644,560.848674,547.496339,550.887834,510.986460,34947528.000000
2021-05-04,550.727240,551.850706,548.537912,549.230868,509.449510,82079821.000000
2021-05-05,548.538131,549.217924,546.873999,548.497457,508.769221,31016406.000000
2021-05-06,547.839335,550.818714,541.529258,544.249070,504.828548,69865443.000000
2021-05-07,541.516037,542.673856,536.080824,538.007103,499.038694,49471054.000000
2021-05-10,536.380395,538.711439,532.897109,534.160730,495.470917,78229466.000000
2021-05-11,534.463109,538.063015,533.013962,536.332834,497.485693,44953977.000000
2021-05-12,536.737683,538.214678,533.496095,533.986953,495.309728,62312547.000000
2021-05-13,532.649388,535.039834,527.851889,529.836569,491.459960,82846926.000000
2021-05-14,529.449082,530.622352,528.888368,530.231084,491.825900,38098705.000000
2021-05-17,528.105108,530.854674,524.886371,525.709641,487.631950,62521343.000000
2021-05-18,527.008833,528.855592,525.203331,527.946584,489.706868,66904019.000000
2021-05-19,527.802001,528.576424,525.091007,527.027073,488.853959,48804276.000000
2021-05-20,529.178184,530.023629,527.648369,528.429050,490.154389,60596848.000000
2021-05-21,528.350052,529.051899,525.492054,526.556141,488.417137,62951962.000000
2021-05-24,526.657021,526.997443,525.520030,526.277576,488.158748,46100356.000000
2021-05-25,526.096212,527.223409,523.405486,525.037558,487.008546,54293519.000000
2021-05-26,525.338778,528.962378,523.693125,527.331483,489.136320,45929261.000000
2021-05-27,527.428909,528.083674,525.491080,526.979718,488.810034,43833383.000000
2021-05-28,528.126992,535.103744,525.942361,531.959320,493.428958,53734752.000000
2021-05-31,535.148938,540.260740,533.728353,537.682023,498.737160,76687192.000000
2021-06-01,539.718817,544.454914,537.386586,543.011626,503.680734,55924598.000000
2021-06-02,545.094655,550.447048,544.093177,548.116092,508.415478,74475827.000000
2021-06-03,549.026139,556.348298,545.206512,554.796093,514.611640,94269906.000000
2021-06-04,553.698556,556.242754,550.439259,551.837804,511.867623,43221909.000000
2021-06-07,552.918110,554.827684,551.789017,552.991331,512.937599,50288814.000000
2021-06-08,554.995209,558.737089,553.934999,557.684068,517.290436,53919343.000000
2021-06-09,557.593508,559.969554,555.119857,555.645747,515.399752,73515334.000000
2021-06-10,555.542911,557.094366,554.805776,555.877758,515.614959,32639026.000000
2021-06-11,556.899698,558.512194,555.337041,555.886124,515.622719,32546592.000000
2021-06-14,554.631652,558.752707,552.342420,556.464661,516.159352,36898557.000000
2021-06-15,555.838508,557.582107,554.001640,555.205778,514.991651,39028838.000000
2021-06-16,556.588017,558.447909,551.020500,552.860964,512.816674,54906471.000000
2021-06-17,550.876672,554.288453,549.760459,553.345211,513.265847,48216844.000000
2021-06-18,552.075046,554.793443,549.484021,550.127373,510.281080,43657887.000000
2021-06-21,551.323783,556.861159,549.741722,554.882692,514.691967,90659955.000000
2021-06-22,558.191761,563.091255,555.477053,561.257493,520.605034,30167576.000000
2021-06-23,559.711498,561.006343,557.974259,560.423932,519.831848,76618079.000000
2021-06-24,562.774187,566.711348,560.907511,565.589151,524.622946,65009279.000000
2021-06-25,566.652087,575.165141,564.914732,570.723877,529.385758,94089332.000000
2021-06-28,572.320534,573.414883,567.244602,568.697606,530.157037,68278087.000000
2021-06-29,567.183530,569.030581,562.677892,565.952585,527.598046,73018163.000000
2021-06-30,566.923434,569.930589,565.463798,568.026960,529.531841,36386315.000000
2021-07-01,568.192881,572.147365,561.261780,563.108154,524.946381,62675381.000000
2021-07-02,562.331789,563.129218,558.618538,559.373969,521.465262,54764139.000000
2021-07-05,559.998687,561.885450,558.116646,559.018534,521.133915,60690647.000000
2021-07-06,558.222067,560.482021,556.733648,558.696841,520.834023,55102075.000000
2021-07-07,560.570524,567.130981,557.171727,564.476200,526.221716,65499514.000000
2021-07-08,562.371136,567.298049,561.340832,566.134610,527.767735,69759621.000000
2021-07-09,568.280234,569.529376,566.278299,567.723102,529.248575,63988059.000000
2021-07-12,571.040454,571.832441,568.170239,568.560321,530.029056,58749020.000000
2021-07-13,568.419951,571.624764,562.691403,564.836386,526.557491,63086122.000000
2021-07-14,565.774243,566.111592,564.877256,565.228477,526.923011,52898266.000000
2021-07-15,562.520059,565.328234,555.536099,558.895568,521.019283,46595586.000000
2021-07-16,557.630013,561.027877,552.826867,554.136058,516.582323,59727899.000000
2021-07-19,553.835875,556.558645,549.579463,551.954354,514.548474,46285435.000000
2021-07-20,550.075517,554.066947,540.110326,544.872792,507.946828,90405397.000000
2021-07-21,544.626690,547.698585,542.612116,546.432978,509.401280,51380825.000000
2021-07-22,544.962241,546.781169,542.694210,543.944027,507.081006,70240679.000000
2021-07-23,547.982090,549.233176,546.824515,547.492972,510.389439,63580403.000000
2021-07-26,551.049391,564.298013,544.987389,561.081516,523.057089,133497439.000000
2021-07-27,562.831331,564.014365,557.093181,558.724157,520.859487,45260138.000000
2021-07-28,562.242365,564.799474,558.268109,560.859600,522.850212,52698341.000000
2021-07-29,557.538813,563.542627,544.406349,549.293800,512.068225,91338375.000000
2021-07-30,550.058622,553.711285,548.359095,551.729305,514.338676,52035007.000000
2021-08-02,553.085289,557.607422,552.462405,555.366273,517.729167,73433531.000000
2021-08-03,554.482194,555.497874,553.649748,554.407091,516.834989,57366641.000000
2021-08-04,550.109709,553.378061,537.708165,543.579974,506.741624,85283647.000000
2021-08-05,548.852780,576.554172,540.595678,565.698331,527.361023,126228932.000000
2021-08-06,562.421550,567.453650,560.098281,564.240158,526.001670,28405147.000000
2021-08-09,561.823343,564.301985,560.927115,562.360691,524.249574,51492365.000000
2021-08-10,563.245778,574.313872,560.467065,571.163064,532.455412,85088479.000000
2021-08-11,568.615479,572.006847,561.670688,564.072252,525.845143,59671056.000000
2021-08-12,562.293230,566.043999,561.083977,564.911329,526.627356,60222894.000000
2021-08-13,566.202940,579.384505,563.806652,573.468380,534.604497,66601927.000000
2021-08-16,573.018110,574.192311,570.231597,570.908385,532.217991,96259216.000000
2021-08-17,571.441073,571.804926,570.021706,571.278052,532.562607,47432801.000000
2021-08-18,572.187236,573.543900,569.405242,570.669947,531.995713,33103858.000000
2021-08-19,571.356974,572.837867,570.575819,572.340617,533.553161,53956945.000000
2021-08-20,572.710060,580.230710,569.830633,578.946717,539.711567,68958581.000000
2021-08-23,577.859717,579.971146,576.282587,579.602311,540.322731,41568052.000000
2021-08-24,577.479348,579.956891,567.119604,568.746735,530.202837,102273120.000000
2021-08-25,566.613504,569.268733,562.027106,564.124801,525.894130,71841968.000000
2021-08-26,565.266527,568.436496,564.450668,566.906075,528.486918,55630395.000000
2021-08-27,566.799085,571.358466,564.198408,570.372263,531.718203,44269228.000000
2021-08-30,571.823291,577.308757,570.100063,575.357739,536.365814,69794631.000000
2021-08-31,573.306422,574.788665,566.737688,568.093982,529.594321,43264513.000000
2021-09-01,566.275979,568.422955,561.295868,563.804586,525.595617,72853331.000000
2021-09-02,567.416626,581.930592,560.948426,576.593242,537.517587,64251410.000000
2021-09-03,574.361834,576.861529,573.364366,574.787175,535.833917,33507666.000000
2021-09-06,575.264836,579.314619,572.838573,578.001565,538.830468,56507800.000000
2021-09-07,577.392388,577.901964,576.650451,577.057095,537.950005,41556350.000000
2021-09-08,574.791849,578.050193,573.177913,575.967031,536.933814,49452473.000000
2021-09-09,577.566064,579.056315,571.754141,573.948409,535.051994,39011198.000000
2021-09-10,571.925146,575.229205,570.882210,574.104092,535.197127,35127668.000000
2021-09-13,572.549284,574.682561,571.762842,573.798484,534.912230,44233250.000000
2021-09-14,574.365460,576.085419,572.443348,573.104677,534.265442,35618711.000000
2021-09-15,570.420747,571.956520,568.841592,571.134973,532.429224,80062237.000000
2021-09-16,572.744906,574.223329,569.871578,571.057702,532.357190,71961178.000000
2021-09-17,568.580467,571.862408,560.718713,563.264288,525.091935,57345191.000000
2021-09-20,561.803638,562.811731,554.183902,556.240811,518.544438,77114025.000000
2021-09-21,556.597623,558.414093,552.855233,554.131848,516.578399,68780598.000000
2021-09-22,551.013461,556.689034,538.069206,541.002758,504.339066,126264441.000000
2021-09-23,540.143545,543.085698,532.954164,533.823763,500.147327,76098973.000000
2021-09-24,532.929238,538.167101,524.141704,526.454137,493.242616,77842606.000000
2021-09-27,525.958211,528.093128,524.477695,526.559638,493.341461,66405430.000000
2021-09-28,526.419561,527.815481,525.930372,526.585175,493.365388,86121696.000000
2021-09-29,526.853188,531.972951,523.320049,530.963791,497.467778,47224640.000000
2021-09-30,531.041874,532.045889,528.328360,529.052133,495.676717,27356482.000000
2021-10-01,527.380021,531.761937,524.924819,529.899026,496.470183,94752859.000000
2021-10-04,531.340850,537.277199,529.635072,534.363048,500.652591,63116378.000000
2021-10-05,535.549273,537.112733,533.616098,535.601192,501.812627,54951617.000000
2021-10-06,536.107493,541.446206,534.198523,538.775506,504.786687,61632052.000000
2021-10-07,538.284385,538.770149,536.037725,537.884710,503.952088,46067568.000000
2021-10-08,536.199271,538.256928,531.251521,533.525309,499.867701,45472226.000000
2021-10-11,532.420566,533.489365,529.967679,530.795181,497.309804,55765450.000000
2021-10-12,530.309669,531.465687,529.712260,530.476279,497.011020,47633819.000000
2021-10-13,530.518450,534.071077,529.636935,532.204777,498.630475,37857164.000000
2021-10-14,531.414585,533.835287,528.121864,530.796337,497.310887,49070746.000000
2021-10-15,531.733419,532.416398,530.515332,531.089826,497.585861,47842163.000000
2021-10-18,532.091091,534.633693,529.989226,533.580166,499.919097,52071300.000000
2021-10-19,534.193527,535.984877,531.607395,533.413938,499.763356,61253496.000000
2021-10-20,532.146358,533.534901,531.723698,532.982419,499.359059,62277132.000000
2021-10-21,533.134001,533.687843,532.131779,533.210996,499.573216,26127213.000000
2021-10-22,532.921236,534.656880,532.191429,534.007353,500.319335,38493982.000000
2021-10-25,531.506405,532.422578,528.066834,530.600628,497.127524,78824196.000000
2021-10-26,535.305494,537.490249,534.199617,535.519377,501.735973,57712552.000000
2021-10-27,536.887225,538.101147,533.908814,535.016352,501.264681,42018982.000000
2021-10-28,535.835592,539.741494,534.988686,537.373338,503.472976,54421984.000000
2021-10-29,538.514955,539.194304,535.613873,536.551649,502.703123,86696058.000000
2021-11-01,538.299832,538.915776,535.108661,536.490446,502.645781,59489484.000000
2021-11-02,536.524780,538.368370,533.135284,535.138395,501.379025,55934156.000000
2021-11-03,531.754398,536.795155,530.311075,536.291122,502.459032,40736563.000000
2021-11-04,537.585307,539.592765,535.342899,538.358607,504.396089,95545471.000000
2021-11-05,536.337266,538.560844,529.593701,531.784528,498.236737,107928080.000000
2021-11-08,533.121824,538.970253,530.236779,537.861743,503.930570,71984138.000000
2021-11-09,535.963370,537.695503,534.771993,536.223683,502.395847,43117185.000000
2021-11-10,535.246040,541.261546,531.361035,539.790409,505.737566,47128503.000000
2021-11-11,540.386673,542.625216,539.341418,541.982987,507.791824,55840241.000000
2021-11-12,543.024830,544.415261,542.598776,543.424388,509.142294,45042077.000000
2021-11-15,543.951698,546.494350,542.458712,545.129185,510.739543,49978610.000000
2021-11-16,544.977704,546.022370,541.522563,543.464170,509.179566,41520134.000000
2021-11-17,543.740873,546.769573,537.694715,540.196359,506.117906,36842265.000000
2021-11-18,538.844838,540.449897,536.452959,537.747785,503.823801,95541272.000000
2021-11-19,538.814858,539.963811,534.987038,535.952332,502.141615,60565278.000000
2021-11-22,536.399369,536.760591,534.964672,535.475097,501.694486,42944024.000000
2021-11-23,535.772629,544.154495,531.919832,541.298143,507.150183,39394872.000000
2021-11-24,541.870068,543.159438,540.804047,542.584489,508.355380,63663934.000000
2021-11-25,541.415047,543.363642,537.565588,539.908399,505.848112,104332194.000000
2021-11-26,540.445474,542.251063,537.780193,539.090713,505.082010,51809061.000000
2021-11-29,538.896325,541.260678,538.298007,539.731557,505.682426,78244381.000000
2021-11-30,539.815504,546.762889,538.160710,545.168944,510.776793,81745041.000000
2021-12-01,545.871251,548.512986,541.630941,542.548966,508.322098,31445333.000000
2021-12-02,542.929202,545.242036,540.957994,544.403930,510.060041,48037838.000000
2021-12-03,543.387731,543.885405,542.349838,542.905368,508.656016,32276396.000000
2021-12-06,542.658591,545.804786,541.581029,543.908605,509.595963,56530138.000000
2021-12-07,543.922516,549.854600,539.842673,547.945884,513.378549,83104848.000000
2021-12-08,546.603296,553.502803,533.384645,534.931751,501.185418,136966342.000000
2021-12-09,534.438048,537.033067,529.210416,531.623929,498.086270,47566698.000000
2021-12-10,530.770725,531.553386,524.966077,527.023848,493.776387,62641674.000000
2021-12-13,528.423627,529.023666,525.393727,526.322898,493.119656,81590128.000000
2021-12-14,524.232319,525.040435,519.176016,521.381536,488.490021,91909134.000000
2021-12-15,518.888892,523.291629,518.273466,521.707969,488.795862,74876906.000000
2021-12-16,524.101494,530.784669,519.365590,527.368006,494.098833,37673510.000000
2021-12-17,526.899208,528.494130,524.287413,524.965796,491.848167,34519050.000000
2021-12-20,524.718229,525.349238,522.652396,524.334174,491.256391,49322348.000000
2021-12-21,523.528211,524.556911,519.741008,520.996893,490.582557,57653502.000000
2021-12-22,524.267752,533.681660,521.399864,531.200294,500.190311,79206612.000000
2021-12-23,533.406374,533.999514,530.607545,531.446184,500.421848,84638818.000000
2021-12-24,532.177472,532.829613,528.931650,530.369775,499.408276,51661554.000000
2021-12-27,527.979665,529.227167,523.778239,525.233742,494.572071,64782978.000000
2021-12-28,525.864037,527.964667,524.856754,527.167849,496.393270,72661671.000000
2021-12-29,529.399911,544.281618,524.566205,537.034354,505.683796,132499551.000000
2021-12-30,537.547250,539.110109,533.820525,535.846855,504.565619,51568682.000000
2021-12-31,531.970779,533.205983,529.645322,531.142900,500.136268,39974377.000000
2022-01-03,530.550732,533.604803,528.322757,532.791572,501.688695,52374564.000000
2022-01-04,531.458798,534.395902,528.444313,529.397034,498.492321,40498990.000000
2022-01-05,530.714343,535.958079,527.588989,533.965513,502.794105,86849358.000000
2022-01-06,532.163464,533.994192,530.703806,532.292514,501.218771,41372335.000000
2022-01-07,530.125220,531.167321,524.688871,526.680406,495.934283,83273704.000000
2022-01-10,525.574355,526.244456,525.152598,525.785723,495.091829,43453321.000000
2022-01-11,526.740872,529.816468,526.042837,528.581560,497.724452,47293182.000000
2022-01-12,531.020947,542.940549,524.527850,538.210489,506.791272,142651281.000000
2022-01-13,539.275670,542.148446,533.746776,534.497859,503.295374,60768003.000000
2022-01-14,534.246532,537.730111,527.304019,530.864642,499.874254,56593523.000000
2022-01-17,531.588429,538.505148,527.916659,535.237292,503.991641,81019416.000000
2022-01-18,534.574295,539.954357,532.384150,538.493121,507.057404,54403798.000000
2022-01-19,542.487757,552.568627,540.246522,547.295491,515.345917,78373256.000000
2022-01-20,542.772229,545.531565,534.969563,539.125093,507.652483,84215417.000000
2022-01-21,539.210127,541.428853,532.968087,535.827052,504.546972,45571309.000000
2022-01-24,536.497328,542.102376,534.040932,539.920124,508.401103,103846600.000000
2022-01-25,538.858249,541.319244,536.001667,538.179824,506.762396,62930360.000000
2022-01-26,540.301582,553.887607,534.332837,548.037801,516.044893,113797500.000000
2022-01-27,545.978941,549.275509,540.464968,543.348678,511.629507,55561576.000000
2022-01-28,542.334811,546.352534,541.445395,545.202958,513.375540,53797931.000000
2022-01-31,547.497375,548.037948,543.633329,544.848273,513.041560,51401484.000000
2022-02-01,545.442624,549.027012,544.441343,547.243661,515.297112,32922912.000000
2022-02-02,549.040177,551.297765,546.625045,548.143947,516.144842,32775372.000000
2022-02-03,547.672355,549.273602,541.812990,544.391969,512.611894,37950801.000000
2022-02-04,544.039208,544.512507,541.052301,542.149685,510.500508,44166855.000000
2022-02-07,543.456788,552.321196,540.003658,548.465998,516.448092,43806083.000000
2022-02-08,549.680323,551.112721,547.320806,547.837514,515.856298,63106666.000000
2022-02-09,548.943842,553.913540,546.675956,552.315617,520.072982,64730945.000000
2022-02-10,553.094844,555.234406,551.404085,554.300121,521.941636,73284322.000000
2022-02-11,553.629288,555.795706,551.371446,553.664043,521.342690,53687368.000000
2022-02-14,552.582556,555.675437,545.972563,547.615001,515.646774,82942245.000000
2022-02-15,546.287875,548.216404,545.609495,546.916744,514.989280,68166628.000000
2022-02-16,548.257244,549.006129,542.534953,544.076265,512.314620,44177824.000000
2022-02-17,541.321351,542.819038,530.077860,535.287599,504.039011,78711695.000000
2022-02-18,534.347821,536.044253,533.543065,534.095627,502.916624,67672348.000000
2022-02-21,531.429568,532.525315,523.788109,526.678963,495.932923,106603157.000000
2022-02-22,524.699197,527.083126,523.788179,525.569658,494.888377,40022583.000000
2022-02-23,525.340077,525.823685,523.732284,524.226471,493.623602,21849539.000000
2022-02-24,523.484021,526.868786,519.364756,520.786509,490.384454,53873978.000000
2022-02-25,521.342056,522.556949,520.498805,521.856057,491.391565,73014951.000000
2022-02-28,522.749077,523.905967,521.656030,522.332275,491.839983,32440121.000000
2022-03-01,521.570389,523.771541,518.823103,519.823343,489.477516,47816521.000000
2022-03-02,518.356638,520.854195,508.304553,512.292936,482.386712,39771020.000000
2022-03-03,511.191022,512.287670,509.282245,510.332933,480.541129,35258621.000000
2022-03-04,512.818080,516.735722,509.737912,514.379839,484.351787,39367326.000000
2022-03-07,515.790552,517.737840,514.115414,516.978841,486.799067,54210562.000000
2022-03-08,515.989697,519.843696,504.832863,508.319516,478.645249,87184059.000000
2022-03-09,509.097103,509.849294,507.482427,508.368923,478.691772,75484678.000000
2022-03-10,508.028573,511.995331,506.570349,509.688438,479.934258,84879623.000000
2022-03-11,510.370039,511.151072,508.510027,510.594969,480.787868,64208722.000000
2022-03-14,509.167541,511.400429,502.027825,505.584693,476.070078,143935262.000000
2022-03-15,506.689518,510.479054,506.159954,508.521556,478.835495,95914880.000000
2022-03-16,508.227974,508.709966,507.070037,508.221279,478.552747,39827836.000000
2022-03-17,506.870535,507.998331,505.339326,505.994682,476.456133,83979449.000000
2022-03-18,507.401486,510.536368,506.107944,507.291328,480.077471,39780474.000000
2022-03-21,508.232625,508.604304,506.438031,507.309866,480.095015,48440510.000000
2022-03-22,506.454686,508.016741,504.149825,506.035798,478.889295,59515961.000000
2022-03-23,502.293100,503.373333,498.714165,501.654656,474.743181,87811575.000000
2022-03-24,502.717360,503.856373,500.543867,501.665866,474.753790,38932704.000000
2022-03-25,501.976399,503.029616,495.435176,498.229720,471.501977,57252591.000000
2022-03-28,498.543989,499.764057,494.323830,496.400803,469.771174,50041027.000000
2022-03-29,498.178422,500.239091,496.624023,498.692389,471.939827,83663088.000000
2022-03-30,499.942429,509.070992,497.753840,506.055584,478.908019,41601599.000000
2022-03-31,505.731912,509.880130,504.368220,507.930780,480.682620,54248791.000000
2022-04-01,511.942605,519.412625,507.037753,516.151339,488.462184,29175969.000000
2022-04-04,517.107706,518.082830,514.793612,515.392936,487.744465,34059797.000000
2022-04-05,515.586651,518.314149,509.789905,510.620148,483.227715,31346719.000000
2022-04-06,510.203892,515.946130,508.375751,514.643951,487.035660,70356800.000000
2022-04-07,517.594433,524.527391,516.212036,522.656905,494.618756,72604253.000000
2022-04-08,519.842486,523.329744,516.860101,518.007415,490.218689,80096233.000000
2022-04-11,518.463658,529.324100,517.164465,527.671377,499.364224,89785858.000000
2022-04-12,527.473041,529.197244,525.643468,528.416422,500.069301,49260926.000000
2022-04-13,526.772684,529.570620,525.584900,528.609085,500.251629,50831213.000000
2022-04-14,528.203504,531.352894,522.302117,524.963793,496.801890,64369949.000000
2022-04-15,526.953922,533.241169,525.656578,530.424708,501.969851,76262371.000000
2022-04-18,530.867766,535.253408,527.115629,534.137515,505.483484,99048351.000000
2022-04-19,535.168083,545.795133,533.226986,544.237888,515.042018,84884633.000000
2022-04-20,541.330609,545.605401,531.862796,536.545854,507.762626,62487408.000000
2022-04-21,538.890378,541.663198,537.252609,540.927616,511.909327,39156979.000000
2022-04-22,541.815589,550.694703,537.997169,547.824481,518.436206,94235635.000000
2022-04-25,548.477103,550.461372,544.390951,545.748714,516.471795,49769237.000000
2022-04-26,543.783733,544.690727,539.886739,540.937385,511.918571,69400313.000000
2022-04-27,542.932611,546.766090,540.982052,545.255004,516.004570,67185133.000000
2022-04-28,546.365235,546.899280,543.823261,545.013519,515.776040,101477713.000000
2022-04-29,546.479662,548.227134,541.938312,542.553930,513.448396,54471259.000000
2022-05-02,544.964490,548.500959,542.382556,546.226815,516.924248,71078616.000000
2022-05-03,546.267222,555.925827,542.507855,554.424880,524.682524,55950719.000000
2022-05-04,552.314150,555.563873,546.389342,548.272058,518.859773,73885082.000000
2022-05-05,548.069617,553.845417,544.682921,552.749587,523.097103,61765528.000000
2022-05-06,552.580281,554.212980,548.493937,549.190905,519.729328,70454716.000000
2022-05-09,548.851232,551.156520,548.164437,549.621976,520.137274,49432852.000000
2022-05-10,549.241826,550.315425,547.218296,548.341761,518.925737,43792022.000000
2022-05-11,547.628563,549.988883,544.153003,544.966856,515.731880,72633773.000000
2022-05-12,544.229500,546.099762,541.779341,542.617232,513.508303,59068830.000000
2022-05-13,541.406524,547.662786,538.882708,545.531507,516.266240,45771812.000000
2022-05-16,544.997769,547.738240,544.408148,546.460777,517.145659,63967306.000000
2022-05-17,547.478886,552.497634,545.925172,550.147110,520.634237,70447676.000000
2022-05-18,554.265086,554.810395,549.417969,550.126322,520.614564,51660451.000000
2022-05-19,549.715846,550.480251,548.319571,548.846709,519.403597,96299080.000000
2022-05-20,548.493293,549.063040,547.627087,548.272799,518.860474,56400090.000000
2022-05-23,549.052780,549.931962,547.118314,547.897782,518.505575,51350053.000000
2022-05-24,547.501259,550.353698,542.002118,543.168375,514.029879,56318998.000000
2022-05-25,544.732099,546.840274,543.060690,546.240404,516.937108,49162327.000000
2022-05-26,544.447399,546.663860,542.370144,544.081213,514.893748,32302734.000000
2022-05-27,542.699238,545.918261,541.266468,544.406301,515.201396,31590840.000000
2022-05-30,543.630157,545.100130,542.057680,542.720144,513.605694,55554224.000000
2022-05-31,541.541117,544.184546,533.176494,537.336644,508.510994,124531661.000000
2022-06-01,538.243126,542.978132,537.270884,539.789230,510.832010,86969731.000000
2022-06-02,539.649671,540.965778,538.566044,539.293676,510.363040,79055021.000000
2022-06-03,540.177475,541.098735,537.770235,539.073364,510.154547,64326274.000000
2022-06-06,539.583874,540.614402,537.219822,539.105855,510.185295,41488267.000000
2022-06-07,537.829363,539.591142,536.931388,538.658589,509.762023,75775574.000000
2022-06-08,537.153738,537.669849,534.930293,536.430881,507.653821,69026312.000000
2022-06-09,535.723008,543.728074,533.609339,541.118613,512.090077,48811598.000000
2022-06-10,541.051383,542.210362,540.132240,541.616129,512.560904,43545367.000000
2022-06-13,542.310498,543.568171,538.640351,540.914299,511.896724,46963492.000000
2022-06-14,539.938267,542.167079,539.399891,540.201913,511.222555,54648796.000000
2022-06-15,540.638974,541.761183,531.796716,534.285757,508.164596,57947308.000000
2022-06-16,534.164725,540.429514,531.097877,538.791715,512.450258,113803364.000000
2022-06-17,535.972382,536.937581,532.137222,535.267834,509.098660,42021963.000000
2022-06-20,534.414656,536.163837,531.945263,533.431758,507.352349,78075673.000000
2022-06-21,532.323395,536.655908,531.354837,534.600590,508.464037,50089819.000000
2022-06-22,534.524879,541.164780,532.093096,539.497304,513.121351,87362989.000000
2022-06-23,537.150878,541.892529,526.895538,529.729074,503.830689,75596419.000000
2022-06-24,531.650814,532.025013,527.869609,529.270994,503.395004,43509895.000000
2022-06-27,528.190501,531.089876,523.320260,525.798837,500.092601,74497759.000000
2022-06-28,526.487102,533.725192,525.319539,532.344201,506.317963,79729266.000000
2022-06-29,530.382225,532.285168,519.029820,524.236247,498.606405,58983359.000000
2022-06-30,525.580285,529.939857,524.827534,528.618946,502.774835,45638306.000000
2022-07-01,528.655623,534.481804,525.216172,531.396186,505.416296,88402667.000000
2022-07-04,530.029798,532.545681,522.091265,524.212376,498.583701,39762050.000000
2022-07-05,522.813915,525.167130,513.849561,515.597380,490.389891,61550638.000000
2022-07-06,515.885206,519.048543,514.626287,517.078590,491.798685,33270227.000000
2022-07-07,515.958537,517.912320,509.064328,512.141724,487.103182,64789239.000000
2022-07-08,511.257963,513.527797,510.789286,512.925321,487.848469,60489061.000000
2022-07-11,512.795572,513.165097,511.492101,512.059422,487.024904,54968689.000000
2022-07-12,512.320875,512.987621,508.075720,509.641835,484.725513,52845767.000000
2022-07-13,509.101729,509.873118,506.972664,508.412495,483.556275,38600651.000000
2022-07-14,507.895253,513.233323,505.994455,511.951960,486.922695,53632250.000000
2022-07-15,512.069250,513.077842,510.654642,511.855985,486.831413,58937942.000000
2022-07-18,512.121688,519.163077,510.656341,516.616630,491.359310,60736421.000000
2022-07-19,517.541027,528.622545,514.435317,524.284018,498.651841,49887076.000000
2022-07-20,524.183306,525.982671,523.084417,524.738689,499.084283,44258979.000000
2022-07-21,522.924576,526.143308,519.662055,521.290138,495.804331,42672032.000000
2022-07-22,521.088804,523.617954,510.286787,514.335281,489.189496,63949462.000000
2022-07-25,513.115321,516.427824,511.917177,514.918789,489.744477,43206615.000000
2022-07-26,514.083113,514.534286,512.401344,512.942982,487.865267,39293464.000000
2022-07-27,512.020684,514.214699,508.050003,509.780381,484.857285,77048394.000000
2022-07-28,509.687404,510.175298,507.585621,508.481924,483.622309,35786124.000000
2022-07-29,509.339435,511.436902,503.630076,505.296003,480.592147,44994913.000000
2022-08-01,505.221319,508.493836,499.134508,502.133298,477.584066,69162757.000000
2022-08-02,502.917810,504.831953,500.879080,503.019531,478.426972,57281358.000000
2022-08-03,503.635134,503.972806,502.421767,503.422013,478.809777,47655578.000000
2022-08-04,501.230146,502.629680,499.039885,501.235003,476.729689,77920276.000000
2022-08-05,501.887397,502.555454,499.903664,500.784093,476.300824,62983131.000000
2022-08-08,500.350249,501.777451,499.534672,499.957217,475.514374,32992120.000000
2022-08-09,499.818846,502.305973,497.656694,500.843903,476.357710,44580386.000000
2022-08-10,499.739329,502.636551,497.874083,498.721836,474.339391,45548762.000000
2022-08-11,498.207737,501.561622,491.770934,493.600809,469.468730,61474936.000000
2022-08-12,496.451957,497.683846,495.795000,497.093321,472.790494,71297748.000000
2022-08-15,496.779996,500.152317,495.144137,498.173556,473.817916,83742181.000000
2022-08-16,496.437667,498.213224,492.524783,495.513564,471.287971,85251408.000000
2022-08-17,495.289277,496.082268,494.266834,495.168375,470.959658,63204873.000000
2022-08-18,492.832264,493.496030,490.106818,492.374308,468.302193,63919672.000000
2022-08-19,491.682005,493.856850,486.649795,489.040245,465.131131,91014707.000000
2022-08-22,489.267900,490.414896,486.368860,488.080102,464.217930,67697574.000000
2022-08-23,489.017879,495.336952,486.201828,493.703533,469.566432,50824391.000000
2022-08-24,492.917831,494.170473,489.913658,490.926630,466.925291,89413675.000000
2022-08-25,489.122838,490.006721,487.675469,488.606239,464.718344,59942229.000000
2022-08-26,486.769008,488.775375,485.786058,488.084369,464.221988,51467172.000000
2022-08-29,490.024092,490.594301,487.915648,488.859931,464.959633,55527997.000000
2022-08-30,490.243123,490.704547,487.244018,488.105004,464.241614,35946045.000000
2022-08-31,488.160528,489.786330,486.668867,489.297225,465.375548,72350496.000000
2022-09-01,489.201679,491.887746,487.180617,490.923310,466.922134,43719320.000000
2022-09-02,490.821638,493.909138,479.640739,483.814356,460.160735,91428479.000000
2022-09-05,484.429264,484.790386,482.980250,483.977668,460.316063,75390423.000000
2022-09-06,484.599039,485.487469,479.603748,481.378886,457.844335,93912345.000000
2022-09-07,483.094693,485.487344,480.441912,483.858386,460.202612,74204473.000000
2022-09-08,486.000360,488.841976,483.279295,486.636937,462.845321,86448757.000000
2022-09-09,485.115026,488.534410,484.787924,487.213806,463.393987,51357173.000000
2022-09-12,486.439694,490.163374,485.849487,487.847125,466.327983,65563600.000000
2022-09-13,487.002140,490.241661,485.639179,489.230212,467.650061,38114783.000000
2022-09-14,491.998738,495.749677,488.912868,493.275880,471.517273,62385814.000000
2022-09-15,491.314445,494.129264,486.814115,488.999958,467.429964,84812911.000000
2022-09-16,487.828348,489.846491,482.187135,484.251394,462.890861,56728077.000000
2022-09-19,484.874313,487.224321,484.335224,486.658558,465.191843,45058763.000000
2022-09-20,486.940817,487.852336,482.621260,484.535515,463.162449,45104236.000000
2022-09-21,485.569788,488.766550,483.422388,488.058747,466.530270,33043073.000000
2022-09-22,488.509596,490.726979,484.401058,485.671243,464.248080,46759376.000000
2022-09-23,486.633402,488.204131,482.031353,483.535576,462.206618,55030403.000000
2022-09-26,482.274249,484.554705,479.271588,480.753425,459.547188,68265926.000000
2022-09-27,484.404328,486.870527,481.397057,485.621915,464.200928,52377962.000000
2022-09-28,487.291680,487.988138,483.800812,485.375071,463.964972,80198756.000000
2022-09-29,486.290740,488.835789,484.086523,487.749816,466.234966,87963556.000000
2022-09-30,487.502894,489.934622,482.533505,484.902925,463.513653,55927901.000000
2022-10-03,484.734537,485.562315,483.783613,484.359878,462.994559,41286486.000000
2022-10-04,486.343205,489.451923,483.325187,488.775116,467.215039,74056512.000000
2022-10-05,486.051441,488.426175,481.308448,483.550761,462.221133,80047177.000000
2022-10-06,482.588960,484.651142,477.186381,479.880052,458.712340,82522162.000000
2022-10-07,480.369999,485.635715,479.159391,483.357625,462.036516,39641014.000000
2022-10-10,482.058401,484.310928,479.963669,482.131090,460.864084,106883374.000000
2022-10-11,482.872157,484.117087,478.376966,479.066460,457.934637,88150837.000000
2022-10-12,478.582903,479.235601,476.879640,477.414637,456.355676,44771023.000000
2022-10-13,480.243440,495.258760,477.623728,489.863937,468.255832,140547039.000000
2022-10-14,487.845440,489.573824,485.079085,487.080639,465.595306,38773816.000000
2022-10-17,486.331297,487.424174,475.487719,479.089109,457.956286,62515043.000000
2022-10-18,478.844354,481.590509,474.225817,476.670943,455.644787,38502171.000000
2022-10-19,475.245437,479.160579,468.189110,470.592587,449.834550,71715898.000000
2022-10-20,471.455420,473.573146,469.471979,472.416037,451.577566,52825310.000000
2022-10-21,472.527535,476.140705,470.168288,475.112573,454.155157,68604016.000000
2022-10-24,474.890618,475.842385,473.783849,474.796460,453.852988,44502011.000000
2022-10-25,474.143610,475.574628,471.117348,472.995862,452.131815,50813612.000000
2022-10-26,475.215645,479.528166,472.559112,478.356536,457.256028,63642305.000000
2022-10-27,479.156696,486.422108,475.541678,483.943256,462.596315,75807753.000000
2022-10-28,483.079406,486.359540,477.453833,479.310624,458.168030,66900579.000000
2022-10-31,482.489227,485.982320,480.737231,483.393506,462.070815,45471860.000000
2022-11-01,484.376195,485.330794,481.646117,483.468002,462.142024,61937277.000000
2022-11-02,486.197642,487.990661,483.842442,486.813683,465.340126,80983500.000000
2022-11-03,487.359119,493.793217,485.198770,490.787939,469.139076,70263030.000000
2022-11-04,488.520126,489.817893,479.977555,483.514265,462.186247,63415038.000000
2022-11-07,481.356492,485.057956,474.467079,477.722773,456.650220,53739726.000000
2022-11-08,479.330646,480.001059,477.069578,477.436342,456.376423,101475807.000000
2022-11-09,475.029355,477.647248,460.452417,466.544811,445.965323,68040215.000000
2022-11-10,466.846779,473.096440,465.664777,469.985733,449.254464,42888036.000000
2022-11-11,470.201600,470.651795,468.537614,469.794474,449.071642,23423137.000000
2022-11-14,469.709331,472.071495,468.753252,470.815909,450.048021,48315117.000000
2022-11-15,467.440966,469.276462,458.158364,460.379613,440.072074,65043572.000000
2022-11-16,459.515181,461.202722,456.955263,458.537657,438.311367,33037078.000000
2022-11-17,459.610016,462.779020,458.011594,461.806779,441.436287,64978020.000000
2022-11-18,460.906681,462.122959,458.562464,460.250902,439.949041,76708255.000000
2022-11-21,457.823084,459.440837,444.901694,448.936023,429.133266,72662754.000000
2022-11-22,448.201490,449.116919,442.194107,444.086409,424.497570,74233554.000000
2022-11-23,443.086804,444.264753,439.166948,441.475881,422.002193,63040165.000000
2022-11-24,441.503183,443.031611,438.308822,440.095329,420.682538,32942386.000000
2022-11-25,442.189057,452.132694,438.210670,447.518489,427.778260,86681022.000000
2022-11-28,447.615707,449.892054,442.414374,444.808246,425.187567,48797339.000000
2022-11-29,446.707221,451.124658,443.273790,450.201685,430.343099,49661152.000000
2022-11-30,451.085829,457.630511,448.864825,454.712292,434.654741,46519346.000000
2022-12-01,454.429255,455.196158,453.573792,454.799781,434.738371,67150432.000000
2022-12-02,453.317852,454.111601,451.079094,453.589744,433.581710,46633636.000000
2022-12-05,453.021844,455.676350,446.386522,449.368281,429.546457,55222155.000000
2022-12-06,449.921784,452.833717,448.027829,451.577872,431.658582,37517421.000000
2022-12-07,449.543420,454.137620,447.883881,452.687451,432.719217,74659455.000000
2022-12-08,453.906695,456.533182,450.860064,453.470818,435.646260,45626034.000000
2022-12-09,455.766337,459.877328,453.849031,458.028786,440.025068,56466092.000000
2022-12-12,455.840641,457.204101,450.156703,453.272798,435.456024,33236146.000000
2022-12-13,454.450357,455.980974,452.691512,455.145138,437.254768,57085892.000000
2022-12-14,455.454142,463.408786,453.445342,460.892482,442.776201,50209679.000000
2022-12-15,460.755189,461.602334,458.796507,460.171079,442.083154,47790539.000000
2022-12-16,460.969940,462.523066,456.130334,457.136469,439.167826,44668903.000000
2022-12-19,459.305405,464.046708,456.455792,461.110857,442.985993,71709649.000000
2022-12-20,460.240374,461.740451,456.223123,458.103354,440.096705,60094677.000000
2022-12-21,459.879823,460.768217,458.004042,460.093932,442.009039,46983277.000000
2022-12-22,460.141329,461.906427,458.351199,461.363312,443.228525,72971158.000000
2022-12-23,461.167476,462.100709,460.868754,461.102788,442.978240,96684428.000000
2022-12-26,462.122487,463.818208,458.490108,459.249497,441.197797,37514667.000000
2022-12-27,459.672571,464.066556,458.222721,462.472154,444.293782,60175763.000000
2022-12-28,459.951218,462.413555,457.566704,459.404730,441.346928,79961857.000000
2022-12-29,459.115866,461.506176,457.194423,460.507027,442.405897,33658993.000000
2022-12-30,460.328147,461.067709,459.740010,460.147243,442.060256,32846329.000000
2023-01-02,465.220463,483.271960,463.241367,475.896550,457.190505,133524615.000000
2023-01-03,474.745577,480.033437,473.360631,477.994702,459.206185,70017761.000000
2023-01-04,477.085644,479.026359,476.007213,478.618059,459.805040,55668777.000000
2023-01-05,477.851122,479.639089,475.806566,476.380869,457.655787,36332785.000000
2023-01-06,479.277394,492.926568,473.326093,486.435849,467.315536,73197390.000000
2023-01-09,486.203316,486.734077,485.459503,486.270709,467.156888,53133344.000000
2023-01-10,486.985721,492.673730,485.700273,489.506560,470.265547,100382506.000000
2023-01-11,491.127681,499.805327,486.522645,496.555479,477.037394,54309029.000000
2023-01-12,494.779113,495.465836,490.440194,492.764260,473.395196,96830248.000000
2023-01-13,492.129327,494.395511,484.739478,488.026315,468.843486,88803804.000000
2023-01-16,489.450763,492.742462,488.757614,491.636832,472.312084,63684114.000000
2023-01-17,492.062980,494.692476,486.326531,488.452314,469.252740,57358640.000000
2023-01-18,485.263830,488.552123,484.050399,486.790002,467.655769,90266461.000000
2023-01-19,486.053691,489.425765,485.538446,487.759133,468.586806,75717522.000000
2023-01-20,489.143281,495.987150,487.612271,492.973331,473.596050,54255087.000000
2023-01-23,494.605584,500.701168,491.663360,498.894649,479.284618,98868079.000000
2023-01-24,500.451112,505.133415,497.302212,502.266408,482.523844,54792992.000000
2023-01-25,502.863494,504.902899,501.388972,503.584590,483.790212,66489589.000000
2023-01-26,502.971629,505.849859,496.872063,499.477876,479.844921,41572250.000000
2023-01-27,500.052428,501.376453,497.980343,499.095601,479.477672,61661286.000000
2023-01-30,502.189011,510.381623,498.576334,506.455013,486.547808,91074447.000000
2023-01-31,506.366361,510.647021,505.127776,509.500467,489.473554,35386535.000000
2023-02-01,510.925560,511.847507,506.273404,507.981514,488.014307,43355798.000000
2023-02-02,509.446455,512.539319,508.862661,510.745779,490.669917,114598675.000000
2023-02-03,511.607362,517.522848,508.181459,515.542183,495.277789,53881636.000000
2023-02-06,515.737621,520.318546,514.007362,518.154446,497.787371,67576468.000000
2023-02-07,514.748337,516.325547,512.271231,514.124470,493.915802,101181904.000000
2023-02-08,515.276729,522.190022,513.163231,519.297829,498.885812,39710658.000000
2023-02-09,518.697262,521.810233,517.017745,520.361610,499.907779,35029431.000000
2023-02-10,521.422040,523.595632,519.171297,523.061714,502.501750,50301886.000000
2023-02-13,521.067379,523.208652,517.801427,518.750479,498.359976,47332541.000000
2023-02-14,518.215088,523.629534,516.061451,521.660752,501.155856,31596754.000000
2023-02-15,521.063184,523.885200,515.207980,517.603341,497.257929,64533297.000000
2023-02-16,517.483047,519.846423,515.826258,518.616312,498.231083,42114045.000000
2023-02-17,518.400204,524.551686,516.725452,521.471968,500.974492,49238306.000000
2023-02-20,523.681839,525.309109,521.936423,522.738451,502.191193,46043570.000000
2023-02-21,523.824251,528.730981,520.161595,527.699663,506.957395,67559192.000000
2023-02-22,529.701445,538.046748,526.057782,535.594794,514.542193,70277678.000000
2023-02-23,536.990696,538.058650,534.310649,535.913688,514.848552,86793899.000000
2023-02-24,537.081748,537.918372,534.327922,535.002733,513.973404,51104724.000000
2023-02-27,533.728857,536.717288,531.052730,532.154319,511.236952,53176078.000000
2023-02-28,531.792271,533.473481,528.893483,530.133400,509.295469,50856306.000000
2023-03-01,531.881448,533.641611,530.155914,532.217590,511.297736,53938960.000000
2023-03-02,532.817943,534.082686,531.163056,532.336902,511.412358,55662039.000000
2023-03-03,531.888918,534.628286,530.559070,532.854382,511.909498,40679752.000000
2023-03-06,531.979187,534.024353,529.580029,531.037413,510.163949,62449589.000000
2023-03-07,530.091727,532.084293,523.338050,524.344555,506.265494,34149048.000000
2023-03-08,525.121255,527.385276,523.905036,526.074669,507.935954,60450780.000000
2023-03-09,529.122432,533.816044,527.606863,531.688774,513.356489,72555945.000000
2023-03-10,533.647031,534.582480,532.951675,533.876654,515.468933,76208220.000000
2023-03-13,533.097698,534.614544,527.287385,529.840068,511.571525,82223364.000000
2023-03-14,529.797397,531.949034,529.212215,530.448549,512.159026,38288865.000000
2023-03-15,530.597814,531.090036,530.096279,530.645158,512.348856,77805820.000000
2023-03-16,530.070273,534.839996,529.276090,533.635982,515.236559,61752171.000000
2023-03-17,535.015537,539.670811,534.077211,536.841615,518.331663,64250824.000000
2023-03-20,537.232004,541.429747,535.397218,539.222296,520.630260,75561240.000000
2023-03-21,541.744230,548.217362,538.560879,544.918688,526.130244,75845733.000000
2023-03-22,543.456228,545.115683,540.928154,542.682845,523.971492,84451923.000000
2023-03-23,541.574494,543.338528,540.352689,541.760687,523.081129,76418395.000000
2023-03-24,541.196815,542.169473,539.092199,540.287631,521.658863,36964421.000000
2023-03-27,540.570815,544.486320,539.819116,542.205594,523.510696,71709706.000000
2023-03-28,541.957274,544.957429,535.348665,538.362351,519.799966,81311520.000000
2023-03-29,538.095623,539.208271,536.667744,537.770142,519.228176,61998823.000000
2023-03-30,537.584146,543.118207,535.750837,540.521826,521.884983,112968988.000000
2023-03-31,539.223066,542.111489,538.646599,540.758939,522.113921,50690111.000000
2023-04-03,542.987355,544.544624,540.910941,542.212858,523.517709,59338166.000000
2023-04-04,542.902624,545.774201,541.187011,544.682707,525.902400,56802765.000000
2023-04-05,545.827412,546.856006,543.045285,543.522435,524.782133,25625231.000000
2023-04-06,543.618165,548.936417,541.895748,546.899041,528.042316,54806747.000000
2023-04-07,546.816532,548.079613,543.521462,545.303514,526.501801,87806924.000000
2023-04-10,547.894365,549.308649,546.205515,547.086104,528.222929,83596327.000000
2023-04-11,548.402405,551.049255,541.766182,543.670701,524.925287,73838473.000000
2023-04-12,543.292462,546.458177,541.619080,544.692636,525.911987,27320997.000000
2023-04-13,544.597952,552.570979,542.930872,551.068932,532.068431,52394219.000000
2023-04-14,552.361199,555.301375,549.571961,553.290390,534.213296,74894427.000000
2023-04-17,552.666274,554.176113,551.767186,553.193988,534.120217,68643523.000000
2023-04-18,553.183561,555.227140,550.321143,550.920270,531.924895,56585485.000000
2023-04-19,549.803923,552.397818,548.865496,551.189802,532.185134,33054422.000000
2023-04-20,553.547580,557.654654,551.107337,555.508613,536.355035,50180539.000000
2023-04-21,553.304130,555.637043,550.683911,552.546298,533.494859,58809655.000000
2023-04-24,553.228029,556.994636,551.352950,554.732400,535.605586,51476022.000000
2023-04-25,554.574195,556.079187,549.726085,551.553021,532.535830,61682774.000000
2023-04-26,550.315356,551.228393,547.794304,549.791394,530.834942,60688178.000000
2023-04-27,551.245648,553.243796,548.437509,550.507749,531.526598,45516607.000000
2023-04-28,552.542760,558.956514,549.341707,555.891885,536.725093,99409252.000000
2023-05-01,553.925586,559.303499,543.741842,548.616977,529.701019,40821823.000000
2023-05-02,548.918863,549.704851,547.889287,549.328722,530.388223,68737233.000000
2023-05-03,547.691103,548.709506,546.530673,547.399062,528.525096,66409298.000000
2023-05-04,549.677896,556.656539,545.820562,553.326916,534.248562,76521247.000000
2023-05-05,553.288630,554.940069,546.063448,549.369556,530.427649,64223634.000000
2023-05-08,550.656855,551.094301,548.260367,549.191216,530.255458,47344536.000000
2023-05-09,547.340856,548.616595,544.840089,545.561869,526.751249,54493376.000000
2023-05-10,544.831663,546.632305,544.329289,545.717066,526.901094,69011029.000000
2023-05-11,547.319947,548.942173,546.654136,547.453269,528.577435,66824129.000000
2023-05-12,547.410879,549.466366,546.356425,548.253609,529.350179,51943883.000000
2023-05-15,548.381454,552.323841,547.782107,551.221961,532.216185,46409892.000000
2023-05-16,547.666149,551.628670,545.499967,547.902477,529.011154,35050551.000000
2023-05-17,546.030175,546.905710,543.726147,545.093353,526.298887,78708350.000000
2023-05-18,547.956771,552.790372,546.570551,550.309977,531.335645,56209765.000000
2023-05-19,551.177181,551.924554,547.141934,548.967056,530.039027,41259702.000000
2023-05-22,549.953421,550.962121,547.155816,548.180185,529.279287,48849866.000000
2023-05-23,548.230622,550.104819,547.499030,548.729518,529.809679,90736239.000000
2023-05-24,547.209052,549.347821,540.455003,543.396319,524.660365,65545681.000000
2023-05-25,542.491995,543.965102,541.395927,542.588112,523.880025,70417823.000000
2023-05-26,543.869972,546.501597,541.509757,544.829979,526.044593,71832779.000000
2023-05-29,544.931020,545.736148,544.576056,545.270511,526.469936,64697748.000000
2023-05-30,547.319809,548.338648,545.249389,546.243654,527.409526,36437015.000000
2023-05-31,546.149730,547.502584,545.111062,546.944140,528.085860,26055190.000000
2023-06-01,546.031152,548.245340,541.377538,544.144797,525.383037,46251331.000000
2023-06-02,544.709984,551.733500,540.827733,549.467418,533.188077,67915950.000000
2023-06-05,551.029512,552.347501,546.591878,547.527760,531.305887,68131842.000000
2023-06-06,548.613191,551.920728,547.117001,550.265622,533.962632,48830578.000000
2023-06-07,548.922085,550.295002,547.712426,548.885714,532.623607,70097544.000000
2023-06-08,549.617038,550.261113,546.223848,547.719209,531.491663,49391262.000000
2023-06-09,546.491135,551.115394,533.615041,538.351130,522.401137,99484943.000000
2023-06-12,538.779027,540.450468,537.060303,539.466265,523.483234,60508466.000000
2023-06-13,540.410473,540.998374,538.711686,539.792531,523.799833,55843783.000000
2023-06-14,536.319942,539.421810,534.021779,537.862310,521.926800,56899139.000000
2023-06-15,537.159429,538.557731,535.894226,538.073472,522.131705,36016588.000000
2023-06-16,537.276398,540.155524,534.190765,535.052260,519.200004,48976256.000000
2023-06-19,538.122152,541.903499,537.297701,539.037749,523.067413,83429190.000000
2023-06-20,541.325229,545.160884,538.259718,542.694985,526.616294,59344531.000000
2023-06-21,543.606438,545.556526,541.922070,544.413951,528.284332,55985208.000000
2023-06-22,547.075362,550.936235,544.300027,549.998032,533.702971,38525851.000000
2023-06-23,547.817331,549.778965,538.120015,542.904602,526.819701,77109884.000000
2023-06-26,543.012041,547.243014,541.014439,545.970497,529.794761,66568739.000000
2023-06-27,545.378617,546.814534,542.969345,544.528663,528.395645,22672459.000000
2023-06-28,546.585769,552.521335,543.317833,550.251335,533.948769,35689470.000000
2023-06-29,551.683931,560.483442,550.566837,557.023416,540.520209,57037956.000000
2023-06-30,556.626361,558.271375,555.245474,556.925197,540.424901,37591239.000000
2023-07-03,555.552563,557.192167,555.149977,556.962021,540.460634,54083154.000000
2023-07-04,554.088901,556.786983,547.916423,550.025417,533.729544,59003664.000000
2023-07-05,550.514230,551.249132,546.901038,548.155144,531.914683,54716222.000000
2023-07-06,550.722493,554.674022,547.495898,552.753462,536.376764,63644461.000000
2023-07-07,552.506642,555.943807,545.074479,547.188769,530.976939,53505324.000000
2023-07-10,544.776979,547.161299,534.883000,539.268258,523.291092,79299598.000000
2023-07-11,537.311428,538.838774,535.590391,536.203155,520.316801,59668141.000000
2023-07-12,535.761087,539.990682,533.865617,537.706912,521.776006,46110498.000000
2023-07-13,537.387027,539.634170,533.485215,535.319249,519.459083,46601570.000000
2023-07-14,534.133048,536.507355,532.990202,535.776911,519.903185,30258098.000000
2023-07-17,534.841828,537.693845,529.935556,532.378963,516.605910,78271394.000000
2023-07-18,532.827622,534.801105,531.980401,533.015642,517.223726,42983857.000000
2023-07-19,533.459947,541.804227,530.292183,539.369043,523.388892,50207324.000000
2023-07-20,540.715528,541.414617,539.293375,540.338021,524.329161,53021228.000000
2023-07-21,539.043907,539.895256,533.393073,535.022862,519.171477,74180821.000000
2023-07-24,533.899431,536.101442,532.536507,534.794850,518.950220,63783232.000000
2023-07-25,535.918236,536.732870,532.497793,533.495738,517.689598,79835700.000000
2023-07-26,532.468249,534.087563,531.388188,532.056543,516.293043,61611737.000000
2023-07-27,534.844280,542.229448,533.674893,538.089994,522.147737,91787882.000000
2023-07-28,537.377079,538.653449,536.745251,537.115246,521.201869,59967903.000000
2023-07-31,537.226263,537.871051,536.148075,537.374550,521.453490,38832803.000000
2023-08-01,538.620564,546.854523,535.945045,542.769962,526.689050,80960495.000000
2023-08-02,542.434666,545.458352,541.086938,541.927317,525.871371,39595035.000000
2023-08-03,539.488785,544.916180,538.311434,543.053159,526.963856,68498480.000000
2023-08-04,542.492295,544.122396,541.374977,542.377463,526.308180,39327749.000000
2023-08-07,542.427461,545.160938,534.901312,536.286118,520.397306,103938892.000000
2023-08-08,536.116560,538.647582,535.159787,536.832188,520.927198,38817485.000000
2023-08-09,536.576855,540.440098,534.518014,538.956352,522.988428,59909139.000000
2023-08-10,539.170981,541.880535,536.965438,541.078168,525.047380,35665681.000000
2023-08-11,539.763144,542.772140,536.743733,538.413057,522.461229,96422416.000000
2023-08-14,539.079130,541.232037,538.024609,540.403440,524.392642,62190528.000000
2023-08-15,540.781260,541.132192,539.726808,540.447119,524.435027,28278319.000000
2023-08-16,539.898813,541.720332,538.067895,539.658147,523.669430,60312125.000000
2023-08-17,539.008079,540.513409,538.299702,538.738961,522.777477,58848193.000000
2023-08-18,538.830278,539.738952,537.768019,538.772338,522.809866,39389715.000000
2023-08-21,538.393619,544.405162,536.773446,542.192703,526.128894,49688005.000000
2023-08-22,542.581211,544.149445,537.949129,540.169084,524.165229,56674981.000000
2023-08-23,540.896764,545.671078,539.054592,543.331632,527.234079,58437292.000000
2023-08-24,542.222276,542.940523,540.107094,540.761487,524.740081,73437279.000000
2023-08-25,539.884835,541.111831,538.622751,539.808912,523.815729,55740883.000000
2023-08-28,540.019936,543.522274,537.606727,541.563632,525.518461,55111097.000000
2023-08-29,540.656976,545.746986,538.261810,544.784940,528.644329,55267251.000000
2023-08-30,545.101899,546.300390,538.551602,540.235692,526.864185,60357376.000000
2023-08-31,540.476913,541.451445,530.878880,534.815012,521.577674,37543795.000000
2023-09-01,536.092682,541.445482,534.956310,538.641643,525.309591,55941314.000000
2023-09-04,536.134940,538.795631,534.761048,536.952383,523.662142,57943531.000000
2023-09-05,538.171449,539.547129,537.088332,538.644896,525.312763,52819632.000000
2023-09-06,540.425875,543.399466,537.981706,541.925525,528.512192,44281551.000000
2023-09-07,541.320974,543.216025,537.084797,538.365166,525.039957,63716017.000000
2023-09-08,538.158472,542.557276,536.175973,540.770234,527.385496,52201191.000000
2023-09-11,538.307721,539.891338,536.855861,538.839272,525.502328,67537867.000000
2023-09-12,537.285441,539.306108,530.623982,533.934468,520.718924,57257216.000000
2023-09-13,533.279368,538.412190,532.281679,536.229968,522.957607,74309979.000000
2023-09-14,536.351494,540.907732,533.679264,539.119575,525.775694,72729859.000000
2023-09-15,540.031528,546.615822,537.374173,544.774251,531.290409,85230636.000000
2023-09-18,545.888458,547.321841,543.485680,544.831247,531.345994,101948360.000000
2023-09-19,547.175502,549.464274,543.990134,547.504814,533.953387,51081197.000000
2023-09-20,546.509627,549.500491,542.398651,543.603278,530.148419,65482113.000000
2023-09-21,543.677085,546.532803,536.552171,539.793422,526.432861,59557442.000000
2023-09-22,539.636208,541.714868,534.967448,536.845182,523.557594,37060987.000000
2023-09-25,537.397130,538.702469,534.703623,536.702065,523.418020,37625944.000000
2023-09-26,537.401805,543.813317,535.023116,540.707206,527.324028,58935697.000000
2023-09-27,540.851761,541.407505,537.081135,538.670967,525.338189,49686418.000000
2023-09-28,537.458382,539.941982,536.934181,537.983862,524.668091,44507780.000000
2023-09-29,538.681954,540.330979,536.495607,539.150945,525.806286,42869602.000000
2023-10-02,541.032054,542.015184,539.020470,539.952482,526.587985,82833989.000000
2023-10-03,541.652691,542.330606,538.895805,540.716576,527.333166,49593795.000000
2023-10-04,540.428344,541.154293,539.371588,540.649380,527.267633,47055094.000000
2023-10-05,540.250142,542.166633,535.350539,537.604193,524.297819,35131836.000000
2023-10-06,535.750692,541.026612,533.607133,539.751853,526.392322,41672180.000000
2023-10-09,538.383585,541.784036,525.491426,531.147957,518.001383,81548125.000000
2023-10-10,530.628911,531.218259,528.221538,528.915783,515.824458,36734888.000000
2023-10-11,529.017454,534.480676,527.317631,532.233812,519.060361,41958678.000000
2023-10-12,529.834592,532.275441,517.933059,521.617672,508.706985,56461291.000000
2023-10-13,523.769224,534.662740,518.270223,530.048493,516.929132,81522967.000000
2023-10-16,530.289003,538.506392,529.025248,535.596777,522.340089,53115766.000000
2023-10-17,537.087214,541.210832,534.086944,539.978202,526.613068,40338757.000000
2023-10-18,539.590886,546.034715,536.939025,543.538357,530.085105,127331349.000000
2023-10-19,539.995829,545.792649,530.111161,535.463930,522.210530,36978390.000000
2023-10-20,535.960554,540.405466,533.524679,539.123362,525.779387,76081328.000000
2023-10-23,540.711975,541.829921,538.509381,540.335975,526.961986,68819966.000000
2023-10-24,540.533788,542.106737,539.838757,540.595725,527.215307,48555447.000000
2023-10-25,538.700049,542.017651,533.363257,535.351664,522.101043,32892234.000000
2023-10-26,538.268357,547.437914,534.904439,543.908707,530.446288,107410210.000000
2023-10-27,543.634647,544.569570,542.989603,544.217322,530.747265,30559982.000000
2023-10-30,544.312547,547.957302,542.841951,546.980511,533.442062,57606775.000000
2023-10-31,546.418530,548.081348,544.458370,545.344289,531.846338,30418032.000000
2023-11-01,546.002791,547.582284,544.293569,546.359652,532.836569,29341349.000000
2023-11-02,546.834593,550.347335,544.288225,547.778358,534.220161,55548103.000000
2023-11-03,549.649191,550.138749,545.361146,546.963672,533.425639,30139145.000000
2023-11-06,550.039844,555.015308,548.957025,551.698418,538.043194,29482861.000000
2023-11-07,550.569278,553.329295,546.593558,548.990204,535.402012,32995070.000000
2023-11-08,548.454584,555.033860,547.790006,552.496415,538.821440,50583076.000000
2023-11-09,552.175154,553.593974,544.364835,547.572106,534.019014,49865288.000000
2023-11-10,549.278502,558.561976,544.362848,554.856541,541.123150,84611139.000000
2023-11-13,556.502790,561.512832,553.967884,558.959518,545.124573,68941400.000000
2023-11-14,558.726154,559.944121,555.921845,556.444727,542.672026,81162648.000000
2023-11-15,556.234806,558.658718,553.263183,555.518033,541.768269,42454671.000000
2023-11-16,554.146316,554.779382,553.129614,553.723780,540.018426,70625534.000000
2023-11-17,555.198152,557.746308,550.821513,551.698965,538.043728,53124346.000000
2023-11-20,552.647043,555.549548,550.951728,554.798563,541.066606,29318435.000000
2023-11-21,552.426325,554.439307,547.305575,549.867705,536.257794,55839676.000000
2023-11-22,551.010896,551.787664,547.361798,548.126926,534.560101,60241044.000000
2023-11-23,546.265624,548.675013,545.081859,546.466463,532.940737,38763571.000000
2023-11-24,543.742886,547.858979,543.114391,547.082301,533.541332,52807739.000000
2023-11-27,545.769286,549.581924,543.051245,547.874929,536.999338,56155681.000000
2023-11-28,547.298158,550.006388,543.424599,545.240129,534.416840,72718581.000000
2023-11-29,547.543955,559.282192,541.863094,554.763878,543.751538,80786103.000000
2023-11-30,553.947052,554.899730,547.669468,551.038948,540.100550,33057336.000000
2023-12-01,552.538860,553.967379,549.168246,550.991584,540.054126,40460496.000000
2023-12-04,549.326782,552.812210,544.418191,546.503058,535.654699,53034827.000000
2023-12-05,546.703204,550.209838,545.683480,548.027356,537.148739,28877377.000000
2023-12-06,547.301826,549.288118,546.921448,547.952657,537.075524,76699403.000000
2023-12-07,546.118976,549.948313,538.257919,541.548409,530.798402,38735985.000000
2023-12-08,542.010558,549.843268,538.588585,546.999335,536.141126,58875198.000000
2023-12-11,544.772415,545.946187,539.824394,541.405457,530.658288,70392284.000000
2023-12-12,541.027511,542.272778,532.929573,535.643139,525.010355,59429200.000000
2023-12-13,530.370460,535.337868,516.574475,520.813628,510.475218,151887759.000000
2023-12-14,519.258102,521.265788,518.466918,519.935713,509.614729,29709988.000000
2023-12-15,520.090023,528.605208,518.186003,525.002026,514.580473,59799817.000000
2023-12-18,525.794943,530.222019,525.146345,528.946188,518.446342,93116681.000000
2023-12-19,528.716807,530.462218,521.664458,524.689110,514.273769,66985296.000000
2023-12-20,525.541838,528.999603,524.828113,527.103535,516.640267,49266069.000000
2023-12-21,528.792592,531.075179,524.833023,529.846314,519.328600,69348713.000000
2023-12-22,531.090882,539.787680,529.708495,535.665047,525.031829,51394206.000000
2023-12-25,535.210360,537.130603,528.997866,531.131395,520.588171,70927733.000000
2023-12-26,531.851664,535.971415,529.942434,534.285821,523.679980,55818714.000000
2023-12-27,533.675937,536.251388,531.107354,532.603796,522.031345,49488236.000000
2023-12-28,530.773606,534.817369,521.798487,526.198926,515.753615,133722743.000000
2023-12-29,524.059931,526.399285,522.366206,524.886783,514.467518,53412323.000000
2024-01-01,524.552996,529.489883,523.855480,527.747542,517.271490,105190474.000000
2024-01-02,529.710224,536.196818,525.568259,533.669428,523.075823,66036424.000000
2024-01-03,533.419272,539.221872,531.859761,536.758292,526.103372,36169591.000000
2024-01-04,536.436865,537.680772,534.296470,535.846132,525.209319,77170713.000000
2024-01-05,537.402217,544.653124,532.114493,543.291166,532.506565,54063968.000000
2024-01-08,542.638323,546.119324,534.596110,536.786850,526.131362,102357176.000000
2024-01-09,537.597523,544.178920,535.091834,542.809234,532.034199,101747164.000000
2024-01-10,541.458948,544.251016,539.226132,542.445290,531.677480,43042983.000000
2024-01-11,542.968758,544.693227,540.723636,541.284949,530.540172,52960744.000000
2024-01-12,543.909307,549.571271,539.470372,547.763909,536.890522,65864738.000000
2024-01-15,545.724692,548.910512,535.617617,539.698833,528.985541,62286337.000000
2024-01-16,540.357345,541.521939,537.363786,537.965580,527.286694,61399612.000000
2024-01-17,537.778321,545.735257,535.937183,544.521370,533.712348,50620746.000000
2024-01-18,546.044963,548.887961,544.948224,547.984506,537.106740,72843302.000000
2024-01-19,549.929422,552.131258,546.992056,548.764837,537.871581,42852045.000000
2024-01-22,550.117667,553.807713,549.541476,551.788892,540.835607,57507585.000000
2024-01-23,550.510876,552.714066,549.334757,552.226604,541.264630,36755069.000000
2024-01-24,550.255268,551.525546,548.881098,550.613285,539.683336,32271225.000000
2024-01-25,552.736374,559.041581,551.535966,556.651452,545.601643,47490788.000000
2024-01-26,555.354430,559.390908,546.559856,550.791488,539.858002,106728137.000000
2024-01-29,550.690480,555.674348,547.766108,553.548666,542.560448,54108628.000000
2024-01-30,554.491266,555.567328,553.407331,553.648547,542.658346,50074421.000000
2024-01-31,553.377627,554.301931,548.364159,550.977382,540.040206,93534095.000000
2024-02-01,550.867380,553.133999,548.593007,551.788680,540.835399,44597463.000000
2024-02-02,551.003698,558.778631,546.816130,557.739519,546.668111,40295157.000000
2024-02-05,557.231448,561.070516,555.373282,559.403316,548.298881,47551708.000000
2024-02-06,559.093149,567.363239,556.421613,564.267167,553.066182,68038805.000000
2024-02-07,563.691302,569.543952,561.186651,567.210687,555.951272,58244371.000000
2024-02-08,568.349197,575.270176,566.712976,571.861231,560.509500,72119179.000000
2024-02-09,567.193386,571.089195,565.591494,568.763610,557.473368,53054004.000000
2024-02-12,570.546315,577.477798,567.802590,575.859215,564.428122,61655534.000000
2024-02-13,576.537148,577.733724,574.893694,575.851307,564.420371,43154235.000000
2024-02-14,575.913486,581.754456,573.001501,578.661663,567.174940,30169134.000000
2024-02-15,579.679795,585.856102,577.718752,584.124631,572.529466,61538789.000000
2024-02-16,584.892621,588.581924,583.306364,586.110828,574.476236,49483059.000000
2024-02-19,586.975399,588.416591,582.599014,584.371736,572.771665,47915385.000000
2024-02-20,583.889644,587.652171,582.862102,585.691965,574.065687,43234024.000000
2024-02-21,588.667722,592.003719,587.177399,589.754616,578.047692,56331713.000000
2024-02-22,591.593304,603.036662,590.075623,596.698528,587.792727,145572857.000000
2024-02-23,594.913779,598.509048,593.064681,596.547106,587.643566,59096480.000000
2024-02-26,596.760168,597.464400,596.057774,596.433878,587.532028,37840534.000000
2024-02-27,594.324975,598.107343,593.743582,596.936359,588.027009,41589278.000000
2024-02-28,596.196107,597.545715,591.017292,592.107765,583.270483,53884679.000000
2024-02-29,588.571076,596.885947,566.514888,571.471685,562.942399,87976209.000000
2024-03-01,571.621253,578.017856,570.142725,575.288244,566.701995,67550923.000000
2024-03-04,577.479763,578.270735,574.855042,575.468133,566.879199,49671611.000000
2024-03-05,575.718365,578.060021,574.753918,576.073589,567.475619,41828553.000000
2024-03-06,577.201360,581.500871,574.292533,579.842607,571.188384,53300452.000000
2024-03-07,581.738733,589.470875,579.278590,584.825614,576.097019,94684878.000000
2024-03-08,587.158478,590.855237,586.323642,588.571928,579.787419,46261399.000000
2024-03-11,587.939255,589.229682,587.392049,587.951807,579.176552,41465669.000000
2024-03-12,586.314303,588.343898,585.021069,586.333833,577.582727,31597041.000000
2024-03-13,586.282049,587.536932,585.328736,587.105900,578.343271,61884470.000000
2024-03-14,588.093326,591.623584,583.013901,584.807289,576.078967,36813461.000000
2024-03-15,585.072872,586.239405,581.991881,583.469596,574.761239,51136782.000000
2024-03-18,583.429303,586.433757,579.198288,580.298120,571.637098,44683155.000000
2024-03-19,578.820874,580.057400,573.282719,575.000111,566.418163,53274099.000000
2024-03-20,574.463552,576.049175,569.628660,572.121246,563.582265,46225625.000000
2024-03-21,570.324195,572.611513,568.782369,572.193293,563.653236,34415775.000000
2024-03-22,571.929850,572.741263,568.445353,569.383777,560.885653,59154029.000000
2024-03-25,568.695232,569.726810,567.359147,568.750961,560.262282,39529621.000000
2024-03-26,570.481013,572.483786,568.884872,569.519159,561.019015,28352230.000000
2024-03-27,570.568461,572.175540,564.280345,566.443561,557.989320,50816964.000000
2024-03-28,565.896243,567.397633,560.684149,562.772146,554.372701,51006235.000000
2024-03-29,561.013683,564.485613,549.851007,554.798492,546.518055,66910079.000000
2024-04-01,554.683397,555.835691,553.311434,555.058614,546.774295,80304641.000000
2024-04-02,554.749089,560.248977,552.649966,557.809098,549.483727,36163207.000000
2024-04-03,557.220764,557.894205,555.916852,556.878358,548.566879,90437633.000000
2024-04-04,558.712628,560.432756,557.436696,558.867731,550.526560,40693090.000000
2024-04-05,557.365063,565.093376,556.417182,563.270106,554.863230,38910830.000000
2024-04-08,563.967604,565.854003,559.621856,561.311171,552.933531,84081502.000000
2024-04-09,558.121211,559.128339,556.043645,557.458051,549.137920,87653885.000000
2024-04-10,555.006289,558.197807,544.769582,549.944563,541.736572,75936416.000000
2024-04-11,548.407105,549.221845,545.799400,546.680038,538.520770,60588738.000000
2024-04-12,547.174648,551.426095,546.384314,550.140691,541.929773,39980765.000000
2024-04-15,551.929600,552.370662,549.663809,549.974939,541.766495,82647360.000000
2024-04-16,550.952866,554.785179,549.917255,553.813024,545.547296,48951062.000000
2024-04-17,555.604008,569.696453,551.586441,564.008758,555.590857,92729904.000000
2024-04-18,562.330884,566.808374,561.381237,565.503756,557.063542,38104899.000000
2024-04-19,566.117551,572.853113,563.120917,571.065108,562.541890,49713117.000000
2024-04-22,574.566667,581.411185,570.869796,577.493444,568.874282,53928454.000000
2024-04-23,572.494484,578.369656,563.688682,567.004265,558.541656,144157984.000000
2024-04-24,566.842725,568.410081,564.697411,565.732222,557.288598,57935884.000000
2024-04-25,564.585476,567.247731,559.424677,561.467870,553.087892,75915163.000000
2024-04-26,562.120168,566.864005,560.902083,565.034629,556.601417,42059001.000000
2024-04-29,566.160765,566.834863,564.124188,564.608431,556.181580,41562788.000000
2024-04-30,561.448613,564.125630,560.316379,563.640233,555.227832,47209386.000000
2024-05-01,562.673630,563.818222,560.695010,561.576207,553.194612,35913814.000000
2024-05-02,563.680189,569.260384,560.670425,566.243439,557.792184,63164453.000000
2024-05-03,564.071677,567.107841,557.249690,560.816864,552.446602,58599630.000000
2024-05-06,561.244046,570.452424,556.391108,567.201085,558.735538,82063969.000000
2024-05-07,566.799985,568.339934,565.207069,567.240202,558.774071,43645002.000000
2024-05-08,566.634343,568.073222,565.138211,567.637337,559.165279,41167458.000000
2024-05-09,567.924978,571.277050,561.574765,564.024547,555.606410,76263927.000000
2024-05-10,565.126938,566.873517,549.381255,554.166432,545.895429,59972344.000000
2024-05-13,557.226493,563.599164,555.464348,559.172585,550.826864,56876254.000000
2024-05-14,560.197663,563.032736,553.252056,555.035812,546.751833,60107040.000000
2024-05-15,555.581494,558.625556,554.064768,556.438527,548.133613,42574435.000000
2024-05-16,556.255420,557.492910,552.889908,554.025682,545.756780,46019280.000000
2024-05-17,553.366348,554.467144,550.708630,551.786060,543.550584,71286789.000000
2024-05-20,549.929887,551.951378,548.488911,550.653380,542.434810,28664169.000000
2024-05-21,547.507996,550.121465,533.286192,537.012532,531.655832,86608102.000000
2024-05-22,536.604545,538.946717,534.885089,538.195921,532.827416,28541312.000000
2024-05-23,536.574866,539.258944,535.512339,538.253112,532.884037,73541767.000000
2024-05-24,538.789370,541.655970,537.974346,539.621598,534.238872,18454416.000000
2024-05-27,539.196995,540.652285,538.805533,539.512001,534.130369,35358357.000000
2024-05-28,540.556160,544.030007,534.181703,536.105557,530.757904,34615228.000000
2024-05-29,537.367917,545.069419,535.394437,543.832190,538.407464,88432492.000000
2024-05-30,544.967105,546.549459,540.152812,541.922297,536.516623,52068048.000000
2024-05-31,541.510614,544.450531,539.877114,542.831317,537.416575,42971773.000000
2024-06-03,542.389992,545.719711,540.561121,544.314097,538.884564,55819310.000000
2024-06-04,545.630039,546.690065,538.580837,541.197342,535.798899,155077533.000000
2024-06-05,540.735507,542.741822,537.687104,538.743018,533.369057,46368643.000000
2024-06-06,539.958176,541.277495,538.597456,539.118274,533.740569,31219217.000000
2024-06-07,537.416976,542.552382,535.281918,540.917969,535.522312,62839573.000000
2024-06-10,539.900670,541.946542,535.920093,537.221516,531.862731,49660425.000000
2024-06-11,536.648101,537.408395,531.413533,534.293431,528.963854,52332054.000000
2024-06-12,533.733578,535.165102,531.184764,532.663092,527.349778,23781852.000000
2024-06-13,532.091266,533.555740,531.581806,532.942190,527.626091,48271658.000000
2024-06-14,531.815594,532.494870,531.307769,532.081356,526.773845,61921744.000000
2024-06-17,530.296729,532.579622,525.880010,527.534813,522.272653,54357695.000000
2024-06-18,525.893232,527.945107,524.845743,527.233415,521.974262,60281642.000000
2024-06-19,528.080577,530.240814,526.343707,528.821791,523.546793,24629426.000000
2024-06-20,529.081788,530.530510,528.692136,529.777476,524.492946,64534155.000000
2024-06-21,529.263211,532.738101,528.799786,531.566768,526.264390,50008670.000000
2024-06-24,531.627427,533.965688,528.336488,529.557419,524.275084,54191604.000000
2024-06-25,529.383954,530.136678,522.911981,526.472816,521.221249,62286356.000000
2024-06-26,528.002600,530.084583,526.249313,529.057631,523.780281,63609313.000000
2024-06-27,530.283641,530.822809,527.886683,529.321223,524.041244,39928793.000000
2024-06-28,528.347111,528.950163,526.913218,528.346606,523.076348,91324920.000000
2024-07-01,529.001855,529.716604,525.855164,527.083173,521.825518,34435610.000000
2024-07-02,528.975610,530.944290,527.947180,529.163882,523.885473,33387393.000000
2024-07-03,530.713514,531.812947,525.894362,527.451125,522.189800,41509214.000000
2024-07-04,526.456923,529.065307,525.119732,528.027865,522.760787,45683700.000000
2024-07-05,526.234378,528.784684,524.288145,525.536722,520.294493,72840274.000000
2024-07-08,524.642362,525.931322,523.664687,524.387693,519.156926,37520394.000000
2024-07-09,523.607580,524.532531,522.418146,524.069899,518.842302,66130709.000000
2024-07-10,523.894571,524.232652,522.956180,523.665490,518.441927,69799112.000000
2024-07-11,525.864996,529.539796,524.450279,526.944355,521.688085,36469041.000000
2024-07-12,525.811864,526.777364,524.293353,526.223008,520.973933,42576125.000000
2024-07-15,525.313010,526.177545,523.032155,524.287587,519.057818,56355964.000000
2024-07-16,522.440357,526.679611,520.918909,525.427694,520.186553,38291103.000000
2024-07-17,525.681137,526.798070,523.138261,524.561670,519.329168,83104562.000000
2024-07-18,525.339062,528.156606,520.642277,521.419553,516.218393,54722288.000000
2024-07-19,522.075731,523.683978,521.225885,522.340207,517.129863,42685779.000000
2024-07-22,524.543080,528.421992,520.899502,526.261681,521.012221,65284802.000000
2024-07-23,526.803592,528.766807,521.023406,523.500158,518.278244,63266706.000000
2024-07-24,522.081243,526.475391,520.400435,524.909683,519.673709,60675658.000000
2024-07-25,523.522837,529.922297,522.649505,527.755270,522.490911,44176030.000000
2024-07-26,526.698963,531.048382,524.492773,529.645932,524.362714,62072681.000000
2024-07-29,529.750124,533.012069,527.448267,531.719550,526.415648,67628776.000000
2024-07-30,530.492900,532.764241,527.002377,528.757891,523.483531,77410651.000000
2024-07-31,529.293967,531.934081,527.536788,530.331153,525.041099,59994996.000000
2024-08-01,532.208229,532.683216,530.140613,531.002646,525.705895,51237781.000000
2024-08-02,531.673632,534.796039,529.741831,532.856209,527.540968,42422246.000000
2024-08-05,531.591726,533.271980,529.012883,530.134013,524.845927,51185558.000000
2024-08-06,529.058996,531.306209,526.997567,527.529285,522.267181,59678801.000000
2024-08-07,527.982116,529.768017,525.388464,526.338213,521.087989,36404043.000000
2024-08-08,527.696701,530.104776,526.006526,528.599079,523.326303,56012832.000000
2024-08-09,529.361595,530.059949,526.909472,528.612937,523.340023,61980263.000000
2024-08-12,529.510323,539.416881,526.906038,535.423759,530.082907,67575015.000000
2024-08-13,533.849036,535.737447,532.336121,535.031907,529.694964,53218094.000000
2024-08-14,536.449427,540.003457,534.136916,537.921195,532.555431,59263447.000000
2024-08-15,536.038618,538.863529,534.689181,538.387868,533.017449,36117864.000000
2024-08-16,539.556365,540.271484,533.763134,535.356256,532.679475,73878670.000000
2024-08-19,537.958233,539.585712,536.291685,538.948438,536.253696,55944492.000000
2024-08-20,536.925084,539.082409,530.969643,531.992979,529.333014,37520446.000000
2024-08-21,533.565894,538.502914,531.291992,537.430196,534.743045,52639455.000000
2024-08-22,538.044299,540.524144,532.264539,534.453244,531.780978,54871644.000000
2024-08-23,531.820200,534.496535,531.036169,534.021151,531.351046,71558027.000000
2024-08-26,535.162253,538.849027,532.850443,538.066082,535.375752,36829002.000000
2024-08-27,536.000502,539.105025,534.917857,538.352436,535.660674,48309519.000000
2024-08-28,538.737851,539.304733,536.225937,538.302163,535.610653,52285717.000000
2024-08-29,536.785976,537.476384,534.779079,535.792905,533.113940,55855593.000000
2024-08-30,534.364277,537.277649,532.542759,536.291107,533.609652,32919031.000000
2024-09-02,535.949661,537.748995,535.609416,536.087679,533.407241,53319919.000000
2024-09-03,539.468264,540.386090,537.279763,538.066260,535.375929,64236970.000000
2024-09-04,538.441385,540.260728,537.391265,539.332032,536.635372,52714796.000000
2024-09-05,540.083596,541.720608,537.839412,539.784702,537.085778,72212978.000000
2024-09-06,540.307982,543.395211,539.028146,542.037863,539.327674,43988098.000000
2024-09-09,543.639647,543.962328,542.205330,542.805901,540.091871,43937321.000000
2024-09-10,541.105250,542.547375,536.338431,538.860292,536.165991,88940012.000000
2024-09-11,540.935670,547.506084,539.011396,544.745470,542.021743,66206332.000000
2024-09-12,544.127260,545.475988,543.321585,544.664434,541.941112,35208049.000000
2024-09-13,546.990232,547.550355,543.634354,545.137504,542.411817,63725803.000000
2024-09-16,543.921487,545.928849,542.795350,544.664756,541.941432,47056476.000000
2024-09-17,547.538964,557.907243,542.783674,552.658423,549.895131,118591566.000000
2024-09-18,547.365710,550.205032,533.437394,539.905549,537.206021,78802150.000000
2024-09-19,544.387738,554.273924,541.289573,549.293850,546.547381,60685745.000000
2024-09-20,548.658711,551.813984,544.980119,546.334377,543.602705,56306831.000000
2024-09-23,546.489239,548.779022,546.016073,547.607519,544.869482,64470343.000000
2024-09-24,548.323159,553.208664,546.325223,552.070052,549.309702,44524945.000000
2024-09-25,551.067583,553.805480,547.722263,549.893141,547.143676,54492464.000000
2024-09-26,551.247296,552.775484,550.232649,551.411946,548.654886,41400862.000000
2024-09-27,552.331673,553.604740,539.834269,544.250335,541.529084,45254595.000000
2024-09-30,546.170848,555.402789,543.728214,551.094872,548.339397,63974161.000000
2024-10-01,553.177962,555.819716,550.732630,554.609136,551.836090,56272931.000000
2024-10-02,551.639395,554.800155,540.600786,543.447543,540.730305,64113695.000000
2024-10-03,543.233237,546.445545,542.606089,545.541241,542.813535,58215375.000000
2024-10-04,545.383010,546.663914,544.801103,545.929982,543.200332,40080575.000000
2024-10-07,544.058489,546.123764,535.035200,539.719461,537.020864,72347003.000000
2024-10-08,538.345461,539.029371,537.232050,538.127871,535.437232,34709162.000000
2024-10-09,535.927221,540.729727,529.468245,531.790748,529.131794,78427642.000000
2024-10-10,531.120578,532.263577,524.485620,527.314112,524.677541,70962986.000000
2024-10-11,528.474892,529.914651,526.868327,529.009095,526.364049,56471220.000000
2024-10-14,528.720706,537.546191,527.413986,534.066001,531.395671,55773031.000000
2024-10-15,534.479162,541.237716,533.513738,539.804242,537.105221,92814683.000000
2024-10-16,539.974313,541.445390,539.003204,540.744840,538.041116,63359911.000000
2024-10-17,542.367213,547.129462,541.347107,543.910114,541.190563,37350061.000000
2024-10-18,545.990363,547.630024,545.119058,545.602658,542.874645,46466721.000000
2024-10-21,545.415338,547.673075,544.279281,546.772589,544.038726,41872664.000000
2024-10-22,547.266707,550.945685,546.705204,549.800850,547.051846,36327751.000000
2024-10-23,548.403461,552.807074,538.934539,541.094121,538.388651,65548883.000000
2024-10-24,538.716454,540.330282,531.544001,534.447025,531.774790,76693506.000000
2024-10-25,533.710543,536.064494,531.019616,531.599438,528.941440,54465898.000000
2024-10-28,529.394810,532.451178,528.138180,530.379777,527.727878,50368603.000000
2024-10-29,531.492078,535.150481,530.101543,533.334102,530.667431,41307669.000000
2024-10-30,533.088974,534.635532,532.280552,533.878591,531.209198,72481420.000000
2024-10-31,536.798368,541.079744,532.910720,540.144775,537.444051,96557426.000000
2024-11-01,540.013622,541.178358,539.259210,539.789389,537.090442,32142307.000000
2024-11-04,541.462584,542.061632,539.413136,540.475178,537.772802,38259950.000000
2024-11-05,542.394506,543.338105,541.405934,541.995230,539.285254,58127430.000000
2024-11-06,542.821444,551.944243,540.535513,548.604116,545.861095,63756055.000000
2024-11-07,546.836737,548.957345,545.293513,547.127408,544.391771,63935052.000000
2024-11-08,548.113001,549.616781,547.399043,548.012105,545.272045,56237609.000000
2024-11-11,548.651339,549.262797,546.997449,547.336831,544.600147,47810622.000000
2024-11-12,547.502536,553.001485,544.492622,550.825238,548.071112,37077695.000000
2024-11-13,551.001487,551.693072,548.676830,549.343644,549.343644,47702018.000000
2024-11-14,550.309269,553.020988,546.322846,547.121844,547.121844,44574981.000000
2024-11-15,546.121309,551.782195,544.543008,549.379559,549.379559,62701782.000000
2024-11-18,549.412471,555.746518,546.190879,554.221187,554.221187,36653641.000000
2024-11-19,555.033982,557.331631,553.823316,556.795464,556.795464,92941471.000000
2024-11-20,556.513581,559.372052,555.519795,557.350318,557.350318,44569990.000000
2024-11-21,558.112450,562.576851,556.461671,561.107738,561.107738,59820804.000000
2024-11-22,559.929262,567.077626,558.795824,564.209784,564.209784,62788934.000000
2024-11-25,562.461520,569.196811,560.675976,567.741755,567.741755,81684354.000000
2024-11-26,565.754008,571.166246,555.038096,558.981781,558.981781,70752464.000000
2024-11-27,559.266080,568.121117,555.293731,565.454952,565.454952,61865532.000000
2024-11-28,564.433984,566.915435,560.236362,562.886702,562.886702,36551521.000000
2024-11-29,562.630869,568.338126,560.872213,567.073287,567.073287,50079480.000000
2024-12-02,569.583605,578.933560,563.926679,576.366826,576.366826,36523459.000000
2024-12-03,575.779211,581.595598,574.391995,579.216782,579.216782,47076187.000000
2024-12-04,583.183293,594.414325,578.937455,588.550732,588.550732,87528760.000000
2024-12-05,586.374193,587.315876,584.157564,586.650108,586.650108,39383903.000000
2024-12-06,586.324137,589.202578,581.539225,583.575233,583.575233,51886771.000000
2024-12-09,584.486809,587.800296,581.173573,585.683560,585.683560,41879266.000000
2024-12-10,587.185007,598.686667,582.047167,594.032980,594.032980,67262744.000000
2024-12-11,592.764956,595.013874,578.717944,584.735453,584.735453,84871270.000000
2024-12-12,584.341388,586.153711,577.829739,581.061774,581.061774,89088005.000000
2024-12-13,579.428799,584.627961,565.634799,569.651089,569.651089,108703769.000000
2024-12-16,569.665217,572.724072,567.319420,572.049426,572.049426,51529389.000000
2024-12-17,572.696615,579.619867,570.978280,578.584416,578.584416,85982515.000000
2024-12-18,580.162814,584.488933,577.705134,581.559111,581.559111,63736964.000000
2024-12-19,580.392372,589.777534,577.430250,586.095018,586.095018,92820083.000000
2024-12-20,582.761710,586.279422,581.243483,584.330811,584.330811,70607551.000000
2024-12-23,584.727873,593.175532,581.618667,589.801356,589.801356,81184053.000000
2024-12-24,590.714726,592.383619,589.252436,590.940362,590.940362,65683388.000000
2024-12-25,591.119906,595.915827,582.211427,583.610100,583.610100,84588633.000000
2024-12-26,583.728481,584.739545,578.955679,580.571235,580.571235,36691859.000000
2024-12-27,582.011372,584.779416,574.087607,577.438294,577.438294,65349458.000000
2024-12-30,575.362296,577.412157,567.594026,571.629355,571.629355,101575147.000000
2024-12-31,571.430611,577.592370,569.953179,575.033089,575.033089,72397821.000000
