date,open,high,low,close,adj_close,volume
2014-01-01,88.939645,89.264437,88.834296,89.029498,64.900808,12182521.000000
2014-01-02,89.229576,90.165726,89.059245,89.669756,65.367545,16510406.000000
2014-01-03,90.037702,91.123160,89.744765,90.810934,66.199442,17429156.000000
2014-01-06,90.620901,90.879170,89.980598,90.370470,65.878351,10895486.000000
2014-01-07,90.301167,90.443088,89.785511,90.040354,65.637703,12100034.000000
2014-01-08,89.775421,91.220235,89.507942,90.907574,66.269890,18552094.000000
2014-01-09,90.245821,91.193488,87.844801,88.808928,64.740017,24357074.000000
2014-01-10,88.355229,88.955254,87.652425,87.920045,64.092038,10063473.000000
2014-01-13,87.591794,87.882545,87.327548,87.740179,63.960920,13370185.000000
2014-01-14,87.496795,87.685142,87.036547,87.371248,63.691976,7258895.000000
2014-01-15,87.302276,88.542722,87.146584,88.023372,64.167362,13353544.000000
2014-01-16,88.148180,88.852506,87.801427,88.665605,64.635537,12084100.000000
2014-01-17,88.606357,89.199842,87.617550,87.881734,64.064111,10830039.000000
2014-01-20,87.981569,88.134069,87.717690,87.906711,64.082318,11405088.000000
2014-01-21,87.821656,88.183775,87.331459,87.480824,63.771855,12470508.000000
2014-01-22,87.860557,88.692941,87.500742,88.103914,64.226075,8237469.000000
2014-01-23,88.554228,89.858115,87.758424,89.522441,65.260154,17373345.000000
2014-01-24,89.850948,90.391452,89.507083,90.041665,65.638659,18046567.000000
2014-01-27,90.022906,90.174192,89.838295,90.063847,65.654829,12038016.000000
2014-01-28,89.857888,90.024164,89.346982,89.685211,65.378811,13136868.000000
2014-01-29,89.509006,89.622538,89.272638,89.514732,65.254535,10575348.000000
2014-01-30,89.461392,90.693166,89.247901,90.216212,65.765900,16449143.000000
2014-01-31,90.152509,90.496234,88.987945,89.472791,65.223960,13876631.000000
2014-02-03,89.496209,91.316679,89.107672,90.569098,66.023147,11514274.000000
2014-02-04,90.534076,90.758954,90.378487,90.638182,66.073508,12595863.000000
2014-02-05,90.689475,91.810689,90.242900,91.371965,66.608422,15583719.000000
2014-02-06,91.051544,91.546300,90.817379,91.385012,66.617933,6619084.000000
2014-02-07,91.236089,91.515895,89.752792,90.280199,65.812546,17363814.000000
2014-02-10,90.076592,90.456007,89.820869,90.338432,65.854997,11584528.000000
2014-02-11,90.558824,91.455820,90.179910,90.923866,66.281767,8168581.000000
2014-02-12,90.979165,91.767979,90.774607,91.499203,66.701176,21888630.000000
2014-02-13,91.422846,91.677913,91.067339,91.396694,66.626449,14965434.000000
2014-02-14,91.117528,91.680485,89.889675,90.271190,65.805978,17472288.000000
2014-02-17,90.608375,91.463656,90.260124,90.930195,66.286380,10112136.000000
2014-02-18,90.784223,91.301604,89.954765,90.208015,65.759925,19685348.000000
2014-02-19,90.362729,90.894878,89.619156,89.883090,65.523060,11103529.000000
2014-02-20,91.069791,96.899980,88.776831,94.367554,68.792149,35054042.000000
2014-02-21,94.303284,94.523550,93.873418,94.163366,68.643300,14143550.000000
2014-02-24,94.066719,94.174440,93.324264,93.686839,68.295921,13920030.000000
2014-02-25,93.568439,94.476201,93.130626,94.197214,68.667975,11159881.000000
2014-02-26,94.271877,95.157245,93.710966,94.839133,69.135922,13275560.000000
2014-02-27,94.481115,95.439760,94.341826,95.109601,69.333088,9985409.000000
2014-02-28,94.771762,95.086693,94.603246,94.766769,69.083170,14906945.000000
2014-03-03,95.013298,95.369896,94.717606,95.126217,69.345200,13058727.000000
2014-03-04,95.329556,95.434486,94.983065,95.120108,69.340747,13451893.000000
2014-03-05,94.084760,94.567529,90.857804,91.394194,66.624627,33277454.000000
2014-03-06,90.464198,91.369939,87.738873,88.112975,64.232681,26252477.000000
2014-03-07,88.169201,90.029362,87.866211,89.387233,65.161591,17935914.000000
2014-03-10,90.354441,93.818285,89.588771,92.704590,67.579880,24801065.000000
2014-03-11,92.278561,92.927080,92.111511,92.784670,67.638257,10827986.000000
2014-03-12,92.902023,94.383195,92.560766,93.705007,68.309165,12760223.000000
2014-03-13,93.842777,94.653620,93.532412,94.502044,68.890190,11822281.000000
2014-03-14,94.545870,95.046741,94.230542,94.794001,69.103021,14603028.000000
2014-03-17,94.593796,95.403072,94.397683,95.064954,69.300541,15903919.000000
2014-03-18,95.315639,97.293198,94.812398,96.511022,70.354697,13515046.000000
2014-03-19,96.818946,97.047998,96.640834,96.746008,70.525997,10791391.000000
2014-03-20,96.656041,97.313739,94.935118,95.382582,69.532085,7245973.000000
2014-03-21,95.092538,95.535146,93.546308,94.311134,68.751021,8640592.000000
2014-03-24,94.473831,95.021057,94.121301,94.906794,69.185245,12680578.000000
2014-03-25,94.455449,95.077992,92.929321,93.280796,67.999924,9926098.000000
2014-03-26,93.010231,93.776500,91.506929,91.921364,67.008924,16144153.000000
2014-03-27,91.842919,93.685945,91.119424,93.032206,67.818706,15834120.000000
2014-03-28,93.453240,94.529324,93.030942,94.170803,68.648722,15638214.000000
2014-03-31,95.286173,98.887390,94.097627,97.848943,71.832846,28920446.000000
2014-04-01,97.494640,97.708443,96.132173,96.666296,70.964641,17410171.000000
2014-04-02,96.296895,97.394433,93.642631,94.418145,69.314229,25398240.000000
2014-04-03,94.484214,95.089442,94.125542,94.979318,69.726198,11792051.000000
2014-04-04,94.155249,95.567729,91.640525,92.776600,68.109139,17435679.000000
2014-04-07,93.333000,95.468195,93.039957,94.866214,69.643165,20677019.000000
2014-04-08,95.130558,97.386753,94.511572,96.492733,70.837225,18201489.000000
2014-04-09,96.025420,96.694423,94.917826,95.377709,70.018664,12703086.000000
2014-04-10,95.898417,96.935094,95.395007,96.564672,70.890037,11452834.000000
2014-04-11,96.712726,97.435793,96.207930,97.182435,71.343549,14190679.000000
2014-04-14,97.416041,97.564081,97.060462,97.459732,71.547118,17864480.000000
2014-04-15,97.435378,97.945904,97.122138,97.745436,71.756859,7357984.000000
2014-04-16,98.201884,98.335738,97.387690,97.665548,71.698212,10657538.000000
2014-04-17,97.833192,98.720877,97.265841,98.419026,72.251355,14620778.000000
2014-04-18,98.855306,99.284146,97.938545,98.251052,72.128042,12756362.000000
2014-04-21,98.515707,100.703099,97.806703,99.791610,73.258996,16058071.000000
2014-04-22,99.844557,102.546908,98.620584,101.938648,74.835179,34796775.000000
2014-04-23,102.071217,102.258412,101.645632,101.729267,74.681469,6877168.000000
2014-04-24,101.142583,102.152345,99.695748,100.519666,73.793476,9577633.000000
2014-04-25,100.786915,102.017298,100.533022,101.377875,74.423505,13429469.000000
2014-04-28,101.445284,101.586519,101.222011,101.408859,74.446251,17436598.000000
2014-04-29,100.779223,101.170189,99.357228,99.611816,73.127006,17374505.000000
2014-04-30,99.565513,99.965424,99.302629,99.848634,73.300858,13290149.000000
2014-05-01,99.966975,101.893492,99.185495,101.385237,74.428909,12274921.000000
2014-05-02,101.378000,101.749099,99.825035,100.491400,73.772726,15336310.000000
2014-05-05,100.576814,101.533088,100.260053,101.219072,74.306924,16155492.000000
2014-05-06,101.378353,102.275539,101.165070,101.980511,74.865912,9535823.000000
2014-05-07,101.891001,102.098447,101.369671,101.509300,74.519986,7075010.000000
2014-05-08,101.145849,101.609462,100.392764,100.850054,74.036021,15287050.000000
2014-05-09,101.336776,102.767019,100.441545,102.099858,74.953527,16550752.000000
2014-05-12,102.378374,103.125022,102.084098,102.685872,75.383731,8243528.000000
2014-05-13,102.835242,103.143560,101.990028,102.394388,75.169747,10499384.000000
2014-05-14,102.782311,104.561346,102.549337,103.654401,76.094748,10804794.000000
2014-05-15,103.625868,103.714693,103.141980,103.433509,75.932586,10489374.000000
2014-05-16,103.727012,105.493278,103.070439,104.851002,76.973196,5989714.000000
2014-05-19,105.126991,105.375307,104.782269,105.195543,77.226130,16780192.000000
2014-05-20,104.708210,105.026359,104.444262,104.864976,76.983454,7270263.000000
2014-05-21,104.849059,105.339910,103.625550,104.150589,76.459009,27305547.000000
2014-05-22,104.311793,106.188167,103.636688,105.591170,77.516568,14686801.000000
2014-05-23,105.550565,106.249946,105.314417,106.016994,77.829174,8425926.000000
2014-05-26,106.242914,107.020448,105.937418,106.719336,78.344777,14933728.000000
2014-05-27,107.037470,107.148525,106.818554,107.022224,78.567133,13216369.000000
2014-05-28,106.725655,107.340536,105.068197,105.821034,77.685315,16831212.000000
2014-05-29,105.865179,106.449915,105.584598,106.131763,77.913428,9203631.000000
2014-05-30,106.081863,106.296368,105.784840,106.039720,77.845857,11692063.000000
2014-06-02,105.492762,106.223239,105.208901,105.665441,77.571092,8606197.000000
2014-06-03,105.115359,105.655876,104.206079,104.445721,76.675671,13715584.000000
2014-06-04,104.301246,104.886329,103.916886,104.772554,76.915606,15475838.000000
2014-06-05,105.571965,107.171637,104.538191,106.314997,78.047943,21061161.000000
2014-06-06,106.191110,107.717734,105.776880,106.926393,78.496782,17153887.000000
2014-06-09,106.674880,106.882198,105.078613,105.794560,77.665881,11637856.000000
2014-06-10,104.960729,105.747501,101.632750,102.966890,75.590032,24712375.000000
2014-06-11,102.607130,103.253971,101.539635,102.171388,75.006038,9748433.000000
2014-06-12,102.438295,103.184111,102.271423,103.027046,75.634194,11072698.000000
2014-06-13,103.023166,103.106483,102.551149,102.715184,75.405250,13528659.000000
2014-06-16,102.454498,103.235721,100.528460,101.355490,74.407071,10809994.000000
2014-06-17,101.077293,101.714955,99.701807,100.274418,73.613435,15078696.000000
2014-06-18,100.691590,101.587350,100.164823,100.971533,74.125201,14479195.000000
2014-06-19,101.292558,101.829840,100.837751,101.440709,74.469632,12035762.000000
2014-06-20,100.784120,101.494200,99.540353,99.995929,73.408991,13624349.000000
2014-06-23,99.756696,100.013292,99.390303,99.741445,73.222169,12787094.000000
2014-06-24,99.922399,101.600727,99.683048,100.968146,74.122715,13413608.000000
2014-06-25,101.166700,101.413458,100.875389,100.936663,74.099602,6802461.000000
2014-06-26,100.753187,100.927842,99.588123,99.834365,73.807032,10200167.000000
2014-06-27,99.868398,100.024550,99.673981,99.830962,73.804517,8221909.000000
2014-06-30,99.466912,100.018555,98.415266,98.956017,73.157675,9023519.000000
2014-07-01,99.170922,100.709552,98.863175,100.136766,74.030596,13060304.000000
2014-07-02,99.918169,100.717157,98.470772,98.932380,73.140200,11188508.000000
2014-07-03,98.952853,99.474964,98.660295,99.264503,73.385736,19333854.000000
2014-07-04,99.139297,99.384425,98.922198,99.192458,73.332474,17218749.000000
2014-07-07,99.121365,99.720286,98.835092,99.414671,73.496755,11475816.000000
2014-07-08,99.411673,99.614530,99.251759,99.418495,73.499582,6861098.000000
2014-07-09,99.427080,99.939449,98.368704,98.833209,73.066883,14819920.000000
2014-07-10,99.222287,99.352425,98.744427,98.851307,73.080263,8358235.000000
2014-07-11,98.934802,99.745061,98.692459,99.457635,73.528518,14962822.000000
2014-07-14,99.891136,99.997599,99.441974,99.572172,73.613195,9165216.000000
2014-07-15,99.993103,101.261393,99.024434,100.734082,74.472189,21024599.000000
2014-07-16,100.387026,100.689349,100.301214,100.629012,74.394511,8937561.000000
2014-07-17,100.706377,102.305878,100.174541,101.768516,75.236940,12035731.000000
2014-07-18,101.711443,103.248995,101.247638,102.662905,75.898158,14246298.000000
2014-07-21,102.637480,103.140694,102.284487,102.899558,76.073114,12909197.000000
2014-07-22,103.338561,105.502898,102.361262,104.471682,77.235378,20529012.000000
2014-07-23,104.152993,104.548580,104.017912,104.210855,77.042549,6781086.000000
2014-07-24,104.563954,104.676795,104.011345,104.192466,77.028954,13021378.000000
2014-07-25,103.997250,104.573794,103.809702,104.351073,77.146212,7917890.000000
2014-07-28,104.395026,105.199941,103.891605,105.030712,77.648665,11575061.000000
2014-07-29,105.083619,107.288080,104.744311,106.525159,78.753502,9390932.000000
2014-07-30,106.453588,106.580729,105.792048,106.114343,78.449788,21225233.000000
2014-07-31,105.795123,105.907806,105.573043,105.748912,78.179627,17312453.000000
2014-08-01,104.848479,106.302509,101.550077,102.587608,75.842491,23386078.000000
2014-08-04,102.546883,103.464707,102.156268,103.125156,76.239898,13736946.000000
2014-08-05,103.043226,103.850542,102.780888,103.607252,76.596308,15053290.000000
2014-08-06,103.094381,103.590704,101.973176,102.637679,75.879508,20216231.000000
2014-08-07,102.621406,102.892903,102.335040,102.772877,75.979460,10071996.000000
2014-08-08,102.653960,103.120184,101.207980,101.674718,75.167596,10369358.000000
2014-08-11,101.652655,102.015968,101.104093,101.260203,74.861148,16709688.000000
2014-08-12,101.271270,101.384164,100.883732,101.123322,74.759952,10885895.000000
2014-08-13,101.314431,102.465858,101.075717,101.864925,75.308215,16755508.000000
2014-08-14,102.189175,104.132241,101.280569,103.500052,76.517056,22796756.000000
2014-08-15,103.914028,105.217819,103.464668,104.875255,77.533737,12810553.000000
2014-08-18,104.786015,104.989036,103.991246,104.406467,77.187164,11380062.000000
2014-08-19,104.479765,105.075840,104.333908,104.690321,77.397016,16929127.000000
2014-08-20,104.380677,105.690708,103.722920,105.442079,77.952787,29852295.000000
2014-08-21,105.804700,107.110642,105.328674,106.540321,78.764711,16909806.000000
2014-08-22,106.388884,106.557584,105.637592,106.080029,78.424420,12948581.000000
2014-08-25,105.840774,106.427780,105.067824,105.255200,77.814628,10494054.000000
2014-08-26,105.019841,105.354475,104.144673,104.368385,77.159011,18653536.000000
2014-08-27,104.085329,104.727382,103.910274,104.485821,77.245830,16108716.000000
2014-08-28,103.963330,105.582991,103.600983,105.120556,77.715086,13671628.000000
2014-08-29,104.972675,105.461800,104.461155,105.002027,77.627459,11870003.000000
2014-09-01,105.010841,105.372373,104.680640,105.268840,77.824712,9385446.000000
2014-09-02,105.294807,105.401544,104.603097,104.940608,77.582052,16101249.000000
2014-09-03,104.867432,105.026068,104.049014,104.413476,77.192346,8064870.000000
2014-09-04,104.812086,106.680434,104.428098,105.773813,78.198036,10126264.000000
2014-09-05,105.775762,106.721714,105.319582,106.427043,78.680966,12320687.000000
2014-09-08,106.574162,106.764642,106.312899,106.597390,78.806902,13555909.000000
2014-09-09,106.803024,108.396334,106.394071,107.669475,79.599490,9693181.000000
2014-09-10,107.618673,107.820560,107.390393,107.685719,79.611499,8179782.000000
2014-09-11,107.645820,108.293336,106.068508,106.693654,78.878070,8868055.000000
2014-09-12,106.707363,107.599567,106.517286,107.401142,79.401112,18703729.000000
2014-09-15,107.277184,107.611004,107.144899,107.447634,79.435483,6337932.000000
2014-09-16,107.193036,107.688980,106.890260,107.563229,79.520942,7937633.000000
2014-09-17,107.154687,107.389384,106.096715,106.695053,78.879104,14047643.000000
2014-09-18,106.691280,106.820684,106.150465,106.494237,78.730642,10377022.000000
2014-09-19,105.933593,106.128951,105.285033,105.612562,78.078824,16168430.000000
2014-09-22,105.796580,106.133880,104.921468,105.306320,77.852421,9216905.000000
2014-09-23,105.303153,105.941784,102.753014,103.383396,76.969600,17149824.000000
2014-09-24,103.116932,104.167772,102.859049,103.763124,77.252310,8117564.000000
2014-09-25,103.944974,104.929691,103.740696,104.330411,77.674659,16325761.000000
2014-09-26,104.123987,104.424201,103.498238,103.751047,77.243319,10419854.000000
2014-09-29,104.019394,104.238613,103.704956,103.930603,77.376999,12084429.000000
2014-09-30,104.341673,104.698304,104.149533,104.274160,77.632780,5207832.000000
2014-10-01,104.120278,104.403922,103.868761,104.334940,77.678031,7513124.000000
2014-10-02,104.401316,105.847849,103.706993,105.420330,78.486111,7941951.000000
2014-10-03,105.165639,105.586910,104.836776,105.259709,78.366527,11469674.000000
2014-10-06,105.070425,105.245905,104.166828,104.734257,77.975325,9338561.000000
2014-10-07,104.825918,106.121630,104.060941,105.706921,78.699480,9864252.000000
2014-10-08,106.028892,106.614310,105.691362,106.416754,79.227955,8097090.000000
2014-10-09,106.803808,107.525378,106.342490,107.287104,79.875936,10738855.000000
2014-10-10,107.358556,107.547194,107.275689,107.416856,79.972537,22261765.000000
2014-10-13,107.716272,107.946220,107.234060,107.346135,79.919885,7951056.000000
2014-10-14,107.301605,107.463968,107.040239,107.357193,79.928118,12095762.000000
2014-10-15,107.605344,108.487479,107.350431,108.179278,80.540165,5639078.000000
2014-10-16,108.487866,109.348161,108.307287,109.032847,81.175653,15715540.000000
2014-10-17,109.390408,109.758690,109.070265,109.577958,81.581491,10058437.000000
2014-10-20,109.210951,109.497526,106.751086,107.888220,80.323470,19593910.000000
2014-10-21,107.714751,108.048129,107.088446,107.371106,79.938475,11300111.000000
2014-10-22,107.718163,109.226127,107.007285,108.493168,80.773858,20837449.000000
2014-10-23,108.034222,108.258062,107.784613,107.963640,80.379621,9049652.000000
2014-10-24,107.350702,108.286474,105.884976,106.602461,79.366215,25321064.000000
2014-10-27,106.919213,107.532368,106.606879,107.250324,79.848553,14411789.000000
2014-10-28,107.206062,107.426587,107.124081,107.246207,79.845488,12061050.000000
2014-10-29,107.317735,107.502352,107.040834,107.240832,79.841486,9121375.000000
2014-10-30,107.341509,107.815928,106.440496,106.603664,79.367110,13975289.000000
2014-10-31,106.823284,107.700957,106.424587,107.486826,80.024630,11836368.000000
2014-11-03,107.330492,108.141134,105.935632,106.386397,79.205354,15414162.000000
2014-11-04,106.491752,107.057498,106.150729,106.781474,79.499491,13698062.000000
2014-11-05,106.771382,107.619362,106.464672,107.172792,79.790830,5285143.000000
2014-11-06,106.757340,107.103227,105.761637,106.275836,79.123040,10502989.000000
2014-11-07,105.504795,105.787998,104.266801,104.795605,78.020999,14135977.000000
2014-11-10,105.525760,107.999571,104.294264,106.833272,79.538055,15107590.000000
2014-11-11,106.985895,107.714734,106.440481,107.278226,79.869326,13900126.000000
2014-11-12,107.351061,107.642467,106.797095,107.043937,79.694896,13698190.000000
2014-11-13,106.640782,107.212493,106.481448,106.931551,79.611224,10845930.000000
2014-11-14,107.053791,108.236814,106.636392,107.844914,80.291229,14318771.000000
2014-11-17,108.215965,108.754915,107.734443,108.453002,80.743954,16770801.000000
2014-11-18,108.673952,109.148697,108.293841,108.963236,81.123827,15195384.000000
2014-11-19,109.157178,109.711488,108.694158,109.304428,81.377846,8376962.000000
2014-11-20,108.965974,109.408698,108.157263,108.553172,80.818531,24357221.000000
2014-11-21,108.600488,109.532254,108.152785,109.080747,81.211315,12765318.000000
2014-11-24,109.321353,110.953070,108.454329,110.599267,82.341863,12161890.000000
2014-11-25,110.790840,111.420248,110.285577,111.007928,82.646113,11489388.000000
2014-11-26,111.307598,112.279897,111.005176,111.958265,83.353645,9870351.000000
2014-11-27,112.203760,112.675130,111.319743,111.470139,82.990232,12788957.000000
2014-11-28,111.576562,111.895987,110.640943,111.058720,82.683928,9179353.000000
2014-12-01,111.248287,111.455701,110.869724,110.964396,82.613703,7339748.000000
2014-12-02,110.578740,111.126597,109.398881,109.859632,81.791199,29158167.000000
2014-12-03,109.759404,110.021552,109.606346,109.864100,81.794525,16990234.000000
2014-12-04,109.762002,110.479860,109.546973,110.233816,82.069782,11173839.000000
2014-12-05,110.366687,110.585012,109.875898,110.036770,81.923080,10509242.000000
2014-12-08,110.034910,110.324346,109.837227,109.965248,81.869831,15693288.000000
2014-12-09,110.158031,110.350491,109.813629,110.037539,81.923652,12001602.000000
2014-12-10,110.543402,112.576060,109.622204,111.831239,83.259074,17457911.000000
2014-12-11,111.871621,112.185561,111.618304,112.074958,83.440524,14882962.000000
2014-12-12,112.226129,113.475033,111.637557,113.006720,84.134226,19149376.000000
2014-12-15,113.154506,113.665300,112.659510,113.531623,84.525020,5653688.000000
2014-12-16,113.797472,115.206914,113.548621,114.873503,85.524058,10033143.000000
2014-12-17,114.646193,115.201879,114.082081,114.352950,85.136504,8772769.000000
2014-12-18,113.993810,114.451206,113.225841,113.641246,84.606635,8421897.000000
2014-12-19,113.867726,114.413055,113.261654,113.561505,85.143270,17815794.000000
2014-12-22,113.727007,113.993100,112.228273,112.882048,84.633844,13734124.000000
2014-12-23,113.064100,113.612430,112.696832,113.403991,85.025174,13597314.000000
2014-12-24,113.060319,113.396700,111.745417,112.490973,84.340634,15474197.000000
2014-12-25,112.429895,113.943906,111.948100,113.376387,85.004477,8447225.000000
2014-12-26,113.338804,113.625592,112.978808,113.267909,84.923146,15765397.000000
2014-12-29,113.642855,114.620291,113.217744,114.336735,85.724503,13955860.000000
2014-12-30,114.424044,114.867928,113.922234,114.073448,85.527102,9867393.000000
2014-12-31,113.811053,114.164518,113.289734,113.423145,85.039535,13778953.000000
2015-01-01,113.390571,113.839636,113.280429,113.687066,85.237410,9686980.000000
2015-01-02,113.491026,114.123851,113.363455,113.847637,85.357799,18201872.000000
2015-01-05,113.734170,113.972357,113.398857,113.772053,85.301130,19068234.000000
2015-01-06,113.344537,114.398303,110.991129,112.086027,84.037024,17498646.000000
2015-01-07,112.304416,112.527098,112.040752,112.232436,84.146795,20795917.000000
2015-01-08,112.167130,112.301605,111.064961,111.437374,83.550693,10762084.000000
2015-01-09,111.846350,112.079058,111.354665,111.415561,83.534339,10501776.000000
2015-01-12,111.400384,111.645840,111.209247,111.376853,83.505317,9556974.000000
2015-01-13,110.925617,111.669078,110.258566,110.478593,82.831843,9625996.000000
2015-01-14,110.640444,111.051780,110.180186,110.554317,82.888617,10281564.000000
2015-01-15,110.508278,111.227848,108.684478,109.428826,82.044775,8957939.000000
2015-01-16,109.508665,110.124882,109.325452,109.890757,82.391110,8574569.000000
2015-01-19,109.448190,109.900380,109.171941,109.646592,82.208046,7447862.000000
2015-01-20,110.196033,111.075473,109.608052,110.691301,82.991322,11433851.000000
2015-01-21,110.731645,111.075070,110.025048,110.357185,82.740816,9022745.000000
2015-01-22,110.005498,110.319653,108.053770,108.998804,81.722364,18975887.000000
2015-01-23,108.835761,109.718906,108.740703,109.293230,81.943112,10224476.000000
2015-01-26,109.313697,110.148824,108.930457,109.671649,82.226833,19576116.000000
2015-01-27,109.672860,109.990284,108.576150,109.069397,81.775292,15230959.000000
2015-01-28,109.707362,109.976052,109.082767,109.339542,81.977834,18498715.000000
2015-01-29,109.209523,109.503133,107.257788,107.896513,80.895916,20385601.000000
2015-01-30,107.332819,107.778511,104.929625,105.721214,79.264976,12734691.000000
2015-02-02,106.128865,106.525328,105.771347,105.913843,79.409400,14153737.000000
2015-02-03,106.066148,107.055631,105.605113,106.587096,79.914174,8736909.000000
2015-02-04,106.782051,107.618939,106.261288,107.102577,80.300659,19035080.000000
2015-02-05,107.225103,107.332863,107.010401,107.220318,80.388936,8850960.000000
2015-02-06,107.971477,108.657831,107.547779,108.220131,81.138550,13214531.000000
2015-02-09,107.738049,107.945668,107.475750,107.808138,80.829656,13644948.000000
2015-02-10,107.718441,108.371814,107.629710,108.223696,81.141223,6948162.000000
2015-02-11,108.071840,108.340534,107.909309,108.150827,81.086589,10997243.000000
2015-02-12,108.158507,109.737899,107.354021,108.991361,81.716784,7679307.000000
2015-02-13,109.269413,109.375499,108.892756,109.249373,81.910229,11915899.000000
2015-02-16,109.111301,110.335558,108.892476,110.158576,82.591908,21303455.000000
2015-02-17,110.314347,112.238442,109.678564,111.670806,83.725710,14544146.000000
2015-02-18,111.283759,112.029929,110.163736,110.836394,83.100106,11640242.000000
2015-02-19,110.835001,110.977019,110.142338,110.551962,82.886851,7974228.000000
2015-02-20,110.238442,111.063655,110.084903,110.707329,83.003338,10012497.000000
2015-02-23,110.249461,110.774139,109.814550,109.993530,82.468164,10933459.000000
2015-02-24,109.947927,110.537977,109.740713,110.333373,82.722963,14065075.000000
2015-02-25,110.456097,111.556197,110.215580,111.092990,83.292490,
2015-02-26,111.285062,113.342300,110.118034,113.013883,84.732688,14676246.000000
2015-02-27,113.099811,113.705902,111.843771,112.050309,84.010244,8662341.000000
2015-03-02,112.093371,112.444437,111.785366,111.958866,83.941684,10834665.000000
2015-03-03,112.334482,114.151794,111.475062,113.169209,84.849145,13917577.000000
2015-03-04,113.278792,113.824371,112.334007,112.638702,84.451394,14321479.000000
2015-03-05,112.931214,113.226508,111.742403,112.054706,84.013541,12268342.000000
2015-03-06,111.962140,112.227379,110.616259,111.215776,83.384549,20439825.000000
2015-03-09,111.388589,111.634134,111.074297,111.291452,83.441288,12872756.000000
2015-03-10,111.203135,111.499739,111.036018,111.308072,83.453748,8684397.000000
2015-03-11,111.429959,112.037533,110.994897,111.789912,83.815010,7859646.000000
2015-03-12,111.782763,112.279069,111.398016,112.037068,84.000317,8976556.000000
2015-03-13,111.772719,112.345574,111.601052,112.126204,84.067146,6958774.000000
2015-03-16,111.713916,112.473879,111.547141,112.183573,84.110159,9898398.000000
2015-03-17,112.272468,113.579353,111.694892,112.959559,84.691959,14308751.000000
2015-03-18,112.868206,113.029250,111.541456,111.888277,84.480121,11345068.000000
2015-03-19,111.999763,112.235740,111.845063,112.034231,84.590322,7025062.000000
2015-03-20,112.364522,112.546157,111.858477,112.037705,84.592945,7231849.000000
2015-03-23,111.392098,112.441798,109.823224,110.177713,83.188577,16514945.000000
2015-03-24,109.916433,110.447021,108.665357,109.239707,82.480345,18395470.000000
2015-03-25,109.696494,110.499429,109.272101,110.222411,83.222325,15643533.000000
2015-03-26,110.097476,110.796167,108.534901,109.091980,82.368805,13525548.000000
2015-03-27,109.545137,110.320190,108.957392,109.853683,82.943921,17993557.000000
2015-03-30,110.643424,112.016393,110.254743,111.737374,84.366183,10087578.000000
2015-03-31,111.661717,112.377021,111.496715,112.240571,84.746117,10764781.000000
2015-04-01,113.167156,117.107673,110.787278,116.341298,87.842330,40767925.000000
2015-04-02,116.616059,116.736342,116.153304,116.339424,87.840915,4881603.000000
2015-04-03,116.539146,117.772098,116.294392,117.469903,88.694472,12951190.000000
2015-04-06,117.990670,119.553832,117.262665,119.303761,90.079107,17548656.000000
2015-04-07,119.102479,119.359636,118.617530,118.833848,89.724304,11485755.000000
2015-04-08,119.103738,122.037191,118.392747,121.130141,91.458097,16903418.000000
2015-04-09,121.367939,122.432930,121.056090,121.909213,92.046328,15648288.000000
2015-04-10,121.520784,122.588558,119.633779,120.353496,90.871699,18671231.000000
2015-04-13,120.301703,120.606147,120.000015,120.409056,90.913649,13165362.000000
2015-04-14,120.670999,121.035156,119.600082,120.064234,90.653295,9637781.000000
2015-04-15,120.353149,120.459430,119.714173,119.974976,90.585902,7165575.000000
2015-04-16,119.999530,120.319549,118.996849,119.187027,89.990968,14772640.000000
2015-04-17,119.277240,120.200886,118.788332,120.015592,90.616569,14880453.000000
2015-04-20,119.412043,120.088676,119.145307,119.887563,90.519901,8811703.000000
2015-04-21,119.598408,120.300914,119.341169,120.073544,90.660324,12088374.000000
2015-04-22,120.850564,121.933496,120.159272,121.516570,91.749866,16917840.000000
2015-04-23,120.833422,122.216183,118.323483,119.289868,90.068618,20093068.000000
2015-04-24,119.306682,119.780268,118.836572,119.508846,90.233955,11892124.000000
2015-04-27,119.090857,119.652321,118.843908,119.312121,90.085419,12044037.000000
2015-04-28,119.225730,119.747714,118.548335,118.739708,89.653225,12745049.000000
2015-04-29,119.079958,119.302108,117.832193,118.415994,89.408808,8766310.000000
2015-04-30,118.156163,118.468235,117.241219,117.688295,88.859366,10554951.000000
2015-05-01,117.468626,118.328371,116.024655,116.331348,87.834817,26419291.000000
2015-05-04,116.559666,118.495634,116.192280,117.596682,88.790195,9395053.000000
2015-05-05,117.847237,118.805845,117.449476,118.292808,89.315797,11186294.000000
2015-05-06,118.852605,122.222277,118.141744,120.787486,91.199379,11742062.000000
2015-05-07,120.738860,120.885937,119.904489,120.174795,90.736773,15177685.000000
2015-05-08,119.965697,120.342619,118.851551,119.249044,90.037794,8771997.000000
2015-05-11,118.796556,119.617274,117.327846,117.875531,89.000737,16012447.000000
2015-05-12,117.382441,117.945832,116.984512,117.409204,88.648641,16875669.000000
2015-05-13,117.308497,117.545109,116.381287,116.724387,88.131577,9167097.000000
2015-05-14,116.275576,116.659094,116.065527,116.359433,87.856022,9165109.000000
2015-05-15,116.384411,116.762237,116.251641,116.565376,88.011517,8298095.000000
2015-05-18,116.713766,117.155169,116.265978,116.824226,88.206960,9229220.000000
2015-05-19,117.202020,118.198649,116.778511,117.924081,89.037394,7022190.000000
2015-05-20,118.327546,119.672786,117.589991,119.010616,89.857772,11895669.000000
2015-05-21,118.632246,119.395910,117.361543,118.134635,89.196371,13245069.000000
2015-05-22,117.641445,117.906367,116.470491,117.259620,88.535700,11306368.000000
2015-05-25,117.914724,119.958698,116.835235,119.226727,90.020943,27889672.000000
2015-05-26,119.324361,121.678627,118.161611,121.086371,91.425049,20622422.000000
2015-05-27,121.286406,123.002825,120.735560,122.401324,92.417891,11656248.000000
2015-05-28,122.788759,124.522158,122.354053,124.134814,93.726745,15756446.000000
2015-05-29,124.659220,125.147505,124.135744,124.529226,94.024543,11197142.000000
2015-06-01,124.453421,125.423487,123.731951,125.053341,94.420270,12506157.000000
2015-06-02,124.895284,125.522501,123.639224,124.258372,93.820037,13439226.000000
2015-06-03,124.222393,124.668733,122.739202,123.115975,92.957481,11925091.000000
2015-06-04,122.967862,123.346574,122.414895,122.864182,92.767368,7770565.000000
2015-06-05,122.500220,123.368022,122.294020,122.922805,92.811630,8865098.000000
2015-06-08,122.717211,123.688918,120.896495,121.607914,91.818835,12706008.000000
2015-06-09,121.888785,122.931171,121.671268,122.634551,92.593987,9710375.000000
2015-06-10,122.931981,123.079240,122.175962,122.332063,92.365597,8292870.000000
2015-06-11,121.924063,122.622299,118.189553,119.697091,90.376087,24418186.000000
2015-06-12,120.303007,123.423674,119.119287,121.896689,92.036872,14484620.000000
2015-06-15,122.050754,122.368024,121.252886,121.626827,92.480479,15192046.000000
2015-06-16,121.084933,121.664123,118.270052,119.346728,90.746777,16308463.000000
2015-06-17,119.276154,119.888008,119.123020,119.529206,90.885526,11754194.000000
2015-06-18,119.704974,120.295209,119.297979,120.066760,91.294262,17650752.000000
2015-06-19,119.896451,120.297702,119.676321,119.972430,91.222537,11808908.000000
2015-06-22,119.914205,120.013634,119.667566,119.866656,91.142110,7164796.000000
2015-06-23,119.993769,121.966626,119.133950,121.168891,92.132281,13782178.000000
2015-06-24,121.429851,121.777837,119.853806,120.273366,91.451358,14972997.000000
2015-06-25,119.910932,121.518674,119.578206,120.971118,91.981902,20984875.000000
2015-06-26,121.684135,124.829467,120.492085,123.535327,93.931630,28178341.000000
2015-06-29,123.516970,124.598261,122.897731,124.316846,94.525868,8683781.000000
2015-06-30,124.490951,126.764519,123.792970,126.218603,95.971893,10819524.000000
2015-07-01,125.471635,126.611945,122.848533,124.193545,94.432115,20086196.000000
2015-07-02,123.535360,124.123715,123.280618,124.040050,94.315403,11691988.000000
2015-07-03,124.697835,127.345461,124.049492,126.581298,96.247673,26683387.000000
2015-07-06,126.434364,127.326361,124.586856,124.907031,94.974623,9372722.000000
2015-07-07,125.541009,127.998106,124.814096,127.366121,96.844422,11206947.000000
2015-07-08,127.364670,127.894745,126.411926,126.899332,96.489493,12385968.000000
2015-07-09,127.205677,129.295512,126.823445,128.549873,97.744503,22249490.000000
2015-07-10,128.713601,131.017642,128.219468,130.103545,98.925857,10471187.000000
2015-07-13,130.147793,131.236381,129.712797,130.791205,99.448728,12839768.000000
2015-07-14,130.080616,130.349913,128.596273,129.583562,98.530482,11111226.000000
2015-07-15,129.974007,132.568602,128.922132,131.362570,99.883172,16081570.000000
2015-07-16,131.764910,132.110842,131.407903,131.866175,100.266095,21480576.000000
2015-07-17,131.366317,131.848684,130.760443,131.174808,99.740405,19584045.000000
2015-07-20,131.684006,131.799774,130.950880,131.209050,99.766442,7032603.000000
2015-07-21,131.168891,133.419898,130.701535,132.616290,100.836454,18264552.000000
2015-07-22,132.849136,132.978405,132.549951,132.810328,100.983993,16133613.000000
2015-07-23,133.216622,133.673668,132.371856,132.890309,101.044808,11209814.000000
2015-07-24,133.310843,133.718178,132.738113,133.260123,101.326000,11723721.000000
2015-07-27,132.652247,133.194996,130.115439,130.920299,99.546886,13480423.000000
2015-07-28,130.507939,131.137633,129.229726,129.917347,98.784279,16583747.000000
2015-07-29,130.261525,130.439512,129.579014,129.716039,98.631212,6280218.000000
2015-07-30,130.672006,133.094224,129.341189,131.820273,100.231193,11625094.000000
2015-07-31,132.032019,132.389422,131.731026,132.022523,100.384976,10624917.000000
2015-08-03,132.263514,134.013461,131.287271,133.157423,101.247912,13993315.000000
2015-08-04,133.058272,133.881227,132.411580,133.666410,101.634926,10596808.000000
2015-08-05,134.402231,135.540867,134.108518,135.240485,102.831793,7734517.000000
2015-08-06,135.821763,137.176245,135.045572,136.465689,103.763393,13911764.000000
2015-08-07,136.880058,138.019065,136.415140,137.504080,104.552946,19012200.000000
2015-08-10,136.555430,137.410495,135.367774,136.320467,103.652971,15040565.000000
2015-08-11,136.423965,137.492259,135.815885,137.042436,104.201929,8985190.000000
2015-08-12,137.460866,139.783133,135.975160,139.413796,106.005023,18309485.000000
2015-08-13,139.813923,140.876284,139.502815,140.386514,106.744641,16956371.000000
2015-08-14,139.878714,140.184444,138.633477,139.152921,105.806663,13188730.000000
2015-08-17,139.169685,139.978872,138.783477,139.731303,106.246443,10347829.000000
2015-08-18,139.002284,139.670576,137.205683,138.002823,104.932172,10718126.000000
2015-08-19,137.371379,137.883899,134.974903,135.985984,103.398643,11362823.000000
2015-08-20,136.272308,136.738068,134.897401,135.386825,102.943065,17828783.000000
2015-08-21,136.051707,138.222682,135.353109,137.296642,104.395219,24608939.000000
2015-08-24,136.549229,137.296164,134.734606,135.470854,103.006958,14008325.000000
2015-08-25,135.119289,135.611230,134.531298,135.065745,102.698928,12258968.000000
2015-08-26,135.539934,137.473502,134.299177,136.725887,103.961238,23947227.000000
2015-08-27,136.659746,136.947712,136.598021,136.715890,103.953636,9517291.000000
2015-08-28,136.837766,137.793447,136.230401,137.484644,104.538168,14630122.000000
2015-08-31,137.866960,138.644653,137.634809,138.044401,104.963786,11010415.000000
2015-09-01,138.191748,139.995865,138.008856,139.217009,105.855393,20855861.000000
2015-09-02,139.473058,140.947567,138.736890,140.585890,106.896239,17548129.000000
2015-09-03,140.595616,141.097203,140.307539,140.832253,107.083564,11426036.000000
2015-09-04,140.709052,141.296517,140.520101,140.970466,107.188656,6166489.000000
2015-09-07,141.270907,141.609449,140.975355,141.329076,107.461330,13904010.000000
2015-09-08,140.363053,142.393904,133.979179,135.977104,103.391891,25882814.000000
2015-09-09,135.998381,137.561725,135.676362,137.325410,104.417092,12994038.000000
2015-09-10,136.982640,137.989657,133.578584,134.766347,103.193633,8796134.000000
2015-09-11,135.450217,135.959438,135.283073,135.626816,103.852513,7107415.000000
2015-09-14,135.662923,135.867617,134.909304,135.299347,103.601763,13363385.000000
2015-09-15,134.925657,135.205886,133.925760,134.469843,102.966592,15151910.000000
2015-09-16,134.845956,135.550617,134.466812,134.804691,103.222993,10040866.000000
2015-09-17,134.778155,134.993082,134.133588,134.336240,102.864290,9254104.000000
2015-09-18,134.517127,135.150391,134.176540,134.705720,103.147209,9537925.000000
2015-09-21,135.409394,135.973807,134.828341,135.147459,103.485458,13683921.000000
2015-09-22,134.464635,135.192496,131.782918,132.726972,101.632037,16311262.000000
2015-09-23,133.062760,136.090449,132.068165,134.894180,103.291517,19055858.000000
2015-09-24,134.975390,137.620501,134.587710,136.388031,104.435392,20785802.000000
2015-09-25,136.252930,138.014756,136.017232,137.409257,105.217368,18207307.000000
2015-09-28,137.466845,137.874819,136.592687,136.807236,104.756387,21427094.000000
2015-09-29,136.277232,137.257947,134.742001,135.446003,103.714060,9618986.000000
2015-09-30,135.601049,135.848919,134.470040,134.793128,103.214139,13134089.000000
2015-10-01,134.218325,134.818228,133.809280,134.616923,103.079215,11697474.000000
2015-10-02,134.339531,134.515700,133.532514,133.809835,102.461209,7487088.000000
2015-10-05,134.685758,137.622091,133.525075,136.293042,104.362657,22296778.000000
2015-10-06,135.544677,136.779525,133.367283,133.924584,102.549075,14818630.000000
2015-10-07,133.801264,134.268706,132.783322,133.273355,102.050414,12219511.000000
2015-10-08,133.403361,136.011166,132.860931,135.268176,103.577894,17150141.000000
2015-10-09,135.379630,135.764902,133.193532,134.110857,102.691709,8848602.000000
2015-10-12,134.558994,136.084083,134.232669,135.267569,103.577429,24050633.000000
2015-10-13,136.221599,138.938352,135.480163,138.453933,106.017300,35675938.000000
2015-10-14,138.019326,138.461706,137.287287,137.709676,105.447406,10588901.000000
2015-10-15,137.998526,138.381985,135.880882,136.561648,104.568335,12045386.000000
2015-10-16,136.522693,136.891055,136.013581,136.143831,104.248403,10748318.000000
2015-10-19,136.596936,137.384620,136.081481,137.031925,104.928437,13532326.000000
2015-10-20,136.776487,137.192473,136.599891,136.768452,104.726689,17962324.000000
2015-10-21,136.600189,138.408396,135.697000,137.857875,105.560885,15000666.000000
2015-10-22,137.994039,138.148264,137.491814,137.620649,105.379236,10297569.000000
2015-10-23,138.123975,138.828985,137.570804,138.540469,106.083563,17354217.000000
2015-10-26,138.386319,138.835428,136.821689,137.264609,105.106608,14979233.000000
2015-10-27,137.487388,137.659551,135.564407,136.268362,104.343759,18701376.000000
2015-10-28,136.573978,136.857754,135.800913,136.211452,104.300182,7084701.000000
2015-10-29,136.323737,136.754307,134.933944,135.570690,103.809536,11454414.000000
2015-10-30,135.385514,135.520368,134.931178,135.263572,103.574369,15168675.000000
2015-11-02,134.275186,135.776992,130.379558,131.771011,100.900036,58092726.000000
2015-11-03,131.315006,131.946816,131.053610,131.465618,100.666189,9609641.000000
2015-11-04,130.718527,131.475343,129.392238,129.797403,99.388800,18445216.000000
2015-11-05,129.309077,129.986279,126.929957,128.016105,98.024820,13607170.000000
2015-11-06,127.521032,128.019986,125.033485,125.507132,96.103643,15825284.000000
2015-11-09,124.948619,125.841209,123.338272,123.710987,94.728294,17515417.000000
2015-11-10,122.821837,123.131232,120.776169,121.904719,93.345194,10494096.000000
2015-11-11,121.822550,122.203615,121.479510,122.094040,93.490161,11957258.000000
2015-11-12,121.535430,122.207490,120.409949,120.692045,92.416622,18666414.000000
2015-11-13,120.500502,121.009004,119.091257,119.722194,91.673985,11508193.000000
2015-11-16,119.681641,120.125965,119.013514,119.213028,91.284105,9245339.000000
2015-11-17,118.755104,120.173173,118.020841,119.576278,91.562254,7190394.000000
2015-11-18,119.364123,119.894465,117.479235,117.837474,90.230813,12512421.000000
2015-11-19,117.424012,117.771608,117.261259,117.397469,89.893891,12890675.000000
2015-11-20,116.579129,116.851523,114.980404,115.357482,88.331827,14721931.000000
2015-11-23,115.576844,115.876543,114.992620,115.148051,88.171460,8404195.000000
2015-11-24,115.195401,115.706447,113.983498,114.450792,87.637554,13618081.000000
2015-11-25,114.641708,114.718467,114.375837,114.447722,87.635203,7259218.000000
2015-11-26,114.606624,114.974030,114.407465,114.762782,87.876451,10809856.000000
2015-11-27,115.355685,115.441324,114.492999,114.835464,87.932106,13784042.000000
2015-11-30,114.624288,114.798754,114.498327,114.710892,87.836718,7219380.000000
2015-12-01,114.916204,115.265513,114.426454,115.119020,88.149231,9029152.000000
2015-12-02,114.450908,114.793791,113.930271,114.328030,87.543552,16374611.000000
2015-12-03,114.151744,114.317441,113.913804,114.119669,87.384005,13117035.000000
2015-12-04,114.160157,114.526074,113.952921,114.403819,87.601585,9834497.000000
2015-12-07,114.051742,114.776680,113.281433,113.438468,86.862394,24070925.000000
2015-12-08,113.954198,114.576697,113.646667,113.836697,87.781799,13710842.000000
2015-12-09,113.955677,115.260523,113.130072,114.802266,88.526370,9239860.000000
2015-12-10,114.943483,115.425228,114.753520,115.176458,88.814917,11394769.000000
2015-12-11,115.323860,117.130007,114.793825,116.433001,89.783863,12639508.000000
2015-12-14,116.684227,116.903452,115.994297,116.119766,89.542321,9967622.000000
2015-12-15,115.719445,116.170601,114.974235,115.133876,88.782081,19978933.000000
2015-12-16,115.456069,115.769153,114.577650,114.909651,88.609176,13722482.000000
2015-12-17,115.066818,115.307138,114.165370,114.312149,88.148430,5447630.000000
2015-12-18,114.822694,115.176589,114.373088,114.846171,88.560226,15708623.000000
2015-12-21,114.060765,115.884733,110.632517,111.430755,85.926529,50535226.000000
2015-12-22,111.529478,112.884780,111.193301,112.312971,86.606823,14679105.000000
2015-12-23,112.645395,112.979789,112.088897,112.781049,86.967768,12322533.000000
2015-12-24,112.716043,113.472058,110.877618,111.643749,86.090773,13724841.000000
2015-12-25,111.603405,112.718581,111.102168,112.336058,86.624627,19888681.000000
2015-12-28,111.958366,112.503303,110.380398,111.030444,85.617841,18679223.000000
2015-12-29,110.589512,111.141920,109.313321,109.915176,84.757835,23054222.000000
2015-12-30,109.837105,110.013473,109.344678,109.637248,84.543519,6514161.000000
2015-12-31,109.071399,109.570956,107.156616,108.196378,83.432435,14471746.000000
2016-01-01,108.566994,108.872963,107.501752,107.784639,83.114934,15297798.000000
2016-01-04,106.981527,107.514665,104.267287,105.202044,81.123443,31461297.000000
2016-01-05,104.881280,105.529491,103.954879,104.173171,80.330057,13202944.000000
2016-01-06,104.237435,105.688758,103.550510,105.287867,81.189623,10339731.000000
2016-01-07,105.032749,105.465551,104.796547,105.384275,81.263965,10223925.000000
2016-01-08,104.854585,105.072037,103.763955,104.077488,80.256274,10507077.000000
2016-01-11,103.986137,104.618674,103.593507,104.382932,80.491809,11288228.000000
2016-01-12,104.341581,105.473487,103.782758,105.207396,81.127570,19814372.000000
2016-01-13,105.073485,105.392323,104.592602,104.958555,80.935684,13208399.000000
2016-01-14,105.096254,105.481462,104.068044,104.466978,80.556618,9571270.000000
2016-01-15,104.375056,104.889580,104.177974,104.628251,80.680979,5927121.000000
2016-01-18,104.306560,104.493018,103.520948,103.992029,80.190375,9377151.000000
2016-01-19,104.297172,105.281383,103.589947,104.816041,80.825788,14888688.000000
2016-01-20,104.536413,104.940867,104.207388,104.578717,80.642782,13606265.000000
2016-01-21,104.807206,105.448683,104.602165,104.987041,80.957649,9611474.000000
2016-01-22,104.952991,105.217687,104.503082,104.697291,80.734217,13779025.000000
2016-01-25,104.293419,104.560059,104.010944,104.346936,80.464051,12686215.000000
2016-01-26,105.151776,106.011987,104.366919,105.486701,81.342947,11415498.000000
2016-01-27,105.711282,106.896007,105.054288,106.331075,81.994061,17251487.000000
2016-01-28,106.048565,106.438018,105.658946,105.787353,81.574786,7234229.000000
2016-01-29,105.709801,105.947631,105.039379,105.408647,81.282758,12972094.000000
2016-02-01,105.827646,106.567818,105.459401,106.040318,81.769853,15380465.000000
2016-02-02,105.250555,105.938228,102.901964,103.611593,79.897013,30156233.000000
2016-02-03,103.809111,104.664468,103.492908,104.154866,80.315943,12941627.000000
2016-02-04,104.248164,104.413223,102.954212,103.559603,79.856923,9558484.000000
2016-02-05,103.739070,104.689371,103.574905,104.471126,80.559816,13056425.000000
2016-02-08,104.680092,105.193173,104.269823,104.795930,80.810280,9453493.000000
2016-02-09,104.597296,105.145036,104.380747,104.946443,80.926344,9125878.000000
2016-02-10,105.098983,105.839523,104.622361,105.420668,81.292028,10480782.000000
2016-02-11,105.504755,106.624433,104.906719,106.098114,81.814421,13682895.000000
2016-02-12,106.260351,106.422536,106.026399,106.252212,81.933249,11066813.000000
2016-02-15,106.513621,107.440617,106.156047,107.190630,82.656882,13916428.000000
2016-02-16,107.804543,108.251916,107.576016,108.043253,83.314357,14276189.000000
2016-02-17,108.234545,108.690516,106.974012,107.263048,82.712725,10023176.000000
2016-02-18,106.906878,107.509365,106.692442,107.305614,82.745548,11978354.000000
2016-02-19,107.537512,108.842740,107.258922,108.237266,83.463965,12534557.000000
2016-02-22,108.331359,108.647616,108.075119,108.391172,83.582644,11728578.000000
2016-02-23,108.369670,108.797881,106.911555,107.323136,82.759060,20886596.000000
2016-02-24,106.678152,107.233363,105.114744,105.727819,81.528879,13578034.000000
2016-02-25,105.749082,107.246479,105.200085,106.709559,82.285918,12704271.000000
2016-02-26,107.029401,107.240356,106.181575,106.535981,82.152069,11347454.000000
2016-02-29,107.051484,108.242897,106.588406,107.535906,82.923131,17320229.000000
2016-03-01,107.783409,108.512560,107.236052,108.139088,83.388257,9258070.000000
2016-03-02,108.208134,108.728689,106.184605,106.860091,82.401997,13143080.000000
2016-03-03,106.826127,107.698807,106.680014,107.266948,82.715732,15883488.000000
2016-03-04,107.856965,109.101522,106.751889,108.313835,84.111790,11051324.000000
2016-03-07,108.622435,108.743808,108.388857,108.480950,84.241565,9730017.000000
2016-03-08,108.552367,108.944030,108.450043,108.729193,84.434340,11428162.000000
2016-03-09,108.796636,109.586217,108.244414,109.266335,84.851461,11104937.000000
2016-03-10,109.278572,109.477870,108.681798,109.059909,84.691159,12669821.000000
2016-03-11,108.767647,109.253209,106.439328,107.349373,83.362832,12884031.000000
2016-03-14,107.037977,107.595706,106.925738,107.319183,83.339387,11802409.000000
2016-03-15,107.946509,109.487604,107.236031,108.639298,84.364531,10362059.000000
2016-03-16,108.637886,108.767527,107.786336,108.121808,83.962671,13598472.000000
2016-03-17,107.745659,108.566480,106.505417,106.949317,83.052166,15077088.000000
2016-03-18,107.128328,107.684973,106.849644,107.463202,83.451227,12501888.000000
2016-03-21,107.323387,107.713435,107.114770,107.221612,83.263618,8493858.000000
2016-03-22,107.200372,107.460499,106.741691,106.907977,83.020063,12121220.000000
2016-03-23,107.371973,107.767476,107.003956,107.572164,83.535841,10169892.000000
2016-03-24,107.151207,108.297018,106.735936,107.837628,83.741989,21746835.000000
2016-03-25,107.815376,108.391654,107.520044,108.239306,84.053914,7379463.000000
2016-03-28,108.121395,108.387658,106.985453,107.402235,83.403882,18108511.000000
2016-03-29,107.790032,108.857419,107.004921,108.552367,84.297024,15408933.000000
2016-03-30,108.570742,108.767473,108.264350,108.661220,84.381554,7239530.000000
2016-03-31,108.864642,109.059007,108.559950,108.886332,84.556367,13376277.000000
2016-04-01,108.783804,110.907704,107.529131,110.650324,85.926206,14625580.000000
2016-04-04,110.982560,111.132549,110.683796,110.842337,86.075315,14621087.000000
2016-04-05,110.423064,111.114742,110.306127,110.894211,86.115598,13005866.000000
2016-04-06,110.825306,111.113158,109.061687,109.537797,85.062266,15211752.000000
2016-04-07,109.764743,109.993007,109.370008,109.613572,85.121110,6964172.000000
2016-04-08,109.786706,109.941169,109.497636,109.652206,85.151111,8506715.000000
2016-04-11,109.271196,109.409267,108.983482,109.198884,84.799081,16038349.000000
2016-04-12,109.133400,109.527204,108.454559,108.688110,84.402436,11063448.000000
2016-04-13,108.718851,110.208119,108.332232,109.794064,85.261272,11403101.000000
2016-04-14,109.942746,110.097714,109.420509,109.634822,85.137612,8092036.000000
2016-04-15,109.751234,110.069220,109.454487,109.669618,85.164633,11190019.000000
2016-04-18,110.070288,111.535778,109.805190,110.707438,85.970558,13103164.000000
2016-04-19,110.953221,111.628239,110.528341,111.189099,86.344595,7958702.000000
2016-04-20,111.429968,111.979592,111.135355,111.572450,86.642288,12189554.000000
2016-04-21,111.781043,111.915411,111.446842,111.699383,86.740860,11365445.000000
2016-04-22,111.475105,111.763476,111.292793,111.485909,86.575084,8980304.000000
2016-04-25,111.051714,111.245449,109.740177,110.169909,85.553136,8044732.000000
2016-04-26,109.983134,110.189106,109.015058,109.608922,85.117499,12867849.000000
2016-04-27,109.448238,110.057595,108.755066,108.896661,84.564388,11596159.000000
2016-04-28,108.151246,109.615424,105.942403,106.253786,82.512046,20074630.000000
2016-04-29,106.451586,106.610214,105.165711,105.588526,81.995435,12622344.000000
2016-05-02,105.411197,105.865760,105.234564,105.720659,82.098043,23798987.000000
2016-05-03,105.323366,106.082385,105.000389,105.829682,82.182706,9111466.000000
2016-05-04,106.283806,107.898442,105.505789,107.284666,83.312583,15327959.000000
2016-05-05,107.208800,107.488613,107.078329,107.392114,83.396023,9523176.000000
2016-05-06,107.229389,107.666980,106.750844,106.980773,83.076593,8874685.000000
2016-05-09,107.223497,108.732884,106.406146,108.423498,84.196950,13222621.000000
2016-05-10,108.911119,110.166792,107.894467,109.834061,85.292331,11320282.000000
2016-05-11,109.915890,110.552191,108.649679,109.261436,84.847657,19060379.000000
2016-05-12,109.703822,110.243447,109.355214,110.025904,85.441309,15731377.000000
2016-05-13,110.300300,110.697687,109.839262,110.147876,85.536027,5630374.000000
2016-05-16,110.061548,110.275573,109.535681,109.813718,85.276534,7718032.000000
2016-05-17,109.682372,110.197062,108.897068,109.316000,84.890028,4131086.000000
2016-05-18,109.533013,110.561057,109.316306,110.195740,85.573196,20535871.000000
2016-05-19,111.048125,113.226313,109.989700,112.202513,87.131568,15491062.000000
2016-05-20,112.543572,114.340593,111.539544,113.725739,88.314439,10336379.000000
2016-05-23,114.147268,115.590328,113.780990,114.716761,89.084023,11242036.000000
2016-05-24,114.582235,115.927350,114.245646,115.334521,89.563748,9708967.000000
2016-05-25,115.324350,115.547061,114.937824,115.281214,89.522353,8682704.000000
2016-05-26,115.260398,115.751118,114.716421,114.931977,89.251150,11062819.000000
2016-05-27,114.742050,115.104572,114.513961,115.028833,89.326365,17424156.000000
2016-05-30,115.144770,116.562235,114.700793,116.100855,90.158850,16286356.000000
2016-05-31,115.894273,116.946993,113.677802,114.309204,88.767533,20386364.000000
2016-06-01,113.648922,113.904443,111.693200,112.022177,87.604760,13488807.000000
2016-06-02,112.294639,114.374490,111.743653,113.370188,88.658946,18082080.000000
2016-06-03,112.788150,113.230303,111.786733,112.499806,87.978281,9821161.000000
2016-06-06,112.676741,113.498384,112.505143,113.029300,88.392361,17963311.000000
2016-06-07,113.550518,115.839527,113.052911,115.289777,90.160123,17170049.000000
2016-06-08,115.417857,115.647396,113.671878,114.349258,89.424608,9585860.000000
2016-06-09,114.072905,114.206469,113.654090,113.895620,89.069850,12619197.000000
2016-06-10,114.189247,114.601486,113.870921,114.261017,89.355602,7229908.000000
2016-06-13,114.318366,115.420012,113.955435,115.024147,89.952393,9420534.000000
2016-06-14,114.503192,115.140660,114.196026,114.634663,89.647804,12524731.000000
2016-06-15,115.065721,115.268521,114.685800,115.131122,90.036050,11803083.000000
2016-06-16,115.245792,115.487722,114.977756,115.123694,90.030241,7145308.000000
2016-06-17,114.907626,115.159668,114.366198,114.611101,89.629378,17035119.000000
2016-06-20,114.738088,115.359193,114.456704,114.991734,89.927045,8880878.000000
2016-06-21,115.272897,115.601852,114.990519,115.290400,90.160611,14835563.000000
2016-06-22,114.985705,115.314037,114.056877,114.665252,89.671726,8873625.000000
2016-06-23,114.364577,114.770549,112.566381,113.389788,88.674274,12635260.000000
2016-06-24,113.192423,114.009747,112.749700,113.830665,89.019053,15861026.000000
2016-06-27,113.700668,114.158254,112.244564,112.977958,88.352211,12238453.000000
2016-06-28,113.273212,114.362459,113.121370,113.731474,88.941483,10127448.000000
2016-06-29,113.788554,115.260320,113.170369,114.937457,89.884598,12867629.000000
2016-06-30,115.092468,115.290488,114.986862,115.078726,89.995075,16411032.000000
2016-07-01,115.022662,115.262259,113.882508,114.423477,89.482650,12880298.000000
2016-07-04,114.047992,114.584779,112.766266,113.211961,88.535208,6091711.000000
2016-07-05,112.780992,113.377098,111.496064,111.768003,87.405989,22352471.000000
2016-07-06,112.234958,112.777931,110.536359,111.116731,86.896674,8971141.000000
2016-07-07,110.920027,111.275597,109.810169,110.437762,86.365699,8588556.000000
2016-07-08,110.650003,111.575543,110.385980,111.279678,87.024103,14948602.000000
2016-07-11,111.436431,114.472693,109.959116,113.479278,88.744258,19192259.000000
2016-07-12,113.558968,113.902703,113.428349,113.707657,88.922857,11256118.000000
2016-07-13,113.173511,113.976107,112.371680,112.668594,88.110278,13794183.000000
2016-07-14,112.615291,112.839442,112.208298,112.527905,88.000255,8357079.000000
2016-07-15,112.719663,113.195927,111.688025,112.034290,87.614233,13348710.000000
2016-07-18,111.338791,112.231853,109.264370,110.357267,86.302750,13577916.000000
2016-07-19,110.404185,111.066109,110.085149,110.901748,86.728550,6906360.000000
2016-07-20,111.170802,111.546664,110.447207,110.617383,86.506169,11441430.000000
2016-07-21,110.712743,111.233412,110.472769,110.926967,86.748273,7466392.000000
2016-07-22,111.364305,111.614017,110.883009,111.444258,87.152810,11952471.000000
2016-07-25,110.939368,111.254606,109.158823,110.030767,86.047417,21463269.000000
2016-07-26,110.382153,110.864203,109.839322,110.726143,86.591222,16937653.000000
2016-07-27,110.401280,111.230613,109.155159,109.727283,85.810083,15685965.000000
2016-07-28,110.274176,113.275728,108.497674,112.798413,88.211800,27077735.000000
2016-07-29,112.548314,113.071448,111.477916,112.026989,87.608524,10455813.000000
2016-08-01,110.864488,112.060132,109.045546,110.091422,86.094851,21673618.000000
2016-08-02,110.964838,113.646893,109.554402,112.524098,87.997277,11949711.000000
2016-08-03,111.914781,112.943796,108.880418,109.824164,85.885847,13978302.000000
2016-08-04,110.064584,110.830183,109.778999,110.480642,86.399233,6957956.000000
2016-08-05,111.230391,111.894086,110.733638,111.323305,87.058221,13673243.000000
2016-08-08,110.692051,111.871145,109.211265,109.775177,85.847538,6908002.000000
2016-08-09,110.322545,113.415456,109.276424,112.351261,87.862114,16452610.000000
2016-08-10,112.781917,114.349667,112.579965,113.877268,89.055498,11538575.000000
2016-08-11,113.463420,113.787527,112.623838,112.909489,88.298665,12072503.000000
2016-08-12,112.457015,112.915226,109.662468,110.664556,86.543059,11218119.000000
2016-08-15,111.174949,111.556714,110.478171,110.935075,86.754613,8845338.000000
2016-08-16,111.081902,111.265457,110.251748,110.623514,86.510964,23877438.000000
2016-08-17,110.882024,111.102354,109.661820,110.219113,86.194709,9749627.000000
2016-08-18,110.158592,110.252869,109.739978,110.032098,86.048458,8278942.000000
2016-08-19,109.893191,110.159107,109.414764,109.793558,85.861912,11477471.000000
2016-08-22,109.976371,110.145468,109.535244,109.890762,85.937929,9989369.000000
2016-08-23,110.359880,111.516134,109.430370,111.013897,86.816255,14058623.000000
2016-08-24,110.466728,110.984583,110.129313,110.542433,86.447556,17021570.000000
2016-08-25,110.488728,110.580237,110.055764,110.318813,86.272677,9938966.000000
2016-08-26,110.743084,112.223190,109.729738,111.900988,87.509987,14754404.000000
2016-08-29,111.487168,111.568177,110.742080,111.011520,87.426380,11900858.000000
2016-08-30,111.046219,111.422670,110.864010,111.054201,87.459993,16242491.000000
2016-08-31,110.675419,111.166450,109.266252,109.820868,86.488690,10874721.000000
2016-09-01,109.625522,110.380255,108.695850,108.859717,85.731742,10279292.000000
2016-09-02,108.618885,109.543900,108.255951,109.222700,86.017607,10393310.000000
2016-09-05,108.923144,109.334280,106.317906,107.432915,84.608074,13558522.000000
2016-09-06,106.742854,107.120096,106.416047,106.574758,83.932238,21317846.000000
2016-09-07,106.615862,107.903256,106.424603,107.291023,84.496328,14256529.000000
2016-09-08,107.440994,107.803634,107.272331,107.514647,84.672441,14224695.000000
2016-09-09,107.613920,108.155270,107.470593,107.958686,85.022142,11755325.000000
2016-09-12,108.095321,108.513160,106.924943,107.198167,84.423200,12135354.000000
2016-09-13,107.287442,107.748051,107.150964,107.332003,84.528602,12659039.000000
2016-09-14,108.018294,108.922313,107.192673,108.372027,85.347666,14643215.000000
2016-09-15,108.816784,109.815556,108.373743,109.522669,86.253846,17195905.000000
2016-09-16,109.568996,109.654617,108.973572,109.244587,86.034844,10298059.000000
2016-09-19,109.422918,110.216031,107.412030,107.835180,84.924875,17958934.000000
2016-09-20,107.775525,108.562108,105.545790,106.354422,83.758714,5520997.000000
2016-09-21,106.507687,107.166358,106.322562,106.792875,84.104015,10795885.000000
2016-09-22,106.935131,107.536264,106.737752,107.252203,84.465755,12965125.000000
2016-09-23,106.964602,107.192584,106.727455,106.884823,84.176428,10455328.000000
2016-09-26,106.438044,107.048853,102.694697,104.023902,81.923328,28376944.000000
2016-09-27,104.491119,106.251429,103.839494,105.884059,83.388283,17841280.000000
2016-09-28,105.560174,105.763835,104.521464,104.969511,82.668037,15139269.000000
2016-09-29,104.938636,105.244597,103.461673,103.777718,81.729448,12960046.000000
2016-09-30,103.291636,103.546381,102.736330,103.123690,81.214373,9098347.000000
2016-10-03,102.950331,103.082161,102.516710,102.682984,80.867297,8769687.000000
2016-10-04,102.545769,102.858786,101.742400,102.197749,80.485154,15127561.000000
2016-10-05,101.974804,102.377773,101.228739,101.418327,79.871325,14379264.000000
2016-10-06,101.935387,102.122509,101.241984,101.516955,79.948999,10670750.000000
2016-10-07,102.184954,102.982573,101.647753,102.458098,80.690190,15237915.000000
2016-10-10,102.569908,103.426561,102.203867,103.111681,81.204915,6076786.000000
2016-10-11,103.111978,103.218628,102.589411,102.787168,80.949347,4403117.000000
2016-10-12,102.920570,105.667296,101.642160,105.174764,82.829682,17226562.000000
2016-10-13,105.732066,106.071467,105.205918,105.817699,83.336022,10661163.000000
2016-10-14,105.707618,106.388436,104.465621,104.721791,82.472947,12140001.000000
2016-10-17,105.311796,105.794767,105.155207,105.352935,82.969999,10396028.000000
2016-10-18,105.366461,105.715130,104.816860,105.038028,82.721997,8669480.000000
2016-10-19,104.739451,105.278107,103.080150,103.781147,81.732148,15353127.000000
2016-10-20,103.823240,104.962770,103.224091,104.573423,82.356100,8446776.000000
2016-10-21,105.286617,106.569141,104.642968,105.997992,83.478010,10753370.000000
2016-10-24,105.733225,105.972150,104.966339,105.274484,82.908216,13461443.000000
2016-10-25,105.793469,107.122248,104.923906,106.531589,83.898241,6665318.000000
2016-10-26,106.676953,107.395210,106.255837,107.093434,84.340718,9447173.000000
2016-10-27,107.138185,107.499750,106.500759,106.862875,84.159143,16866126.000000
2016-10-28,106.899188,107.938653,106.372200,107.349030,84.542011,16040374.000000
2016-10-31,107.293409,107.892429,106.920149,107.684497,84.806205,13715103.000000
2016-11-01,107.560165,108.270571,106.580489,106.834724,84.136972,15829397.000000
2016-11-02,106.945288,107.152517,106.277745,106.508868,83.880347,10801191.000000
2016-11-03,105.719549,106.337192,105.315664,105.872434,83.379127,16239837.000000
2016-11-04,106.223512,106.390752,105.728410,106.128449,83.580751,14540534.000000
2016-11-07,106.489649,107.568547,106.325071,107.240453,84.456502,10697505.000000
2016-11-08,107.811137,108.222749,107.595217,107.754705,84.861497,18809141.000000
2016-11-09,106.871259,107.413516,105.030506,105.739557,83.274481,12597222.000000
2016-11-10,106.090800,106.844086,105.809949,106.593756,83.947200,15681931.000000
2016-11-11,106.386023,106.767588,105.104985,105.318664,82.943009,13102572.000000
2016-11-14,105.687613,108.087366,105.178770,107.683960,84.805783,25010963.000000
2016-11-15,107.977316,109.578940,107.340050,109.004287,85.845597,11789814.000000
2016-11-16,108.867609,109.130561,108.649725,108.753248,85.647893,9360294.000000
2016-11-17,108.830728,109.852653,108.656794,109.326350,86.099236,9929763.000000
2016-11-18,109.363023,109.828674,109.057651,109.573776,86.294095,12069732.000000
2016-11-21,109.226350,109.640802,108.766799,109.203231,86.002274,11976358.000000
2016-11-22,109.319119,111.198683,108.478740,110.333957,86.892770,11628336.000000
2016-11-23,109.822942,111.355772,109.495627,110.833018,87.285803,12365095.000000
2016-11-24,111.283142,111.534581,110.901692,111.151488,88.153687,15443049.000000
2016-11-25,110.950338,112.367863,110.509238,111.718378,88.603285,6785737.000000
2016-11-28,111.245080,111.785695,109.936938,110.481744,87.622516,10170531.000000
2016-11-29,110.833133,111.501311,110.437978,111.053362,88.075864,23946064.000000
2016-11-30,110.816512,111.614093,109.321873,109.807332,87.087643,18730339.000000
2016-12-01,109.557696,110.867449,109.252532,110.296196,87.475360,12216820.000000
2016-12-02,110.222594,110.742437,109.968287,110.557369,87.682494,9854565.000000
2016-12-05,110.883723,111.777828,110.600936,111.189136,88.183545,13625088.000000
2016-12-06,110.852140,111.312040,110.559921,110.999546,88.033183,7988662.000000
2016-12-07,111.452217,112.766801,110.451146,112.472037,89.201008,12665709.000000
2016-12-08,112.193570,112.948268,111.185232,111.696315,88.585786,6367414.000000
2016-12-09,111.761434,112.558965,111.230549,112.375727,89.124625,8217114.000000
2016-12-12,112.529601,112.871183,112.277094,112.624269,89.321743,10947789.000000
2016-12-13,112.533827,113.842670,112.079933,113.236087,89.806972,14542533.000000
2016-12-14,113.260766,114.040237,113.134233,113.737988,90.205027,21069522.000000
2016-12-15,113.740471,113.999577,113.404402,113.563888,90.066949,8031066.000000
2016-12-16,113.806823,115.641339,113.012957,114.973733,91.185090,19470979.000000
2016-12-19,115.412460,117.077655,114.886797,116.477228,92.377504,11450946.000000
2016-12-20,116.556312,116.942747,115.712811,115.962188,91.969029,9744235.000000
2016-12-21,116.310391,116.462137,115.894409,116.111286,92.087278,16068324.000000
2016-12-22,115.937794,116.591589,113.728645,114.669389,90.943716,21443065.000000
2016-12-23,113.880953,114.211939,112.124989,112.403108,89.146340,22477372.000000
2016-12-26,112.402073,113.032986,112.273138,112.864768,89.512481,9357837.000000
2016-12-27,112.765250,113.287136,111.457731,112.058625,88.873133,9987906.000000
2016-12-28,111.828051,112.700865,111.360583,112.569375,89.278206,9973387.000000
2016-12-29,112.362200,113.046887,111.110922,111.321267,88.288338,9801861.000000
2016-12-30,110.975953,111.384463,110.744586,110.880329,87.938632,13965839.000000
2017-01-02,110.810416,111.218251,110.049229,110.308192,87.484873,7119446.000000
2017-01-03,109.636381,110.173430,107.922715,108.737633,86.239271,14300016.000000
2017-01-04,108.748061,109.365057,108.389110,109.076471,86.508002,11486279.000000
2017-01-05,109.442505,110.576492,108.749317,110.325621,87.498696,19742761.000000
2017-01-06,109.884839,110.391999,109.672432,110.199175,87.398413,7756208.000000
2017-01-09,109.795179,110.149813,108.070534,108.846826,86.325871,9998948.000000
2017-01-10,109.032516,109.944552,108.471309,109.778139,87.064491,17201623.000000
2017-01-11,109.946995,110.672506,109.474769,110.390410,87.550080,8335242.000000
2017-01-12,110.928667,111.891985,110.114913,111.446938,88.388007,27556518.000000
2017-01-13,111.685361,112.553314,111.480455,112.166020,88.958307,7865502.000000
2017-01-16,112.404619,112.673777,112.055301,112.458049,89.189914,13008887.000000
2017-01-17,113.073643,113.586453,111.515912,112.178428,88.968148,10812605.000000
2017-01-18,112.347346,112.629518,111.688799,112.045905,88.863044,15986746.000000
2017-01-19,111.577908,112.333533,108.971314,110.143484,87.354244,11078996.000000
2017-01-20,110.109407,110.491670,109.206153,109.681601,86.987927,6676459.000000
2017-01-23,110.020537,110.711812,109.476287,110.297540,87.476425,19887886.000000
2017-01-24,109.882917,110.289433,109.493937,109.701515,87.003721,13302221.000000
2017-01-25,109.130659,109.351266,108.096194,108.747287,86.246927,12163428.000000
2017-01-26,108.772581,109.048352,108.672070,108.930592,86.392305,11272900.000000
2017-01-27,108.969697,110.182096,108.690981,109.745774,87.038822,14353200.000000
2017-01-30,109.483471,109.686364,109.120011,109.418298,86.779103,14866896.000000
2017-01-31,109.347393,109.795752,108.770172,109.027243,86.468959,19922721.000000
2017-02-01,109.447917,110.743055,109.099936,110.475585,87.617632,21094433.000000
2017-02-02,110.161331,110.462550,110.019345,110.177080,87.380889,13109681.000000
2017-02-03,109.911274,110.645407,106.999807,107.850151,85.535414,21818099.000000
2017-02-06,107.419467,107.583169,106.648036,107.233606,85.046435,8505736.000000
2017-02-07,106.937196,107.108765,106.739953,106.994245,84.856598,14293076.000000
2017-02-08,106.816940,107.244620,106.574989,107.019890,84.876938,6446373.000000
2017-02-09,107.188314,108.028100,107.028153,107.624698,85.356607,12219086.000000
2017-02-10,107.428387,107.752488,107.167186,107.307165,85.104774,7016160.000000
2017-02-13,107.213408,108.223950,106.747797,107.863259,85.545809,15817831.000000
2017-02-14,108.086587,108.229183,107.680061,107.809713,85.503342,16496743.000000
2017-02-15,108.000793,109.423551,107.378516,109.004607,86.451006,14189859.000000
2017-02-16,109.206549,110.004909,107.280580,107.614496,85.348517,10476432.000000
2017-02-17,107.613896,107.836395,107.346203,107.766437,85.469020,10398203.000000
2017-02-20,107.854507,108.180893,107.208438,107.383600,85.165394,8192972.000000
2017-02-21,107.351338,108.091801,106.757071,107.484776,85.846562,11118987.000000
2017-02-22,107.979146,109.106145,107.206324,108.852499,86.938943,31203736.000000
2017-02-23,109.141914,111.239837,108.050740,110.347445,88.132935,10632319.000000
2017-02-24,110.193667,110.477040,109.565917,109.951315,87.816551,16915028.000000
2017-02-27,109.523885,109.953278,108.360862,109.003528,87.059568,13626582.000000
2017-02-28,108.990649,109.215103,108.787936,108.959145,87.024119,12088796.000000
2017-03-01,109.660680,111.160477,109.379955,110.720487,88.430879,11202857.000000
2017-03-02,110.937417,111.260928,110.385115,110.674639,88.394260,7787118.000000
2017-03-03,110.698259,111.136863,110.362406,111.032531,88.680103,13977139.000000
2017-03-06,111.283454,112.843172,110.504488,112.572548,89.910093,12961803.000000
2017-03-07,112.808181,114.435776,112.386158,113.706507,90.815770,18572522.000000
2017-03-08,113.539055,113.651562,113.328643,113.526369,90.671896,8929300.000000
2017-03-09,113.534421,114.285854,113.383429,114.030826,91.074799,8593813.000000
2017-03-10,113.557303,113.926413,112.645049,112.994117,90.246794,9766031.000000
2017-03-13,113.607865,115.073014,112.624543,114.385905,91.358396,11393266.000000
2017-03-14,114.899808,117.719110,114.073754,116.416221,92.979980,17079832.000000
2017-03-15,116.903264,118.206571,116.248584,117.696231,94.002306,13916098.000000
2017-03-16,117.521539,117.706173,116.891466,117.035168,93.474325,21453830.000000
2017-03-17,116.837615,117.170263,116.733412,117.019649,93.461930,7817016.000000
2017-03-20,116.712226,117.637348,114.685613,115.276992,92.070094,13137261.000000
2017-03-21,115.376765,115.867056,115.199802,115.548714,92.287115,13266909.000000
2017-03-22,116.037841,117.995616,115.524275,117.196610,93.603266,34569492.000000
2017-03-23,117.889454,120.178799,116.889581,119.104199,95.126830,20416760.000000
2017-03-24,119.365248,119.616792,118.527633,118.739088,94.835221,22918024.000000
2017-03-27,118.992729,120.525136,118.195876,119.938754,95.793377,12594707.000000
2017-03-28,120.018829,121.685608,119.249966,120.922033,96.578708,10880251.000000
2017-03-29,121.002871,121.497854,120.590971,121.294177,96.875934,11549946.000000
2017-03-30,121.207939,121.684049,120.102766,120.566564,96.294800,6077535.000000
2017-03-31,121.035263,121.528293,119.850063,120.145340,95.958374,11018681.000000
2017-04-03,120.121649,121.895509,119.429579,121.202379,96.802616,10248951.000000
2017-04-04,121.874572,122.867602,121.502369,122.227638,97.621476,12273962.000000
2017-04-05,122.392726,122.564887,121.966988,122.354199,97.722559,11385039.000000
2017-04-06,122.685065,123.515262,122.429128,123.090769,98.310846,7818071.000000
2017-04-07,123.062285,123.277650,122.833899,123.206747,98.403477,10438435.000000
2017-04-10,122.904443,124.050272,122.408680,123.762691,98.847501,11297988.000000
2017-04-11,123.758872,124.099612,123.681494,123.927483,98.979119,6445463.000000
2017-04-12,123.788869,124.373972,123.471447,124.154732,99.160619,7246551.000000
2017-04-13,124.090297,124.628149,123.802667,124.488761,99.427403,13340935.000000
2017-04-14,124.560501,124.977183,124.157190,124.694189,99.591476,7371501.000000
2017-04-17,124.571407,125.138456,124.322891,124.708011,99.602515,12857587.000000
2017-04-18,125.382391,125.678597,124.389990,124.720856,99.612774,11683666.000000
2017-04-19,124.536980,124.699761,123.792841,124.322424,99.294552,20057600.000000
2017-04-20,124.727345,125.132657,124.130428,124.422373,99.374380,10415154.000000
2017-04-21,124.049146,124.591801,123.465799,123.832904,98.903580,9602438.000000
2017-04-24,123.056979,123.846668,122.410650,122.816499,98.091791,10748943.000000
2017-04-25,122.760509,123.199817,121.289177,121.740522,97.232423,9025922.000000
2017-04-26,121.813618,122.618162,120.687125,120.931339,96.586141,17961285.000000
2017-04-27,120.637762,121.284501,119.367271,119.953343,95.805029,12643791.000000
2017-04-28,120.308787,120.738135,120.055539,120.182126,95.987755,18575542.000000
2017-05-01,119.856479,120.287292,119.273580,119.523479,95.461703,13289992.000000
2017-05-02,119.661738,121.310290,118.885970,120.827845,96.503482,16997773.000000
2017-05-03,120.205778,120.784321,117.650004,118.565636,94.696687,15512141.000000
2017-05-04,118.882609,119.030569,118.453471,118.803128,94.886369,9846675.000000
2017-05-05,118.730785,121.293854,117.922191,120.721807,96.418790,21523977.000000
2017-05-08,121.022080,121.332473,120.678291,120.756531,96.446524,9402193.000000
2017-05-09,120.902741,121.465617,120.584921,121.207033,96.806334,9623766.000000
2017-05-10,121.441719,121.648767,120.780344,120.983797,96.628039,7685008.000000
2017-05-11,120.733762,121.086543,119.920938,120.106657,95.927479,21895683.000000
2017-05-12,119.903828,120.100285,119.635091,119.978980,95.825505,10276709.000000
2017-05-15,120.138887,120.424508,119.629885,119.738229,95.633220,10659859.000000
2017-05-16,119.704311,119.939013,119.493948,119.621493,95.539986,12511203.000000
2017-05-17,119.483893,119.964033,119.254394,119.636030,95.551596,9313522.000000
2017-05-18,118.939812,119.266877,117.890678,118.557155,94.689914,12767342.000000
2017-05-19,118.529181,118.885052,117.121060,117.424656,94.446529,8956969.000000
2017-05-22,117.489023,117.828107,117.059783,117.512173,94.516920,16071526.000000
2017-05-23,117.841895,118.782034,117.663045,118.301960,95.152158,14680330.000000
2017-05-24,118.138157,118.387635,117.507301,117.780573,94.732798,15201649.000000
2017-05-25,117.189580,117.876560,115.785080,116.379948,93.606253,15413797.000000
2017-05-26,116.551530,116.932994,115.130032,115.497168,92.896219,13484101.000000
2017-05-29,115.966756,117.207613,115.512404,116.786451,93.933210,10099013.000000
2017-05-30,116.469846,116.852968,116.086607,116.392032,93.615973,11920128.000000
2017-05-31,116.775074,117.634842,116.405905,117.119286,94.200915,8079912.000000
2017-06-01,117.381467,118.302635,117.045524,117.702247,94.669799,10390265.000000
2017-06-02,117.617886,118.009184,117.333964,117.848507,94.787438,8897607.000000
2017-06-05,118.065255,118.650948,117.856201,118.388742,95.221958,17584169.000000
2017-06-06,118.329528,119.088308,116.933227,117.260916,94.314830,14560596.000000
2017-06-07,117.209460,117.953844,117.015472,117.641368,94.620834,10277857.000000
2017-06-08,117.731039,118.474568,117.270157,117.906031,94.833706,12405467.000000
2017-06-09,117.640433,117.881421,117.289185,117.599175,94.586897,11552543.000000
2017-06-12,116.845445,117.650357,116.088165,116.573939,93.762284,14006864.000000
2017-06-13,116.173961,116.774491,116.031210,116.520684,93.719449,11561812.000000
2017-06-14,116.119364,116.372562,115.921033,116.042119,93.334532,11243823.000000
2017-06-15,115.906395,116.424596,115.814533,116.115137,93.393261,10478562.000000
2017-06-16,115.810597,116.329423,115.714106,116.209336,93.469027,11223500.000000
2017-06-19,117.000627,117.648795,116.100477,117.303676,94.349222,13640749.000000
2017-06-20,117.374250,117.953779,117.195666,117.620365,94.603941,10832749.000000
2017-06-21,117.267720,117.415918,116.728763,117.187433,94.255726,7946196.000000
2017-06-22,117.192223,117.644782,116.645699,117.076350,94.166381,11614005.000000
2017-06-23,117.226949,117.553846,116.802989,117.441960,94.460446,7892805.000000
2017-06-26,117.219949,117.678742,116.018408,116.512854,93.713151,15122691.000000
2017-06-27,116.314564,116.806673,115.471241,115.901996,93.221829,17150880.000000
2017-06-28,116.023965,116.187104,115.483640,115.619075,92.994271,9987267.000000
2017-06-29,115.562784,115.650325,115.223679,115.377043,92.799601,13953991.000000
2017-06-30,114.779322,115.420294,112.729569,113.253787,91.091832,12093965.000000
2017-07-03,112.952819,113.756571,111.664603,112.061173,90.132593,11998042.000000
2017-07-04,111.688551,111.986484,111.437324,111.646189,89.798815,7268582.000000
2017-07-05,111.532844,111.651816,110.813733,111.221689,89.457383,16997381.000000
2017-07-06,111.111722,111.618626,110.649564,110.854839,89.162320,16086249.000000
2017-07-07,111.486328,111.936420,110.689500,111.038665,89.310174,7103660.000000
2017-07-10,111.416853,111.675862,110.920369,111.106858,89.365023,9742863.000000
2017-07-11,111.359153,112.327384,110.908426,111.790950,89.915249,10990543.000000
2017-07-12,111.955247,112.613610,109.826650,110.631392,88.982598,13126726.000000
2017-07-13,110.985962,111.237702,110.000768,110.286114,88.704885,7238652.000000
2017-07-14,110.636288,110.764234,110.028198,110.343198,88.750799,15123825.000000
2017-07-17,110.398792,110.715176,109.757185,110.104014,88.558419,13443031.000000
2017-07-18,110.041649,110.995834,109.557387,110.588734,88.948287,12419624.000000
2017-07-19,110.973937,111.177346,110.781406,110.965761,89.251536,11585355.000000
2017-07-20,111.310849,111.878519,110.851126,111.394820,89.596635,7996943.000000
2017-07-21,111.830187,112.171639,111.600548,111.777347,89.904308,9120528.000000
2017-07-24,111.858968,113.518959,111.162260,113.071010,90.944821,12987980.000000
2017-07-25,112.765327,113.388953,111.641975,112.111501,90.173073,17828408.000000
2017-07-26,111.998252,112.494991,111.605962,112.275772,90.305199,11012309.000000
2017-07-27,112.556308,112.764664,111.819911,112.027837,90.105781,7816929.000000
2017-07-28,111.818427,112.190621,111.170331,111.519084,89.696582,6543023.000000
2017-07-31,111.114746,111.906433,109.427973,110.263675,88.686837,15451871.000000
2017-08-01,110.149345,110.791122,110.044785,110.447836,88.834960,12083674.000000
2017-08-02,110.613980,111.707224,110.050667,111.191765,89.433315,9297759.000000
2017-08-03,111.195625,112.241304,108.829414,109.683524,88.220212,15611544.000000
2017-08-04,109.576021,110.106927,109.113385,109.628369,88.175850,13613015.000000
2017-08-07,109.461072,109.810025,109.190417,109.514140,88.083974,12628383.000000
2017-08-08,109.279897,109.450132,108.273192,108.862900,87.560171,6997603.000000
2017-08-09,108.856753,109.115859,108.418588,108.603210,87.351299,6053393.000000
2017-08-10,108.414510,108.658696,106.797235,107.217175,86.236489,21172318.000000
2017-08-11,107.023407,107.479957,106.307198,106.680494,85.804827,13118258.000000
2017-08-14,106.383613,106.853468,105.226516,105.812281,85.106510,7477737.000000
2017-08-15,106.093844,106.175465,105.544333,105.781589,85.081824,15816641.000000
2017-08-16,105.784250,106.148994,104.352190,104.632617,84.750944,11800446.000000
2017-08-17,104.642531,104.914689,104.391284,104.465181,84.615323,5469523.000000
2017-08-18,104.444516,105.538417,103.976673,105.319061,85.306953,20793694.000000
2017-08-21,105.533074,106.164801,105.105412,106.034081,85.886110,11908277.000000
2017-08-22,106.013459,106.273966,105.404110,105.506156,85.458498,7786952.000000
2017-08-23,105.848160,106.115533,105.551693,105.712284,85.625458,18620309.000000
2017-08-24,105.672404,105.778097,105.202428,105.562886,85.504448,9895302.000000
2017-08-25,105.178093,105.581141,104.805644,105.131267,85.154843,9097064.000000
2017-08-28,105.120287,105.989703,104.646046,105.595637,85.530976,13723895.000000
2017-08-29,105.243371,105.800059,104.429870,104.809805,84.894463,15902362.000000
2017-08-30,104.770272,104.977253,103.781756,104.108762,84.326628,10722150.000000
2017-08-31,104.135554,104.530939,103.752867,104.326478,84.502975,10278409.000000
2017-09-01,104.381480,104.548409,104.286926,104.391873,84.555945,13902417.000000
2017-09-04,104.481781,107.033919,103.738972,106.048673,85.897929,14219090.000000
2017-09-05,106.812887,107.450511,106.344306,106.943958,86.623097,11462925.000000
2017-09-06,106.678565,107.207127,105.413421,105.626871,85.556275,7954648.000000
2017-09-07,105.600762,106.020397,105.096429,105.250784,85.251651,8199909.000000
2017-09-08,105.181779,105.426858,104.863410,105.147311,85.167839,17375521.000000
2017-09-11,104.877522,105.215149,104.687528,104.968599,85.023085,8847145.000000
2017-09-12,105.289187,105.497152,104.985572,105.217753,85.224895,10682944.000000
2017-09-13,105.584486,107.547880,105.205351,106.850313,86.547246,19090296.000000
2017-09-14,107.612749,110.780783,106.653014,109.256320,88.496078,10684715.000000
2017-09-15,108.832226,109.173165,107.491119,107.919273,87.413089,13603436.000000
2017-09-18,108.054568,108.149874,107.486275,107.620296,87.170922,13877385.000000
2017-09-19,107.659517,107.985302,107.386228,107.784403,87.303846,10642280.000000
2017-09-20,107.877842,108.108765,107.702694,107.913749,87.408615,8980765.000000
2017-09-21,108.071112,109.089090,107.441522,108.672732,88.023380,15958381.000000
2017-09-22,108.915243,109.015087,108.346611,108.500510,87.883883,10269846.000000
2017-09-25,108.747718,109.563534,108.453253,109.068743,88.344143,11429239.000000
2017-09-26,108.589201,108.988345,107.026116,107.862924,87.367447,8251940.000000
2017-09-27,107.558493,108.150237,107.025115,107.395618,86.988936,4828398.000000
2017-09-28,107.540826,107.911295,107.406576,107.779388,87.299784,15335232.000000
2017-09-29,107.862951,108.098130,107.650703,107.875414,87.377563,10596618.000000
2017-10-02,108.112637,108.381123,107.819640,108.036491,87.508034,13509089.000000
2017-10-03,108.118236,109.080378,107.823749,108.678422,88.027988,9243218.000000
2017-10-04,109.082752,109.609116,108.624574,109.476948,88.674783,7846954.000000
2017-10-05,109.437774,110.089121,109.112308,109.980694,89.082810,8130843.000000
2017-10-06,110.279564,111.321692,109.776464,110.959895,89.875950,12774238.000000
2017-10-09,110.676645,111.161554,110.383875,110.970056,89.884180,9064161.000000
2017-10-10,111.359040,112.444351,110.844289,112.200640,90.880935,12153037.000000
2017-10-11,112.423256,113.444579,112.201973,112.899573,91.447061,7566755.000000
2017-10-12,113.094651,113.345752,112.655183,113.224742,91.710444,7647450.000000
2017-10-13,113.415370,113.521847,112.687458,113.040986,91.561604,9387353.000000
2017-10-16,112.650274,112.903483,111.663466,112.060445,90.767379,12047708.000000
2017-10-17,112.154378,112.331863,111.371329,111.704054,90.478708,14315809.000000
2017-10-18,111.672261,112.223184,109.956806,110.202236,89.262257,14574693.000000
2017-10-19,110.283123,111.154333,110.000484,110.974822,89.888040,19227688.000000
2017-10-20,111.109275,113.497841,110.804714,112.538639,91.154710,13576227.000000
2017-10-23,112.194011,113.451492,109.661287,110.473532,89.482002,22188438.000000
2017-10-24,110.243591,110.456649,108.846729,109.464096,88.664374,9400375.000000
2017-10-25,109.859608,111.270390,109.423111,110.718586,89.680492,10463857.000000
2017-10-26,110.161111,110.555692,109.405204,109.822822,88.954936,13077390.000000
2017-10-27,109.502609,109.857625,109.315133,109.618404,88.789361,14726348.000000
2017-10-30,109.841973,110.661461,109.461003,110.325001,89.361694,16064992.000000
2017-10-31,110.135660,110.967940,109.885916,110.709212,89.672900,15231571.000000
2017-11-01,111.085850,111.759586,110.518979,111.343531,90.186689,13378258.000000
2017-11-02,111.470143,111.901917,110.235219,110.594640,89.580098,13143023.000000
2017-11-03,110.564495,111.071590,110.285212,110.860977,89.795827,7198156.000000
2017-11-06,110.901591,111.871140,110.340868,111.442079,90.266512,7780013.000000
2017-11-07,111.466053,111.732453,111.393926,111.548418,90.352645,10907080.000000
2017-11-08,111.673118,112.008483,111.255651,111.510732,90.322120,8273313.000000
2017-11-09,111.775016,112.556966,111.546288,112.113955,90.810722,12004820.000000
2017-11-10,112.063710,112.440053,111.452119,111.821427,90.573779,10720312.000000
2017-11-13,112.052252,112.264302,110.894826,111.150037,90.664614,12255906.000000
2017-11-14,110.659866,111.360863,110.553554,111.177267,90.686825,14727752.000000
2017-11-15,111.752283,112.751378,110.981404,112.545731,91.803076,15490578.000000
2017-11-16,112.752356,112.981240,111.167399,111.733335,91.140408,16030244.000000
2017-11-17,111.332459,111.688057,109.724775,110.553150,90.177736,6751116.000000
2017-11-20,110.147628,110.426078,108.310169,109.112630,89.002710,18793437.000000
2017-11-21,109.297965,110.985936,109.008983,110.599844,90.215824,18965716.000000
2017-11-22,110.792254,111.101442,110.477640,110.647482,90.254682,9658263.000000
2017-11-23,110.360605,110.627163,109.439047,110.047462,89.765249,18015628.000000
2017-11-24,110.229567,110.617595,109.533274,109.691724,89.475074,6108695.000000
2017-11-27,109.999827,111.616439,109.447163,110.672476,90.275069,15079315.000000
2017-11-28,110.543193,112.272557,109.695785,111.983178,91.344204,18022546.000000
2017-11-29,112.164569,112.324303,111.940886,112.011896,91.367629,8248741.000000
2017-11-30,111.908126,112.458266,110.497776,111.082076,90.609179,12041310.000000
2017-12-01,111.505283,113.261426,110.998525,112.595787,91.843907,13259224.000000
2017-12-04,112.409138,112.700671,112.182013,112.391312,91.677117,6123657.000000
2017-12-05,113.062798,114.770075,112.109178,114.351019,93.275642,8692242.000000
2017-12-06,114.860757,115.269873,114.322512,114.971373,93.781662,11446460.000000
2017-12-07,114.457559,115.514585,111.646361,112.537086,91.796024,19650706.000000
2017-12-08,112.269236,112.785005,110.679563,111.280457,90.770998,7640918.000000
2017-12-11,111.251410,111.583719,111.169755,111.287593,90.776818,11840856.000000
2017-12-12,111.985729,113.666114,111.536970,112.996158,92.170488,13063771.000000
2017-12-13,113.366994,114.598015,112.663931,113.874392,92.886859,10855344.000000
2017-12-14,113.436177,114.475373,111.277932,111.880190,91.260197,18478867.000000
2017-12-15,111.945530,112.087573,111.293588,111.488646,90.940816,5632453.000000
2017-12-18,111.675241,112.438134,110.983918,112.061241,91.407879,10457506.000000
2017-12-19,112.178913,112.386022,111.419483,111.657751,91.078755,8036576.000000
2017-12-20,112.163413,114.896806,111.394059,113.903712,92.910775,20216805.000000
2017-12-21,114.328755,114.665715,113.921879,114.314044,93.245481,15425505.000000
2017-12-22,114.585857,115.923781,114.163706,115.232702,93.994827,10636801.000000
2017-12-25,115.033480,115.531693,114.445914,114.929494,93.747502,8666334.000000
2017-12-26,114.945602,117.356815,113.945287,116.397803,94.945195,16702217.000000
2017-12-27,117.253298,120.170790,115.842240,118.734126,96.850923,21853558.000000
2017-12-28,118.603911,118.718538,118.284797,118.380764,96.562687,10520803.000000
2017-12-29,118.414306,119.715668,117.857409,119.345696,97.349778,16210721.000000
2018-01-01,118.879419,119.711722,116.853614,117.758478,96.055091,11639909.000000
2018-01-02,117.641723,119.708705,117.045277,118.728942,96.846695,11237746.000000
2018-01-03,118.404349,119.019402,117.638266,118.229616,96.439397,17156968.000000
2018-01-04,118.408468,118.715551,118.126405,118.551202,96.701713,11280638.000000
2018-01-05,118.110183,118.599389,117.986475,118.342935,96.531831,10659346.000000
2018-01-08,118.375477,119.588086,117.624512,118.912798,96.996666,8633121.000000
2018-01-09,118.889113,119.023411,118.280999,118.468871,96.634556,10408200.000000
2018-01-10,118.836660,120.104395,118.266402,119.313226,97.323293,10725918.000000
2018-01-11,119.361052,121.227298,118.915392,120.434011,98.237512,14809977.000000
2018-01-12,120.748287,122.056418,120.574823,121.432371,99.051871,19206157.000000
2018-01-15,121.301013,121.406772,121.025632,121.234308,98.890312,16686869.000000
2018-01-16,120.766343,121.203964,120.532790,121.108613,98.787782,12875143.000000
2018-01-17,120.789994,121.303520,120.493256,120.992732,98.693259,11126477.000000
2018-01-18,121.618080,123.522140,120.475629,122.854222,100.211668,9753035.000000
2018-01-19,123.026538,123.123239,122.541652,122.756648,100.132078,9151310.000000
2018-01-22,123.596368,124.443870,122.695873,123.900527,101.065135,15583475.000000
2018-01-23,123.391355,124.533480,120.391217,121.443961,99.061324,16315567.000000
2018-01-24,121.708689,122.843279,121.402879,122.291923,99.753003,14541125.000000
2018-01-25,122.010510,122.373250,121.837336,122.169156,99.652863,9764196.000000
2018-01-26,121.676670,122.242035,121.080395,121.412722,99.035843,13307938.000000
2018-01-29,121.420366,122.015999,119.699932,120.406527,98.215094,10730615.000000
2018-01-30,120.221524,120.770732,118.619042,119.337330,97.342955,8467299.000000
2018-01-31,119.869537,120.104440,119.452131,119.952864,97.845043,18081914.000000
2018-02-01,120.345402,122.649222,119.046548,121.631067,99.213946,14332812.000000
2018-02-02,120.966664,121.265119,120.802382,120.947016,98.655968,11946540.000000
2018-02-05,121.895156,125.551884,120.629017,123.808613,100.990161,18290294.000000
2018-02-06,123.106126,123.557172,122.227201,122.487275,99.912351,14943554.000000
2018-02-07,122.791055,123.764112,122.622176,123.247877,100.532771,16670871.000000
2018-02-08,123.386875,123.608012,122.434977,122.508465,100.634074,11776829.000000
2018-02-09,122.644857,123.895680,121.990748,123.288329,101.274690,10451018.000000
2018-02-12,123.097725,123.353418,121.518178,122.173885,100.359235,12059417.000000
2018-02-13,122.464714,123.247833,121.929382,122.678850,100.774037,17063432.000000
2018-02-14,122.887746,123.039979,122.389030,122.468569,100.601302,12319136.000000
2018-02-15,122.722106,123.025039,122.115885,122.347262,100.501655,6711576.000000
2018-02-16,122.776962,123.270702,122.355624,122.929641,100.980048,15571736.000000
2018-02-19,123.334630,124.387000,122.798522,124.023231,101.878373,11122624.000000
2018-02-20,124.251168,124.696407,123.833391,124.140114,101.974386,15279202.000000
2018-02-21,124.848772,126.970383,123.904059,126.413380,103.841751,19843672.000000
2018-02-22,126.807503,127.312241,126.405855,126.971188,104.299959,14010419.000000
2018-02-23,127.296129,129.510669,126.449874,128.608701,105.645088,17083116.000000
2018-02-26,128.338452,128.626189,127.119498,127.348199,104.609654,12167368.000000
2018-02-27,127.466169,128.024169,127.001816,127.400143,104.652323,8381627.000000
2018-02-28,127.605429,128.158499,127.088052,127.881854,105.048023,11174147.000000
2018-03-01,127.841050,129.817809,127.462956,128.939993,105.917226,17898543.000000
2018-03-02,129.365544,130.053443,129.115431,129.627005,106.481570,10531439.000000
2018-03-05,129.743604,132.136087,129.076867,131.260576,107.823460,15721391.000000
2018-03-06,131.940522,133.535760,131.315003,132.706019,109.010813,9887571.000000
2018-03-07,131.928153,132.282102,131.367279,131.818897,108.282090,12253200.000000
2018-03-08,131.569857,132.540218,130.040536,130.583822,107.267543,8678982.000000
2018-03-09,130.657692,133.236867,129.214746,132.518270,108.856587,9357377.000000
2018-03-12,131.435940,132.413583,129.321362,129.786730,106.612776,13085533.000000
2018-03-13,129.573610,131.075411,129.390161,130.791772,107.438363,10386978.000000
2018-03-14,130.682876,131.209617,130.482289,130.891001,107.519874,8887397.000000
2018-03-15,130.623036,132.542997,129.695287,131.642938,108.137550,11712568.000000
2018-03-16,131.119785,131.976556,129.759301,130.551889,107.241312,10041986.000000
2018-03-19,130.789506,131.380138,130.548626,130.878192,107.509352,8156042.000000
2018-03-20,130.835812,132.547362,130.198859,131.689146,108.175507,19196098.000000
2018-03-21,131.350521,131.840306,131.265072,131.739846,108.217154,6939046.000000
2018-03-22,130.949796,131.588057,128.172947,129.409508,106.302908,11278059.000000
2018-03-23,130.245427,131.847938,129.452348,131.175777,107.753802,9136592.000000
2018-03-26,131.183086,131.648456,130.810266,131.385125,107.925770,10900758.000000
2018-03-27,131.493186,132.285307,131.187726,131.842040,108.301101,9453534.000000
2018-03-28,131.715693,132.630204,131.342270,132.164983,108.566382,23196296.000000
2018-03-29,132.564884,133.452815,132.246663,133.256604,109.463089,12467409.000000
2018-03-30,134.381969,135.439973,133.063081,135.160213,111.026801,22473480.000000
2018-04-02,135.639998,139.189253,135.274747,137.674439,113.092101,20360266.000000
2018-04-03,137.873009,138.449046,137.582838,138.071192,113.418012,9092727.000000
2018-04-04,137.983274,139.044648,137.343751,138.557847,113.817773,15115763.000000
2018-04-05,138.317236,139.971193,137.961252,139.300406,114.427745,17527725.000000
2018-04-06,139.340975,140.202077,139.126554,139.843844,114.874150,22738345.000000
2018-04-09,140.231033,140.349068,138.996113,139.453234,114.553285,12410136.000000
2018-04-10,139.750126,140.431593,138.218040,138.652038,113.895146,13707879.000000
2018-04-11,138.132398,138.722805,136.388317,137.344050,112.820704,14241237.000000
2018-04-12,137.175544,137.380484,137.078062,137.258483,112.750416,16019793.000000
2018-04-13,137.825096,139.688647,137.112927,138.808009,114.023268,14528487.000000
2018-04-16,139.114943,142.908153,137.835138,141.346755,116.108710,10738622.000000
2018-04-17,141.355994,141.934198,140.214383,140.435589,115.360236,12809827.000000
2018-04-18,141.363708,144.272044,140.034001,143.261770,117.681792,10725117.000000
2018-04-19,143.328944,144.823626,142.857552,144.004307,118.291745,10322755.000000
2018-04-20,144.360389,144.908143,144.012820,144.570760,118.757056,7236539.000000
2018-04-23,144.375008,144.845192,142.761147,143.297474,117.711120,16875210.000000
2018-04-24,143.684505,144.741796,143.046205,144.465111,118.670271,19407877.000000
2018-04-25,145.130399,148.088524,143.446432,147.651344,121.287589,26385978.000000
2018-04-26,147.000089,147.228240,145.879643,146.155591,120.058909,16574805.000000
2018-04-27,146.566396,147.008056,146.360495,146.555809,120.387666,7893109.000000
2018-04-30,145.907028,146.408897,141.451782,142.646933,117.176736,22199026.000000
2018-05-01,142.805616,145.079014,142.295268,144.236370,118.482373,9981722.000000
2018-05-02,144.029225,145.837350,143.423987,145.149521,119.232477,9064640.000000
2018-05-03,145.264274,145.500214,144.781289,145.069408,119.166668,7817246.000000
2018-05-04,145.353789,147.378293,144.922738,146.816122,120.601499,11244667.000000
2018-05-07,146.208016,146.584952,145.221593,145.641643,119.636728,10859494.000000
2018-05-08,145.506096,145.865358,145.256630,145.670215,120.503725,9269669.000000
2018-05-09,145.249519,145.496897,144.645261,144.933395,119.894200,9318468.000000
2018-05-10,145.974108,149.426130,145.452203,147.897355,122.346096,20374495.000000
2018-05-11,147.791411,149.075482,144.165154,145.368601,120.254219,9604223.000000
2018-05-14,145.601194,145.897587,144.964414,145.088102,120.022180,19876824.000000
2018-05-15,144.884221,145.280857,143.999215,144.532441,119.562516,14521401.000000
2018-05-16,144.664806,145.972343,144.172627,145.205728,120.119484,12165730.000000
2018-05-17,145.671630,148.136363,144.798686,147.724798,122.203350,10951543.000000
2018-05-18,148.706821,150.940329,147.287265,150.210421,124.259549,9337865.000000
2018-05-21,150.409954,150.546288,149.544599,149.988532,124.075994,12315860.000000
2018-05-22,150.807841,153.581650,149.256969,152.384350,126.057902,11121278.000000
2018-05-23,152.424386,153.785837,151.635666,152.959713,126.533864,13797026.000000
2018-05-24,153.141848,153.655064,152.885033,153.208095,126.739335,10929198.000000
2018-05-25,153.818677,155.597785,153.462288,154.752872,128.017231,18983685.000000
2018-05-28,154.323496,155.461233,153.761649,154.034080,127.422619,11717304.000000
2018-05-29,154.177818,155.490827,153.804335,154.901074,128.139828,15925690.000000
2018-05-30,155.112172,156.554266,154.694158,155.852124,128.926571,9031009.000000
2018-05-31,156.650227,157.937597,155.622998,157.569514,130.347259,16492728.000000
2018-06-01,157.736049,158.094987,157.543582,157.851286,130.580352,12555740.000000
2018-06-04,158.546542,161.708802,158.016024,160.854140,133.064422,12425133.000000
2018-06-05,161.623354,162.178076,161.013561,161.905120,133.933832,19134540.000000
2018-06-06,161.671431,163.594179,161.261659,163.163194,134.974556,15764323.000000
2018-06-07,163.220088,164.442286,162.336607,164.122348,135.768003,18270110.000000
2018-06-08,163.937984,164.641080,163.719367,164.424713,136.018131,12300974.000000
2018-06-11,164.965202,165.140773,164.133544,164.437350,136.028584,12993867.000000
2018-06-12,164.704105,164.883639,163.652039,164.006354,135.672048,13779557.000000
2018-06-13,163.806138,164.393249,163.084968,163.626885,135.358138,11002484.000000
2018-06-14,164.203500,164.831964,163.970896,164.158377,135.797808,19164707.000000
2018-06-15,164.935248,166.803267,163.591620,166.128506,137.427570,14427063.000000
2018-06-18,165.802649,166.312802,164.838194,165.343995,136.778594,12958051.000000
2018-06-19,165.032948,165.771420,164.307215,164.956896,136.458372,17853981.000000
2018-06-20,165.154285,166.579371,164.467378,166.124442,137.424208,16121721.000000
2018-06-21,166.246117,166.731687,165.532979,165.958667,137.287073,9803921.000000
2018-06-22,166.300539,166.719353,166.117876,166.430270,137.677201,5895017.000000
2018-06-25,165.977876,166.933130,163.409775,164.156978,135.796651,11961051.000000
2018-06-26,164.636533,165.629763,164.213373,164.980501,136.477899,13695875.000000
2018-06-27,165.480069,168.557083,164.797311,167.478153,138.544048,18085535.000000
2018-06-28,168.306142,169.976799,167.756974,168.994634,139.798536,13027712.000000
2018-06-29,169.094847,169.470071,168.677418,168.950198,139.761777,8105720.000000
2018-07-02,168.544130,169.352950,167.716513,167.930283,138.918066,17814665.000000
2018-07-03,167.462335,168.490019,167.137634,168.092873,139.052567,12833419.000000
2018-07-04,167.207917,167.821330,165.941853,166.417496,137.666634,10464468.000000
2018-07-05,166.556280,168.536542,166.108611,168.012422,138.986015,14874919.000000
2018-07-06,168.871608,171.205168,167.797298,170.423937,140.980908,10505143.000000
2018-07-09,169.817904,170.301048,169.478535,170.029100,140.654284,11868491.000000
2018-07-10,169.349554,170.737501,167.405046,168.412190,139.316717,10401605.000000
2018-07-11,168.304385,169.201129,167.898586,169.005735,139.807720,8289199.000000
2018-07-12,169.616683,169.883341,168.675800,168.987250,139.792428,15121665.000000
2018-07-13,169.058898,171.005034,168.406724,170.229622,140.820163,14559387.000000
2018-07-16,169.789518,170.520064,169.598197,170.211374,140.805068,5910782.000000
2018-07-17,170.721252,173.800982,169.223959,172.915472,143.041997,13318634.000000
2018-07-18,172.482177,172.796644,172.215341,172.433544,142.643328,7126446.000000
2018-07-19,172.150194,173.460478,171.679507,172.954438,143.074231,7500993.000000
2018-07-20,172.551205,174.111722,169.904154,170.898697,141.373647,22964313.000000
2018-07-23,172.061083,175.511641,170.191307,174.519246,144.368698,20191031.000000
2018-07-24,174.467997,174.926441,173.775287,174.132211,144.048528,5456357.000000
2018-07-25,174.166360,175.083772,172.631650,173.047179,143.150949,18093844.000000
2018-07-26,174.346690,179.154478,172.742607,178.452178,147.622163,16229811.000000
2018-07-27,179.068228,180.768371,178.135834,180.147584,149.024664,20881760.000000
2018-07-30,179.749781,180.476745,178.886838,179.464652,148.459718,10176923.000000
2018-07-31,178.642472,179.338067,177.392663,177.701144,147.000880,10562429.000000
2018-08-01,177.727799,179.150494,177.264975,178.600781,147.745092,15601634.000000
2018-08-02,178.317217,178.709599,176.891595,177.798778,147.081646,11161072.000000
2018-08-03,177.991671,178.079757,176.563641,176.667604,147.176130,8730381.000000
2018-08-06,176.797783,178.992942,176.123254,177.795096,148.115408,11900494.000000
2018-08-07,177.878895,178.522381,177.628090,178.316568,148.549830,13472286.000000
2018-08-08,177.817809,178.284097,175.405784,175.843886,146.489917,16559253.000000
2018-08-09,176.009457,177.379902,175.553636,176.627392,147.142631,15077298.000000
2018-08-10,175.632043,176.018710,173.612681,174.749667,145.578358,11498391.000000
2018-08-13,175.309825,175.992839,175.103804,175.419983,146.136777,10804902.000000
2018-08-14,175.271806,175.902633,174.900386,175.359874,146.086702,6264948.000000
2018-08-15,175.245076,175.919689,173.738811,174.573697,145.431763,12042608.000000
2018-08-16,174.956509,175.554433,173.812196,174.325440,145.224949,10557953.000000
2018-08-17,174.342393,174.940404,174.078532,174.780942,145.604413,10738458.000000
2018-08-20,174.592006,175.418602,172.216074,173.338880,144.403077,15214530.000000
2018-08-21,173.366866,174.331818,172.895865,173.932007,144.897192,9007237.000000
2018-08-22,173.228370,173.994954,172.025534,172.565617,143.758897,11718263.000000
2018-08-23,172.363187,173.147034,171.876918,172.732786,143.898159,25100374.000000
2018-08-24,172.155378,172.816386,171.885170,172.172287,143.431226,12121900.000000
2018-08-27,171.808975,172.802208,169.965566,170.680844,142.188752,11298792.000000
2018-08-28,170.745840,171.108027,170.461150,170.585642,142.109443,11622814.000000
2018-08-29,171.606474,175.207259,170.359409,173.866400,144.842537,14371016.000000
2018-08-30,173.156769,174.221524,173.046565,174.048928,144.994595,12474001.000000
2018-08-31,173.969484,174.722960,173.390118,174.179183,145.103106,5558809.000000
2018-09-03,173.817190,174.817606,171.754231,172.793193,143.948482,12563391.000000
2018-09-04,172.347801,172.875330,172.075184,172.612957,143.798334,13051787.000000
2018-09-05,172.088519,172.852361,171.884672,172.642198,143.822693,8491642.000000
2018-09-06,172.306478,173.793995,168.272700,169.737023,141.402485,14294275.000000
2018-09-07,170.169159,171.595113,169.894069,171.081666,142.522664,10077644.000000
2018-09-10,170.837563,171.171153,170.217774,170.719645,142.221076,11930355.000000
2018-09-11,171.327034,172.084712,170.646012,171.383746,142.774317,20613599.000000
2018-09-12,171.157797,172.050430,169.823596,170.162741,141.757137,11423933.000000
2018-09-13,170.131450,170.764474,169.162737,169.563652,141.258055,10237682.000000
2018-09-14,169.916648,171.023275,169.136352,170.310461,141.880198,13108437.000000
2018-09-17,169.640660,171.192314,169.502057,170.663112,142.173980,9688217.000000
2018-09-18,170.752286,171.079179,170.039213,170.629644,142.146099,9686816.000000
2018-09-19,170.365049,171.111341,169.481368,169.827273,141.477669,13312648.000000
2018-09-20,168.985006,169.855919,168.871175,169.681827,141.356503,12099329.000000
2018-09-21,170.060955,172.753966,169.575852,171.477277,142.852235,23432454.000000
2018-09-24,170.550647,170.946693,169.515006,170.224370,141.808478,9333794.000000
2018-09-25,170.009129,170.508157,167.667666,168.212839,140.132736,20156007.000000
2018-09-26,167.578057,169.179744,163.998011,165.454656,137.834982,20595715.000000
2018-09-27,165.089793,165.439891,163.544045,163.991112,136.615750,5950813.000000
2018-09-28,163.896885,164.488836,163.378790,163.705514,136.377828,12839262.000000
2018-10-01,164.632954,165.586949,163.856863,165.043057,137.492092,11509717.000000
2018-10-02,165.280880,165.464238,164.423119,164.805173,137.293918,13431771.000000
2018-10-03,165.210226,166.304855,164.403104,165.668095,138.012791,14136365.000000
2018-10-04,165.886720,167.081809,165.710901,166.423228,138.641868,9369648.000000
2018-10-05,166.168438,166.625026,164.316651,164.687750,137.196097,14815406.000000
2018-10-08,165.176406,166.020617,164.754272,165.408635,137.796643,8119632.000000
2018-10-09,165.959589,169.265104,164.198888,168.529856,140.396832,16799691.000000
2018-10-10,168.942581,169.400342,168.049331,168.226384,140.144020,14291385.000000
2018-10-11,167.744038,168.662756,165.830837,166.392815,138.616532,10501420.000000
2018-10-12,165.426802,166.550866,162.583853,163.753305,136.417641,21570085.000000
2018-10-15,163.845571,166.617908,162.533430,165.861913,138.174255,12329534.000000
2018-10-16,165.009012,166.039597,164.235793,164.498396,137.038352,21421016.000000
2018-10-17,165.263486,166.005602,164.550930,165.329318,137.730567,7164810.000000
2018-10-18,165.871889,168.906654,165.397888,167.710752,139.714464,13977037.000000
2018-10-19,167.325341,167.814475,166.894314,167.248130,139.329068,15430659.000000
2018-10-22,167.948099,169.235854,167.739419,168.358330,140.253940,10830687.000000
2018-10-23,167.850801,168.802429,165.317758,166.025299,138.310367,14101961.000000
2018-10-24,166.142197,166.787510,165.556087,165.696510,138.036463,14093008.000000
2018-10-25,164.851956,165.992567,162.320845,163.707490,136.379474,12002801.000000
2018-10-26,164.124063,166.471383,163.746321,165.409036,137.796978,11416878.000000
2018-10-29,165.179111,165.858079,163.048821,163.939501,136.572754,13877381.000000
2018-10-30,163.435253,165.105182,159.648394,160.157085,133.421745,15276675.000000
2018-10-31,160.931482,161.984908,159.766656,161.061103,135.120699,16936202.000000
2018-11-01,161.069898,162.269371,160.784055,161.731492,135.683115,9073620.000000
2018-11-02,162.056237,164.120060,161.534068,163.547718,137.206821,14354069.000000
2018-11-05,163.766541,164.820772,163.028568,164.500103,138.005815,8569458.000000
2018-11-06,164.394396,165.609185,161.341471,162.562595,136.380361,16841182.000000
2018-11-07,162.382399,162.851537,160.977401,161.598881,135.571862,9541338.000000
2018-11-08,161.465300,162.448208,160.855383,162.272231,136.136763,15395358.000000
2018-11-09,162.385953,163.570669,161.688110,163.307035,137.004902,11363004.000000
2018-11-12,163.271905,163.957943,161.998814,162.595529,136.407990,17062175.000000
2018-11-13,162.766744,164.310392,161.798973,163.472267,137.143522,8964437.000000
2018-11-14,162.977141,163.654008,161.321998,161.665137,135.627447,9904521.000000
2018-11-15,161.977821,162.418682,160.692627,160.996316,135.066346,19015575.000000
2018-11-16,161.680465,163.084416,160.861516,162.158855,136.041647,12506127.000000
2018-11-19,162.227978,162.467160,161.336282,161.606835,135.578535,8060849.000000
2018-11-20,161.765067,162.029106,161.366266,161.521210,135.506701,8184088.000000
2018-11-21,160.553264,161.206049,157.663895,159.227930,133.582775,6880798.000000
2018-11-22,159.791655,159.978202,159.020945,159.318414,133.658686,16095195.000000
2018-11-23,158.947460,159.404834,157.269951,158.160983,132.687670,11314314.000000
2018-11-26,157.691851,158.194474,155.811466,156.730969,131.487974,12723268.000000
2018-11-27,156.644591,158.325357,156.036277,157.871663,132.444948,22310711.000000
2018-11-28,157.870906,159.578632,157.587063,158.724195,133.160172,6905475.000000
2018-11-29,158.083079,159.077859,157.101778,157.529727,132.158083,7704618.000000
2018-11-30,157.975119,158.491968,157.775625,157.911483,132.478354,9612960.000000
2018-12-03,157.689389,158.780759,157.449129,158.200918,132.721173,6979160.000000
2018-12-04,157.949723,158.283911,157.095273,157.539498,132.166281,13608004.000000
2018-12-05,158.491969,158.844441,157.808253,158.465543,132.943178,7692470.000000
2018-12-06,158.208870,158.413848,157.451584,157.998025,132.550958,12430089.000000
2018-12-07,157.647795,159.757886,157.013305,158.929779,133.332644,19656402.000000
2018-12-10,159.820417,162.489045,158.066528,161.812295,135.750903,11512186.000000
2018-12-11,161.830763,163.396980,160.918256,163.023269,136.766839,11582761.000000
2018-12-12,163.888580,164.494243,163.207074,163.842588,137.454199,15955828.000000
2018-12-13,163.798092,166.219211,163.168445,165.590995,138.921009,20614712.000000
2018-12-14,165.858529,166.249217,164.808242,164.992272,138.418716,11107506.000000
2018-12-17,164.471706,164.890183,164.119615,164.656455,138.136985,17544367.000000
2018-12-18,165.268287,167.204191,164.192422,166.745165,139.889289,9661150.000000
2018-12-19,165.915921,167.154307,162.560419,164.144997,137.707902,22024375.000000
2018-12-20,164.058806,165.062602,163.548549,164.579433,138.072368,7619245.000000
2018-12-21,164.908287,165.587482,164.283546,165.387534,138.750317,8685906.000000
2018-12-24,165.503478,165.911375,165.269424,165.586744,138.917443,8458231.000000
2018-12-25,165.723547,167.336291,164.879463,166.823025,139.954609,14540767.000000
2018-12-26,166.911807,168.747446,166.663243,168.303731,141.196833,6221491.000000
2018-12-27,169.394869,174.924739,168.652624,172.706909,144.890838,7959856.000000
2018-12-28,173.708621,175.815974,172.893192,175.199075,146.981617,11922339.000000
2018-12-31,176.046400,178.360888,174.878327,177.127967,148.599843,10815138.000000
2019-01-01,176.940148,177.595126,176.406211,177.336024,148.774390,11436350.000000
2019-01-02,176.832561,177.994113,173.609803,174.531264,146.421363,17215179.000000
2019-01-03,175.171964,177.384404,174.001320,176.528101,148.096591,20079796.000000
2019-01-04,176.551406,178.002528,175.773571,177.384653,148.815187,10977796.000000
2019-01-07,177.815297,178.072945,177.309130,177.485138,148.899489,13277221.000000
2019-01-08,178.560319,180.984169,178.191500,179.407019,150.511832,12681573.000000
2019-01-09,179.283572,181.711162,178.837522,181.039331,151.881245,13458819.000000
2019-01-10,181.363883,184.395512,180.680975,183.946416,154.320116,14688484.000000
2019-01-11,183.556048,183.774275,183.052256,183.625021,154.050486,12692226.000000
2019-01-14,183.274890,184.057115,182.125275,182.444764,153.060320,13982673.000000
2019-01-15,182.381753,182.663628,182.021440,182.501633,153.108030,13812585.000000
2019-01-16,183.106622,183.803296,182.639870,183.161571,153.661678,13825759.000000
2019-01-17,183.087990,186.335514,182.310941,184.927294,155.143015,15279537.000000
2019-01-18,184.066524,185.087649,182.678494,183.246309,153.732769,15721655.000000
2019-01-21,182.338238,183.077052,181.983240,182.781623,153.342925,10112108.000000
2019-01-22,183.255071,183.457987,182.652834,182.969845,153.500832,9912087.000000
2019-01-23,182.556310,183.657348,182.288291,183.306067,153.782902,9005762.000000
2019-01-24,182.764162,184.331000,179.122553,180.705329,151.601037,15642180.000000
2019-01-25,180.009385,181.846011,176.694420,177.752596,149.123869,19409433.000000
2019-01-28,178.207035,178.873059,177.076207,177.456207,149.924690,14321314.000000
2019-01-29,177.143532,177.817811,173.199184,174.952273,147.809230,15237592.000000
2019-01-30,175.157689,177.442596,174.554732,176.567250,149.173650,7363088.000000
2019-01-31,176.288959,177.376199,176.000900,177.180550,149.691800,8867299.000000
2019-02-01,178.528663,180.019391,177.059984,179.535283,151.681206,22488799.000000
2019-02-04,180.594834,183.082738,180.185598,182.502601,154.188158,15107073.000000
2019-02-05,183.413406,184.666664,182.475011,183.935687,155.398908,19201457.000000
2019-02-06,185.031767,187.639519,184.433364,186.660829,157.701257,11978770.000000
2019-02-07,186.301218,186.885055,185.341238,185.703517,156.892467,12029779.000000
2019-02-08,185.102754,186.431307,181.465814,183.249217,154.818941,27272492.000000
2019-02-11,183.680400,184.574847,183.382098,184.187550,155.611695,7505558.000000
2019-02-12,184.801316,185.196304,184.539678,184.690681,156.036768,7941072.000000
2019-02-13,184.822226,185.684582,182.863609,183.695390,155.195892,16204152.000000
2019-02-14,182.970271,183.572045,182.527590,183.030669,154.634300,8075278.000000
2019-02-15,182.773614,184.068421,179.914390,180.726898,152.687948,22487303.000000
2019-02-18,181.040856,184.030052,180.384203,183.167661,154.750038,16843327.000000
2019-02-19,183.626862,185.959539,183.177518,185.077362,156.363457,9015422.000000
2019-02-20,184.086777,184.583244,182.312651,182.917301,154.538520,10774588.000000
2019-02-21,182.395947,183.290803,180.602797,181.157237,153.051522,12436030.000000
2019-02-22,181.513281,183.783155,180.049163,183.132628,154.720440,8159776.000000
2019-02-25,181.857265,182.383754,177.991740,179.587004,151.724903,18250971.000000
2019-02-26,180.169223,180.406304,179.338896,179.951125,152.032533,9971253.000000
2019-02-27,179.844350,181.542290,179.483621,180.853388,152.794814,10156830.000000
2019-02-28,181.561130,183.163282,180.369967,182.559261,154.236028,13506451.000000
2019-03-01,182.570602,183.217903,180.663275,181.110519,153.012051,16861811.000000
2019-03-04,181.199880,181.560633,180.788099,181.070738,152.978443,6846015.000000
2019-03-05,181.456175,182.183755,180.961562,181.721544,153.528279,13702479.000000
2019-03-06,180.989878,181.526440,178.506912,179.260171,151.448777,25182596.000000
2019-03-07,179.390703,179.860038,178.344836,178.608105,150.897876,4359154.000000
2019-03-08,177.764491,178.383652,176.624949,177.463028,149.930452,13108747.000000
2019-03-11,177.681583,179.701482,176.649921,179.394107,151.561933,20979134.000000
2019-03-12,178.252295,178.781944,177.527706,178.498674,150.805422,22289382.000000
2019-03-13,178.502164,181.172529,177.961783,180.530355,152.521898,7495858.000000
2019-03-14,180.983783,181.998435,180.031077,181.682015,153.494883,12935395.000000
2019-03-15,181.435701,182.279397,180.901541,181.764710,153.564748,12126172.000000
2019-03-18,182.500959,186.917235,181.463958,185.029465,156.322991,17426423.000000
2019-03-19,184.392962,184.942491,181.445847,182.194010,153.927444,14341952.000000
2019-03-20,181.894787,182.540266,180.571592,181.247480,153.127764,16411769.000000
2019-03-21,182.117475,182.431121,181.385772,182.094355,153.843250,7540299.000000
2019-03-22,182.560240,185.085425,181.863317,184.159520,155.588015,8221307.000000
2019-03-25,183.180166,184.577353,181.207172,182.233227,153.960577,8997309.000000
2019-03-26,181.874262,182.289727,180.987206,181.394347,153.251845,20615132.000000
2019-03-27,181.895608,182.543824,181.183707,182.229028,153.957029,11602401.000000
2019-03-28,182.653851,183.335090,181.845247,182.864215,154.493670,9809410.000000
2019-03-29,183.188366,184.198292,182.617104,183.560363,155.081813,16040022.000000
2019-04-01,183.708419,183.938737,182.614872,183.168545,154.750784,9900181.000000
2019-04-02,183.360941,183.774804,182.566517,183.007816,154.614992,8473683.000000
2019-04-03,183.050166,183.610000,181.339334,182.068629,153.821516,12657138.000000
2019-04-04,181.541323,182.963242,178.656714,179.178624,151.379882,18937253.000000
2019-04-05,180.002101,181.123962,179.406753,180.392160,152.405143,27287338.000000
2019-04-08,179.735291,180.576457,179.491558,180.284719,152.314371,8667931.000000
2019-04-09,181.018998,185.364679,179.635766,183.387763,154.935992,11474490.000000
2019-04-10,183.744678,185.212830,182.983627,184.890561,156.205637,11196952.000000
2019-04-11,184.419831,185.038583,183.696165,184.217212,155.636756,6856557.000000
2019-04-12,183.579698,184.245194,183.138685,183.441047,154.981009,22337806.000000
2019-04-15,182.714396,183.902584,179.960300,181.338096,153.204321,17951434.000000
2019-04-16,181.116641,181.364292,180.004428,180.706493,152.670709,9797981.000000
2019-04-17,180.655547,181.087374,179.554058,180.163706,152.212133,16431414.000000
2019-04-18,180.856898,181.433687,179.842735,180.512076,152.506454,6032196.000000
2019-04-19,180.841069,181.500722,180.544180,180.903766,152.837376,10107363.000000
2019-04-22,179.711988,180.406906,175.377190,177.307261,149.798852,18376742.000000
2019-04-23,177.368883,178.206701,176.991193,177.752234,150.174789,10573019.000000
2019-04-24,177.230203,178.495187,175.455065,176.141099,148.813614,10644475.000000
2019-04-25,176.570173,177.512401,175.324980,176.111299,149.837299,8994296.000000
2019-04-26,176.844777,176.984194,175.547569,176.104786,149.831758,11267961.000000
2019-04-29,176.937389,177.411430,176.659829,176.932477,150.535966,8422408.000000
2019-04-30,177.623117,180.695768,176.116400,179.776423,152.955624,11743174.000000
2019-05-01,178.861212,179.576106,178.067744,179.015936,152.308594,12145041.000000
2019-05-02,178.995747,179.226485,178.435350,178.804253,152.128492,7616908.000000
2019-05-03,178.701461,179.257060,178.332761,178.782954,152.110371,7545599.000000
2019-05-06,178.462310,179.645881,178.247515,179.471017,152.695782,14620566.000000
2019-05-07,180.567152,180.861699,179.905745,180.649490,153.698439,12457320.000000
2019-05-08,181.102612,182.659029,180.567554,181.656616,154.555311,15968037.000000
2019-05-09,181.895411,182.204661,178.889081,179.947178,153.100905,17593061.000000
2019-05-10,179.693822,180.244997,178.022464,178.813887,152.136688,14240921.000000
2019-05-13,178.607295,179.008876,178.367570,178.557271,151.918357,8884332.000000
2019-05-14,178.301443,179.286495,177.589968,179.031171,152.321556,15752322.000000
2019-05-15,178.600829,178.974672,177.347308,177.968631,151.417536,15658623.000000
2019-05-16,178.206884,178.330422,177.727059,178.129987,151.554819,16108707.000000
2019-05-17,177.859808,178.665951,176.473723,177.182432,150.748630,18342875.000000
2019-05-20,177.735941,177.894264,177.027292,177.546192,151.058121,10977992.000000
2019-05-21,177.617466,177.884128,176.943833,177.443013,150.970335,19183524.000000
2019-05-22,176.933175,177.195270,175.846599,176.346564,150.037465,10420608.000000
2019-05-23,177.083851,179.485263,176.485844,178.067730,151.501851,8602002.000000
2019-05-24,178.353644,180.487670,177.808494,179.653601,152.851126,14033874.000000
2019-05-27,180.560925,182.232648,179.547756,181.150665,154.124843,16005096.000000
2019-05-28,180.946988,181.638020,180.789392,181.131006,154.108118,15010596.000000
2019-05-29,181.441583,181.894954,181.087279,181.653315,154.552503,9169814.000000
2019-05-30,181.933909,182.638249,180.918087,181.205357,154.171376,6981390.000000
2019-05-31,180.940911,181.872307,177.989414,179.321913,152.568922,10707800.000000
2019-06-03,179.130065,180.383300,178.646713,179.601527,152.806821,9509473.000000
2019-06-04,179.600824,180.049948,178.454284,178.989724,152.286293,10235607.000000
2019-06-05,179.426854,180.357845,178.728747,179.972067,153.122080,9965776.000000
2019-06-06,179.506576,180.089207,178.527757,178.854671,152.171388,14696888.000000
2019-06-07,178.419794,180.058473,174.489405,175.666809,149.459123,23095810.000000
2019-06-10,175.238581,176.151065,172.299841,173.515861,147.629074,9061230.000000
2019-06-11,173.432913,173.610965,173.226239,173.492442,147.609149,9505600.000000
2019-06-12,173.993833,174.549973,173.724666,174.283704,148.282362,28005340.000000
2019-06-13,174.539988,174.817757,173.830068,174.662044,148.604258,7015803.000000
2019-06-14,174.023330,174.692807,173.129837,173.745656,147.824586,14738755.000000
2019-06-17,174.153766,174.586843,172.598208,173.164486,147.330121,9888989.000000
2019-06-18,173.726989,175.205144,172.600056,174.705180,148.640959,22727323.000000
2019-06-19,174.049768,175.061344,172.477538,173.417827,147.545665,12752912.000000
2019-06-20,173.365878,173.989677,172.315601,172.714104,146.946931,10188895.000000
2019-06-21,173.220752,176.451533,172.172915,175.194329,149.057132,16743867.000000
2019-06-24,174.509004,175.406969,173.046118,173.449359,147.572493,8731187.000000
2019-06-25,172.408897,173.899126,168.743901,169.519692,144.229092,20069751.000000
2019-06-26,169.198177,169.629319,168.878531,169.457807,144.176440,6215852.000000
2019-06-27,168.989583,169.557779,167.947852,168.493926,143.356360,11316864.000000
2019-06-28,169.371164,169.663672,167.105125,167.830840,142.792199,6928114.000000
2019-07-01,167.161365,167.475251,165.335918,166.366945,141.546703,16096923.000000
2019-07-02,166.359174,166.648362,165.777597,166.187532,141.394057,9713447.000000
2019-07-03,166.077607,166.675748,165.164051,165.435872,140.754537,9601885.000000
2019-07-04,166.347426,168.278267,165.841550,167.529271,142.535621,21808002.000000
2019-07-05,167.608169,167.953147,167.058737,167.361730,142.393076,9629500.000000
2019-07-08,167.361252,167.898123,167.217419,167.622190,142.614678,14792619.000000
2019-07-09,167.669043,168.908391,167.394820,168.491608,143.354388,11445130.000000
2019-07-10,168.334174,169.933879,167.922829,169.253949,144.002996,10738609.000000
2019-07-11,169.929260,171.389209,169.115113,170.739240,145.266696,13693788.000000
2019-07-12,170.566182,171.054272,170.331980,170.685763,145.221198,6336928.000000
2019-07-15,169.377310,170.152659,168.774928,169.778728,144.449482,9918423.000000
2019-07-16,170.003669,170.742990,169.372941,170.075188,144.701714,9109859.000000
2019-07-17,170.027675,171.336859,167.902400,168.280938,143.175148,14712201.000000
2019-07-18,167.603218,169.525815,162.283788,163.840734,139.397376,17162522.000000
2019-07-19,164.061824,164.674017,162.867721,163.397150,139.019970,13525367.000000
2019-07-22,163.678615,164.033867,162.976599,163.256336,138.900165,9826807.000000
2019-07-23,163.693124,164.936356,162.766568,163.829628,140.370521,11537768.000000
2019-07-24,164.262175,165.468456,163.817587,165.215201,141.557691,10284040.000000
2019-07-25,165.270124,165.769506,163.759716,164.439118,140.892737,8610869.000000
2019-07-26,164.024428,164.772591,163.827164,164.460190,140.910791,13220308.000000
2019-07-29,165.031462,166.491151,164.748681,166.085986,142.303786,11170075.000000
2019-07-30,165.921724,167.632345,165.518997,167.164027,143.227461,26978559.000000
2019-07-31,166.664937,168.060639,164.315834,164.919627,141.304441,26178512.000000
2019-08-01,164.965221,165.355682,164.620984,164.866778,141.259160,11454683.000000
2019-08-02,164.473608,165.670042,161.300933,162.419857,139.162618,22725262.000000
2019-08-05,161.682760,162.243140,159.740791,160.587264,137.592438,14225626.000000
2019-08-06,160.056400,160.888858,158.290987,159.290162,136.481071,10785191.000000
2019-08-07,159.396241,159.624137,159.025044,159.514698,136.673455,6553030.000000
2019-08-08,159.175720,159.746242,157.292812,158.324484,135.653670,14435980.000000
2019-08-09,158.614697,158.769802,157.915289,158.090565,135.453246,13372405.000000
2019-08-12,158.152243,158.560689,158.013217,158.328465,135.657081,8061283.000000
2019-08-13,157.896576,158.887441,156.798035,157.072903,134.581305,14446279.000000
2019-08-14,156.360481,156.742107,155.890114,156.429446,134.029987,13426915.000000
2019-08-15,156.328139,156.733040,156.055755,156.220225,133.850724,10408600.000000
2019-08-16,155.579521,157.005821,152.528000,153.636454,131.636929,17595478.000000
2019-08-19,154.043640,156.837971,152.809889,155.545107,133.272278,14850317.000000
2019-08-20,155.256515,156.313571,152.453238,153.493487,131.514434,21558527.000000
2019-08-21,153.351830,153.717211,151.668674,152.620448,130.766407,10205181.000000
2019-08-22,151.781006,152.946840,148.375832,149.749046,128.306167,9997920.000000
2019-08-23,150.043149,151.329431,149.173261,150.991797,129.370966,14381961.000000
2019-08-26,150.118827,150.820141,149.206755,149.691730,128.257059,18978396.000000
2019-08-27,150.112616,151.184677,149.327830,150.898176,129.290751,15487900.000000
2019-08-28,150.839536,151.302512,149.295002,149.821168,128.367962,18692094.000000
2019-08-29,149.918301,151.139402,149.379424,150.640750,129.070186,17479072.000000
2019-08-30,150.821680,151.424893,150.563347,150.995788,129.374386,15984962.000000
2019-09-02,150.842839,151.378923,149.346710,149.715573,128.277487,11017866.000000
2019-09-03,149.112489,150.067754,148.885675,149.870945,128.410611,13684408.000000
2019-09-04,151.116330,156.225504,149.282568,154.235652,132.150326,17854730.000000
2019-09-05,154.663675,154.875003,153.932748,154.201263,132.120862,11240087.000000
2019-09-06,154.321319,155.078617,152.430294,153.066586,131.148662,6733306.000000
2019-09-09,153.205052,153.709441,152.908259,153.437703,131.466637,7963272.000000
2019-09-10,153.928863,158.267577,152.423415,156.393469,133.999161,24658369.000000
2019-09-11,156.079678,156.413827,154.115336,154.555338,132.424236,8259966.000000
2019-09-12,154.863369,155.288121,154.073658,154.318467,132.221283,11502957.000000
2019-09-13,154.041216,155.374986,153.655351,154.880612,132.702934,23547241.000000
2019-09-16,154.628480,154.794027,154.326759,154.522541,132.396135,11438778.000000
2019-09-17,154.328784,155.326369,152.903905,153.452345,131.479183,8335068.000000
2019-09-18,153.669527,154.645086,153.370786,154.132820,132.062219,6531080.000000
2019-09-19,154.606433,156.507773,153.738605,155.565400,133.289665,13327477.000000
2019-09-20,155.570094,155.838728,154.786316,155.052660,132.850346,7214068.000000
2019-09-23,156.223204,157.603747,155.831362,156.938413,134.466074,22856095.000000
2019-09-24,156.698122,157.423833,154.099649,154.917765,132.734767,14131499.000000
2019-09-25,154.678050,154.883795,154.052523,154.296910,132.202813,6584048.000000
2019-09-26,154.078151,154.613061,152.353086,153.257216,131.311995,13289796.000000
2019-09-27,153.015996,153.616164,152.817899,153.358764,131.399002,9986452.000000
2019-09-30,152.406443,152.884960,151.392372,152.178034,130.387343,6914330.000000
2019-10-01,151.726539,152.348160,150.119869,150.758101,129.170733,7950145.000000
2019-10-02,150.649106,151.659299,148.339291,149.477500,128.073504,12749053.000000
2019-10-03,149.246675,150.321038,148.707845,149.927824,128.459346,10875058.000000
2019-10-04,150.289408,150.777799,148.032016,148.858680,127.543295,9807781.000000
2019-10-07,148.898978,149.701880,148.649899,149.198568,127.834513,14810447.000000
2019-10-08,148.890031,149.355184,146.742753,147.452460,126.338434,12688225.000000
2019-10-09,147.715200,149.371894,146.989271,148.934455,127.608219,13419437.000000
2019-10-10,148.441676,149.802234,145.522608,146.574217,125.585948,18478825.000000
2019-10-11,146.840995,147.044775,146.257641,146.442109,125.472757,10967586.000000
2019-10-14,147.314930,149.947324,146.217581,149.124729,127.771247,17309694.000000
2019-10-15,149.581922,151.079860,148.586449,150.204447,128.696359,5001010.000000
2019-10-16,149.360506,150.605332,147.450870,148.090624,126.885218,21598461.000000
2019-10-17,148.124509,148.887669,146.447947,146.986884,125.939525,10262023.000000
2019-10-18,146.985762,147.144489,145.303739,145.678531,125.698406,6362456.000000
2019-10-21,145.982621,146.626827,145.763612,146.385092,126.308061,10460911.000000
2019-10-22,146.095764,146.418334,145.836380,146.090298,126.053699,9764417.000000
2019-10-23,145.556276,146.291585,143.123116,143.858107,124.127658,21497941.000000
2019-10-24,143.503394,144.027863,143.019310,143.283845,123.632157,7729466.000000
2019-10-25,143.108780,144.589669,142.639100,143.936435,124.195243,19100811.000000
2019-10-28,143.611708,143.929411,143.197328,143.597248,123.902576,7621231.000000
2019-10-29,143.715335,143.903190,142.934963,143.334635,123.675981,5966708.000000
2019-10-30,143.247144,144.739798,142.503441,144.230785,124.449222,16365076.000000
2019-10-31,144.111110,144.469490,143.861020,144.251773,124.467332,8017487.000000
2019-11-01,144.208615,144.477778,144.142086,144.310697,124.518174,17027088.000000
2019-11-04,144.450109,145.259962,144.187455,144.961235,125.079489,14463040.000000
2019-11-05,144.464087,144.772368,144.039383,144.207423,124.429064,19032767.000000
2019-11-06,144.463980,145.258673,144.092397,145.045282,125.152009,12737483.000000
2019-11-07,145.400288,146.609829,144.908814,146.157788,126.111933,12856878.000000
2019-11-08,145.911063,146.995001,145.535541,146.735290,126.610228,17870467.000000
2019-11-11,147.145957,149.135693,146.828559,148.093229,127.781923,11198232.000000
2019-11-12,148.175466,149.047426,147.677941,148.767462,128.363684,15917859.000000
2019-11-13,149.080098,150.222882,148.080668,149.973754,129.404531,8691459.000000
2019-11-14,149.990318,151.153128,149.254604,150.858685,130.168092,15891629.000000
2019-11-15,151.221966,151.777576,149.720529,150.302551,129.688232,17162902.000000
2019-11-18,149.858240,151.240767,147.887847,148.248293,127.915720,11971063.000000
2019-11-19,148.599324,151.700932,147.182125,150.371353,129.747598,25139242.000000
2019-11-20,149.781879,150.963817,146.620661,147.977482,127.682052,18056878.000000
2019-11-21,147.978473,148.166970,147.439019,147.624033,127.377079,14173499.000000
2019-11-22,147.572795,147.977802,145.621756,146.377095,126.301161,16584492.000000
2019-11-25,146.419021,146.898824,146.142711,146.671639,126.555307,6967800.000000
2019-11-26,146.512201,147.078738,145.535994,145.983014,125.961129,9270926.000000
2019-11-27,145.833157,146.427601,144.998944,145.167625,125.257572,15018264.000000
2019-11-28,144.672824,144.873692,144.194967,144.606738,124.773612,17546318.000000
2019-11-29,144.398373,144.657735,143.276888,143.662622,123.958984,15414348.000000
2019-12-02,143.650948,144.082556,141.698382,142.561679,123.009037,11931504.000000
2019-12-03,142.281877,143.646954,142.041560,143.245133,123.598754,15407744.000000
2019-12-04,143.886859,145.923799,142.674502,144.771151,124.915475,19345275.000000
2019-12-05,144.960362,145.360673,144.669212,145.187947,125.275107,7561061.000000
2019-12-06,144.707302,145.308729,143.016140,143.835397,124.108062,16766455.000000
2019-12-09,143.647456,143.801006,143.108633,143.458660,123.782996,16682913.000000
2019-12-10,144.232293,144.919919,143.697546,144.431153,124.622109,13444514.000000
2019-12-11,144.102051,145.616788,143.792801,145.263733,125.340499,13653921.000000
2019-12-12,145.063803,145.510767,144.423714,144.689632,124.845137,6564405.000000
2019-12-13,144.675589,144.967828,143.677728,144.250685,124.466392,15490049.000000
2019-12-16,144.634160,144.992551,143.841760,144.539873,124.715918,8924612.000000
2019-12-17,144.684563,144.820192,144.007443,144.177853,124.403549,13022216.000000
2019-12-18,144.298601,145.174167,144.003107,144.673855,124.831524,9019095.000000
2019-12-19,144.331394,145.070273,141.741062,142.125650,122.632811,13867600.000000
2019-12-20,142.044000,142.754523,141.010206,141.224563,121.855310,9727892.000000
2019-12-23,141.538338,141.744029,140.353652,140.674699,121.380861,6615750.000000
2019-12-24,139.900015,140.882760,139.279719,140.195584,120.967457,11768971.000000
2019-12-25,139.644023,140.095692,139.431661,139.896627,120.709503,12821270.000000
2019-12-26,139.979422,140.534360,138.898870,139.119811,120.039229,16592893.000000
2019-12-27,140.229755,143.771621,139.432198,142.469724,122.929694,24065366.000000
2019-12-30,143.335141,147.083807,142.351227,146.280368,126.217700,13852691.000000
2019-12-31,146.740833,149.307690,145.533537,148.016385,127.715619,12779515.000000
2020-01-01,147.737674,148.312654,147.271041,147.818088,127.544518,11616290.000000
2020-01-02,147.763581,148.185617,146.403714,147.060385,126.890736,13595722.000000
2020-01-03,146.698177,148.522516,146.362412,148.148296,127.829438,19569867.000000
2020-01-06,148.483779,149.650870,148.063897,148.839141,128.425532,9665384.000000
2020-01-07,148.584516,148.943408,147.622664,148.082049,127.772277,7124864.000000
2020-01-08,147.832485,148.353778,147.016955,147.365767,127.154234,14997738.000000
2020-01-09,148.503646,150.717696,147.343272,149.501416,128.996975,22123351.000000
2020-01-10,149.532466,149.968971,147.079974,148.233075,127.902589,24107924.000000
2020-01-13,148.235748,148.982138,146.920205,147.328573,127.122141,10743863.000000
2020-01-14,147.418415,148.456293,147.003125,148.120603,127.805543,18735916.000000
2020-01-15,148.672728,150.811630,147.864534,149.971012,130.314365,15380323.000000
2020-01-16,149.117551,149.715496,147.956922,148.462309,129.003407,11770064.000000
2020-01-17,149.349939,151.762456,148.605676,150.917691,131.136963,11722417.000000
2020-01-20,150.729721,151.118312,150.282585,150.696060,130.944381,11698402.000000
2020-01-21,151.060888,152.405238,150.639900,151.660727,131.782610,12550478.000000
2020-01-22,152.017010,153.594659,151.093725,153.044481,132.984995,12981038.000000
2020-01-23,152.452107,152.887059,150.955537,151.843256,131.941215,8944271.000000
2020-01-24,152.147436,152.427592,151.122362,151.334965,131.499545,13314388.000000
2020-01-27,151.557652,152.673694,151.391438,152.096980,132.161683,15034911.000000
2020-01-28,152.310926,154.769753,151.337779,153.498789,133.379757,7516938.000000
2020-01-29,154.136528,154.456403,152.648311,153.032609,132.974679,10219857.000000
2020-01-30,154.011378,159.768684,152.285511,157.308375,136.690023,17636615.000000
2020-01-31,157.425072,157.660762,156.797761,157.310020,136.691452,8891380.000000
2020-02-03,156.911113,158.137033,156.728835,157.579318,136.925453,9655011.000000
2020-02-04,158.760996,163.334928,157.724525,161.476055,140.311446,15986518.000000
2020-02-05,160.827168,162.420690,157.380973,158.695896,137.895681,15128494.000000
2020-02-06,159.549876,164.018325,158.748847,162.217344,140.955575,14732752.000000
2020-02-07,162.245172,163.541730,161.762262,163.167710,141.781377,20360024.000000
2020-02-10,164.072712,168.079176,162.220656,166.412029,144.600464,32773024.000000
2020-02-11,166.553437,166.793645,166.069982,166.183050,144.401497,12276968.000000
2020-02-12,166.488739,167.616164,166.255105,167.040958,145.146959,11980544.000000
2020-02-13,168.060701,173.294926,166.076838,171.083909,148.660002,19459682.000000
2020-02-14,170.124274,171.549628,167.783585,168.323648,146.261528,13100070.000000
2020-02-17,168.859415,171.009997,167.791926,169.855764,147.592830,9852353.000000
2020-02-18,169.734766,170.505232,168.410885,169.151929,146.981246,10387322.000000
2020-02-19,169.514392,171.596374,168.847628,170.829727,148.439135,12593058.000000
2020-02-20,170.774046,171.319094,169.883398,170.280141,147.961583,16125530.000000
2020-02-21,169.809457,170.521952,169.410786,170.044605,147.756919,10543914.000000
2020-02-24,170.132474,170.470438,168.655486,169.333152,147.138716,20996207.000000
2020-02-25,170.156947,172.775396,168.960593,172.331999,149.744505,12503951.000000
2020-02-26,172.046833,172.944212,171.879905,172.643907,150.015532,11354161.000000
2020-02-27,172.374316,172.737975,171.878555,172.550928,149.934740,10639118.000000
2020-02-28,173.126959,174.917822,172.096052,174.497341,151.626037,14012481.000000
2020-03-02,174.610539,176.501139,173.568166,175.509070,152.505159,9167672.000000
2020-03-03,174.291823,174.921995,172.258401,173.073256,150.388606,11772790.000000
2020-03-04,173.127189,173.922024,172.921641,173.564564,150.815519,15324820.000000
2020-03-05,173.984320,174.247923,173.347704,173.761463,150.986610,12434926.000000
2020-03-06,174.737287,176.781054,174.035475,176.301876,153.194052,13255594.000000
2020-03-09,177.156220,177.731831,176.667711,177.233310,154.003403,17052942.000000
2020-03-10,177.732223,179.841370,177.251815,178.970130,155.512579,9137343.000000
2020-03-11,179.277423,181.255074,178.262898,180.521801,156.860873,16830732.000000
2020-03-12,180.673613,182.337974,180.326316,181.476178,157.690160,6600289.000000
2020-03-13,180.781121,181.906357,180.334986,181.601706,157.799235,14663531.000000
2020-03-16,181.461572,181.890782,179.864119,180.693331,157.009921,5580526.000000
2020-03-17,181.082767,181.230526,180.220230,180.684098,157.001898,14673792.000000
2020-03-18,179.642736,180.457022,177.091557,177.794933,154.491414,19385853.000000
2020-03-19,177.891232,178.474256,177.272678,178.273996,154.907687,14194396.000000
2020-03-20,178.047456,179.286427,177.432603,178.650581,155.234913,11596325.000000
2020-03-23,178.251943,179.575264,177.860661,179.247690,155.753760,13275323.000000
2020-03-24,179.066467,179.795912,177.890534,178.601764,155.192494,9007517.000000
2020-03-25,177.434692,178.599493,177.289919,178.176574,154.823034,11612508.000000
2020-03-26,178.235728,179.665336,174.929698,175.518368,152.513238,19366014.000000
2020-03-27,175.418362,176.071771,175.092825,175.843336,152.795613,19820341.000000
2020-03-30,176.215597,177.820096,175.413205,177.254124,154.021489,9567015.000000
2020-03-31,177.336202,177.865077,177.004031,177.690085,154.400309,13260935.000000
2020-04-01,177.017551,177.363230,174.925535,175.347387,152.364667,20867513.000000
2020-04-02,176.108021,178.502050,175.660939,177.306995,154.067430,13565443.000000
2020-04-03,178.098808,178.368805,177.390213,177.749373,154.451826,14148495.000000
2020-04-06,177.858726,179.699618,177.391884,178.934021,155.481203,16402482.000000
2020-04-07,178.886154,179.755414,178.681664,179.259760,155.764247,14037353.000000
2020-04-08,178.734119,179.515403,178.312429,179.345427,155.838686,11396930.000000
2020-04-09,179.023560,180.066146,175.657598,177.139513,153.921901,18152293.000000
2020-04-10,175.732588,177.053983,175.517805,176.917909,153.729342,9290974.000000
2020-04-13,176.879670,177.600721,175.872802,176.711373,154.632303,13225905.000000
2020-04-14,176.253947,177.646918,173.217623,173.698953,151.996267,10463229.000000
2020-04-15,173.730414,174.033494,173.072154,173.538037,151.855457,18687002.000000
2020-04-16,173.653583,174.759231,170.465295,171.224210,149.830729,18834029.000000
2020-04-17,170.335695,170.790155,168.558481,169.671369,148.471907,8661234.000000
2020-04-20,170.059106,170.412523,169.540524,169.772100,148.560052,9021222.000000
2020-04-21,169.268050,170.899601,165.309552,166.967807,146.106139,21842840.000000
2020-04-22,166.784168,167.674219,165.712699,166.431560,145.636893,16431167.000000
2020-04-23,166.463536,167.208634,165.224100,165.631082,144.936430,6370005.000000
2020-04-24,165.565092,165.702207,165.238743,165.594216,144.904171,13499098.000000
2020-04-27,166.453902,167.298856,165.692036,166.811006,145.968930,16490763.000000
2020-04-28,166.800800,167.419668,165.481094,165.991994,145.252248,13064297.000000
2020-04-29,165.777564,166.283640,165.617688,166.040734,145.294898,6377829.000000
2020-04-30,166.382288,166.966473,165.674249,166.809864,145.967931,10569503.000000
2020-05-01,166.635944,167.600518,165.426423,165.849603,145.127648,6874986.000000
2020-05-04,165.863576,168.248616,164.859995,167.238500,146.343011,18175069.000000
2020-05-05,167.217450,168.389940,166.587137,168.097536,147.094715,11640330.000000
2020-05-06,167.550341,168.640299,166.260763,166.714912,145.884842,8152441.000000
2020-05-07,167.037706,168.402904,166.326032,167.752251,146.792571,14627190.000000
2020-05-08,167.091736,167.595533,165.068295,165.439653,144.768919,11427120.000000
2020-05-11,165.666109,168.862717,164.884610,167.424311,146.505605,11354853.000000
2020-05-12,166.996895,167.863728,165.930344,166.172722,145.410396,21177643.000000
2020-05-13,166.301331,166.426832,165.785262,166.088565,145.336754,8764527.000000
2020-05-14,166.569160,166.705175,165.397538,165.734401,145.026840,10914842.000000
2020-05-15,165.336913,167.601132,164.275203,167.097428,146.219564,20814647.000000
2020-05-18,166.977503,167.939129,165.393006,165.933800,145.201326,13891529.000000
2020-05-19,166.317064,166.766751,165.792902,166.620566,145.802284,16562535.000000
2020-05-20,166.990897,168.184535,166.385416,167.838620,146.868149,12534265.000000
2020-05-21,168.341410,169.101229,168.139951,168.839335,147.743831,11236136.000000
2020-05-22,167.511014,168.084162,164.972257,165.977943,145.239953,16769212.000000
2020-05-25,166.909036,170.624254,165.058809,168.731557,147.649519,12703803.000000
2020-05-26,169.564794,173.974084,168.698416,172.506718,150.952995,18796572.000000
2020-05-27,172.911233,173.761004,171.612411,171.911809,150.432417,13451874.000000
2020-05-28,172.175795,173.574998,171.575493,172.864516,151.266088,12609957.000000
2020-05-29,173.213486,174.092822,172.404269,173.701838,151.998792,9659808.000000
2020-06-01,174.443570,174.804143,173.683269,174.292107,152.515310,11163669.000000
2020-06-02,174.061012,174.763004,170.595062,171.963237,150.477419,15327717.000000
2020-06-03,172.099943,172.644487,171.798212,172.496438,150.943999,16078579.000000
2020-06-04,172.758288,174.713345,172.203180,173.660905,151.962973,20145718.000000
2020-06-05,174.610711,176.930451,173.325113,175.904043,153.925844,20334369.000000
2020-06-08,176.262111,176.679194,175.471185,175.795376,153.830754,11589382.000000
2020-06-09,176.657819,176.939006,176.153607,176.665367,154.592045,8904547.000000
2020-06-10,176.240520,177.121864,175.858272,176.526407,154.470447,10456873.000000
2020-06-11,177.066815,178.766127,176.830367,177.888857,155.662667,12019941.000000
2020-06-12,177.859702,179.154231,177.168847,178.927371,156.571424,9850938.000000
2020-06-15,179.193404,180.113412,178.507430,179.884489,157.408956,8202276.000000
2020-06-16,180.805465,184.969812,180.131637,183.089846,160.213822,6419575.000000
2020-06-17,182.393526,182.660314,180.536762,181.673959,158.974842,11940455.000000
2020-06-18,181.816633,182.679227,181.109943,182.183864,159.421037,8836507.000000
2020-06-19,182.990252,184.621068,181.852320,183.716216,160.761931,16034562.000000
2020-06-22,184.071310,185.450788,183.126812,185.082751,161.957725,9120113.000000
2020-06-23,185.943155,186.903468,185.484015,185.887703,162.662103,12924013.000000
2020-06-24,185.807369,186.321501,185.330717,185.664689,162.466953,6623775.000000
2020-06-25,186.337554,189.204239,185.522668,188.191720,164.678246,17474852.000000
2020-06-26,187.682837,189.364526,186.923972,188.752902,165.169311,13010986.000000
2020-06-29,188.419934,189.374727,188.051878,189.073974,165.450268,10185549.000000
2020-06-30,189.770353,190.454506,189.578868,189.763950,166.054035,12043071.000000
2020-07-01,188.983089,189.462461,188.104649,188.567890,165.007416,13704454.000000
2020-07-02,188.438657,189.530835,187.010859,187.878522,164.404180,8953879.000000
2020-07-03,188.169797,189.512289,187.633644,188.667397,165.094490,8363882.000000
2020-07-06,188.923405,190.381376,188.276021,190.074101,166.325434,12410878.000000
2020-07-07,190.842427,191.667991,190.631861,191.115681,167.236875,22334772.000000
2020-07-08,190.331227,191.465914,188.486969,188.982540,165.370257,10637028.000000
2020-07-09,190.121152,191.487094,189.114096,189.775110,167.234442,16130235.000000
2020-07-10,190.270451,192.239406,189.379987,191.655246,168.891263,18978588.000000
2020-07-13,191.376590,193.023059,191.183452,192.385404,169.534697,6780377.000000
2020-07-14,193.029616,196.509256,192.565643,195.158765,171.978650,13375327.000000
2020-07-15,196.340116,197.998486,195.035965,196.819723,173.442326,16933148.000000
2020-07-16,197.268332,200.600583,196.198796,199.110410,175.460935,8208572.000000
2020-07-17,199.106551,199.628506,198.802900,199.447876,175.758318,5306529.000000
2020-07-20,199.231090,199.438645,198.842231,199.343325,175.666186,12266938.000000
2020-07-21,200.328133,202.837992,198.451944,202.334468,178.302054,12288495.000000
2020-07-22,202.537886,204.715487,201.460360,204.226953,179.969757,18455896.000000
2020-07-23,204.634454,205.975286,204.044877,205.598096,181.178041,9005025.000000
2020-07-24,205.504176,208.184961,204.041249,207.427590,182.790236,10333513.000000
2020-07-27,208.172532,210.452292,207.646112,209.201625,184.353560,13681711.000000
2020-07-28,209.479570,210.565446,208.938512,209.732231,184.821142,6403434.000000
2020-07-29,209.743861,211.382088,209.316538,210.791785,185.754847,8869512.000000
2020-07-30,209.923345,210.717943,209.057589,209.407508,184.534988,7470108.000000
2020-07-31,208.547795,210.725249,203.179258,205.554415,181.139549,20102535.000000
2020-08-03,205.441576,206.454978,203.259512,203.977468,179.749905,23571818.000000
2020-08-04,203.996982,206.212526,203.469775,205.665221,181.237194,20503216.000000
2020-08-05,205.178332,206.133011,204.875747,205.893489,181.438349,8737164.000000
2020-08-06,205.429409,207.645682,201.209833,202.262848,178.238940,19758921.000000
2020-08-07,201.769313,202.952882,198.258245,199.644468,175.931560,13979632.000000
2020-08-10,198.866595,199.753357,198.196008,199.297212,175.625550,9533396.000000
2020-08-11,198.167353,198.981700,194.559943,196.080765,172.791139,16989580.000000
2020-08-12,196.187007,196.863462,195.736736,195.913912,172.644103,8792066.000000
2020-08-13,196.383300,196.770948,194.508236,195.304827,172.107363,11238580.000000
2020-08-14,196.316859,201.103016,194.368725,199.117542,175.467220,27934029.000000
2020-08-17,199.971136,201.751472,198.613591,200.607504,176.780210,12565412.000000
2020-08-18,200.369107,202.075566,199.914962,201.466267,177.536974,10892597.000000
2020-08-19,201.483638,202.499489,199.523122,200.047015,176.286294,16843751.000000
2020-08-20,199.568150,200.036872,197.806513,198.623832,175.032151,6895368.000000
2020-08-21,199.135104,201.726080,197.722626,200.459718,176.649978,10180526.000000
2020-08-24,200.731520,204.235140,199.220871,202.840059,178.747593,14950640.000000
2020-08-25,204.026364,204.328745,202.319313,203.123371,178.997254,13143854.000000
2020-08-26,202.532603,203.627184,199.940190,201.153047,177.260957,12660836.000000
2020-08-27,201.442266,201.953589,200.940983,201.513251,177.578377,14508847.000000
2020-08-28,201.183433,201.873409,200.728319,200.982679,177.110824,12350546.000000
2020-08-31,200.000168,201.615668,197.890339,198.596772,175.008305,15348376.000000
2020-09-01,198.919100,200.643126,197.831707,199.852305,176.114711,14385791.000000
2020-09-02,200.290393,201.916371,200.001680,201.533937,177.596606,15191309.000000
2020-09-03,201.608538,203.567462,198.580471,199.185506,175.527111,12286659.000000
2020-09-04,198.853747,199.140358,196.822029,197.802129,174.308046,12160992.000000
2020-09-07,197.803352,198.229215,195.492554,196.396602,173.069461,14030614.000000
2020-09-08,196.370436,197.625157,195.948660,196.957083,173.563371,11441583.000000
2020-09-09,198.374782,201.449585,197.709527,199.635047,175.923258,27141985.000000
2020-09-10,200.562806,203.043686,199.496963,201.767383,177.802325,16250574.000000
2020-09-11,201.878778,203.103240,201.057298,202.073078,178.071710,9043618.000000
2020-09-14,201.355499,202.131693,201.010819,201.982476,177.991869,9431017.000000
2020-09-15,202.037849,202.904234,201.556699,202.508177,178.455130,9297918.000000
2020-09-16,201.957958,202.503471,201.607111,202.034674,178.037868,7945616.000000
2020-09-17,201.966440,202.688300,201.681737,201.832462,177.859674,14482997.000000
2020-09-18,202.351937,202.509370,201.336350,201.835315,177.862187,15850273.000000
2020-09-21,201.971146,202.897920,201.531770,202.485820,178.435429,7722761.000000
2020-09-22,203.499011,206.429644,202.914272,205.637372,181.212653,15007455.000000
2020-09-23,205.429329,205.897279,203.397248,204.230772,179.973123,9244603.000000
2020-09-24,204.604150,207.476068,203.388058,206.359112,181.848668,11823936.000000
2020-09-25,206.921165,207.406501,206.506831,206.656489,182.110724,6589431.000000
2020-09-28,206.595796,207.083205,205.799968,206.409655,181.893207,11702967.000000
2020-09-29,205.418103,206.521717,204.215744,204.699574,180.386242,12475835.000000
2020-09-30,204.705946,204.947711,203.382013,204.116373,179.872311,10935385.000000
2020-10-01,203.933491,204.861897,203.404850,204.145578,179.898047,7714656.000000
2020-10-02,204.041434,205.294657,203.486571,204.510568,180.219685,13694051.000000
2020-10-05,204.185581,204.873317,202.943071,203.583614,179.402831,9681681.000000
2020-10-06,203.630468,204.412024,201.309128,202.108323,179.358277,8718531.000000
2020-10-07,202.685630,203.080609,202.001761,202.576429,179.773691,13772062.000000
2020-10-08,202.375725,203.140641,201.076857,201.614451,178.919996,10935450.000000
2020-10-09,200.809075,202.590435,196.830143,198.038523,175.746588,18244318.000000
2020-10-12,197.447204,200.754404,196.128497,200.036103,177.519313,20046607.000000
2020-10-13,199.501719,199.845337,197.596879,198.785382,176.409378,10458686.000000
2020-10-14,198.932861,202.527512,197.846447,201.344387,178.680333,12219152.000000
2020-10-15,200.446069,201.305527,198.508559,199.319591,176.883455,7483543.000000
2020-10-16,199.365533,201.266075,199.087755,200.609339,178.028024,15544569.000000
2020-10-19,200.246632,201.120318,198.227049,198.737639,176.367009,9703681.000000
2020-10-20,199.060904,200.742068,198.359619,200.163243,177.632142,14590298.000000
2020-10-21,200.688887,201.693376,200.270841,200.891563,178.278480,16804639.000000
2020-10-22,201.897204,207.233453,199.722001,205.114749,182.026289,9594273.000000
2020-10-23,205.793246,209.798966,203.574850,208.938253,185.419405,20449225.000000
2020-10-26,207.904780,208.707363,207.218790,207.521325,184.161972,10895623.000000
2020-10-27,207.767513,208.183318,207.063996,207.919005,184.514888,16875115.000000
2020-10-28,208.822249,210.816582,207.794576,209.660051,186.059955,14267172.000000
2020-10-29,209.446683,210.371535,207.229403,207.777361,184.389188,7385864.000000
2020-10-30,208.511763,211.826955,207.515930,210.451717,186.762508,12314590.000000
2020-11-02,210.481896,211.225694,209.910806,210.755716,187.032288,15762702.000000
2020-11-03,211.565444,217.228900,210.264108,214.758958,190.584911,16247200.000000
2020-11-04,214.222016,215.170826,213.418385,213.804962,189.738300,10262273.000000
2020-11-05,213.520970,213.699200,212.687206,213.304449,189.294127,7207702.000000
2020-11-06,212.655563,213.570291,211.576663,212.390211,188.482798,10168803.000000
2020-11-09,212.864693,213.428448,211.990464,212.355749,188.452215,13070981.000000
2020-11-10,212.451260,212.710020,210.872210,211.388888,187.594188,6509826.000000
2020-11-11,211.495819,213.286175,211.149930,212.770865,188.820605,16257511.000000
2020-11-12,213.627986,214.722767,212.992049,214.024585,189.933201,10520906.000000
2020-11-13,214.077883,216.612752,213.357499,215.429636,191.180094,11194311.000000
2020-11-16,215.688776,215.985650,214.818750,215.298283,191.063528,6904208.000000
2020-11-17,216.164849,218.481234,215.159640,218.039260,193.495970,12760162.000000
2020-11-18,218.452973,219.190921,217.865240,218.777666,194.151259,12057759.000000
2020-11-19,218.583483,218.967156,216.097134,217.031163,192.601348,13463853.000000
2020-11-20,217.485367,218.011789,216.290557,216.753641,192.355065,13604544.000000
2020-11-23,216.662289,216.891099,215.320801,215.976716,191.665593,8031023.000000
2020-11-24,216.171314,216.634955,214.755922,215.108237,190.894874,14815316.000000
2020-11-25,215.657209,216.168643,215.337513,215.577482,191.311298,13137568.000000
2020-11-26,216.332800,218.558865,215.648550,217.555007,193.066226,18015282.000000
2020-11-27,218.468866,219.911758,217.950123,219.021241,194.367415,14036959.000000
2020-11-30,218.024686,218.862177,217.445880,217.902253,193.374384,9385930.000000
2020-12-01,217.889072,218.902809,213.656655,214.676780,190.511982,16840849.000000
2020-12-02,214.735261,215.041870,212.678862,213.801220,189.734979,7212285.000000
2020-12-03,213.336714,213.659359,211.495851,212.507900,188.587240,15502276.000000
2020-12-04,211.792440,213.892914,206.258134,208.203410,184.767279,10756749.000000
2020-12-07,207.441384,208.449100,205.139999,206.200037,182.989413,6560390.000000
2020-12-08,205.297697,205.714701,203.869167,204.762195,181.713419,13053591.000000
2020-12-09,204.016379,204.956979,203.489602,203.783813,180.845168,8994658.000000
2020-12-10,203.950181,207.669393,203.292790,206.256405,183.039436,16724980.000000
2020-12-11,205.919580,206.753356,203.320476,204.244618,181.254102,10611834.000000
2020-12-14,203.917375,206.730941,203.044534,206.130710,182.927890,13248225.000000
2020-12-15,206.280898,206.972985,204.335304,205.216296,182.116406,10166665.000000
2020-12-16,205.341462,205.913890,204.984155,205.545446,182.408505,7042168.000000
2020-12-17,205.225256,205.894629,204.947671,205.623219,182.477524,14381120.000000
2020-12-18,206.125338,209.213906,204.662315,207.769431,184.382150,16283977.000000
2020-12-21,207.529404,208.227325,207.069308,207.317139,183.980769,14704464.000000
2020-12-22,208.243303,213.574953,206.660464,211.256149,187.476391,22287166.000000
2020-12-23,210.424408,211.392496,209.880679,210.698994,186.981951,15289410.000000
2020-12-24,210.001735,211.081839,209.836385,210.551203,186.850795,18107962.000000
2020-12-25,211.170320,216.307578,208.627338,214.245136,190.128926,17897996.000000
2020-12-28,213.708517,214.129270,211.547039,212.302701,188.405139,12592959.000000
2020-12-29,211.915527,212.746236,210.158365,211.013486,187.261042,15252396.000000
2020-12-30,212.143093,214.805354,210.621743,213.407070,189.385196,11244317.000000
2020-12-31,213.637139,215.225161,213.184956,214.665886,190.502315,12337135.000000
2021-01-01,215.072436,215.593404,212.667839,213.094647,190.441027,7141464.000000
2021-01-04,213.809538,214.001967,213.389866,213.714529,190.995012,15553819.000000
2021-01-05,213.795453,214.499960,213.476815,213.933239,191.190471,17535762.000000
2021-01-06,214.804180,215.758599,213.701055,215.245803,192.363499,11607511.000000
2021-01-07,215.228575,216.494925,214.779271,216.041866,193.074934,12814881.000000
2021-01-08,216.914770,219.009081,216.511712,217.760138,194.610541,10548159.000000
2021-01-11,217.787957,218.449585,217.085475,218.107745,194.921194,7183329.000000
2021-01-12,217.806315,218.648627,216.960529,218.289048,195.083223,9177317.000000
2021-01-13,218.004201,219.297090,217.834968,218.502230,195.273742,21757093.000000
2021-01-14,218.442945,218.946201,214.657924,216.002327,193.039598,14106032.000000
2021-01-15,215.227582,216.443650,214.800556,216.199886,193.216156,15971498.000000
2021-01-18,216.751391,217.246371,216.031025,216.886684,193.829942,10736973.000000
2021-01-19,216.281608,216.810227,212.846089,214.513862,191.709369,13441944.000000
2021-01-20,214.231569,215.217468,213.785075,214.610195,191.795461,9839025.000000
2021-01-21,216.333282,221.075563,214.633982,218.727692,195.475236,12841464.000000
2021-01-22,217.784045,219.000621,217.390570,218.791624,195.532372,6313848.000000
2021-01-25,218.025075,218.638390,217.338472,218.018525,194.841459,11954057.000000
2021-01-26,219.095714,221.372073,217.931213,220.076969,196.681074,19192891.000000
2021-01-27,221.966115,224.368966,220.233158,223.125853,199.405838,19703405.000000
2021-01-28,223.409349,223.827061,222.320531,222.623181,198.956604,6136333.000000
2021-01-29,221.502042,222.843290,220.071407,220.506486,197.064930,21778626.000000
2021-02-01,219.964169,220.793063,215.117315,217.125013,194.042934,11883242.000000
2021-02-02,216.615278,216.881297,215.518436,216.172830,193.191975,12138163.000000
2021-02-03,215.089315,215.988809,213.051741,214.441835,191.644999,17802586.000000
2021-02-04,214.741947,215.002673,214.136951,214.640738,191.822757,8080175.000000
2021-02-05,213.537927,216.721337,207.042109,207.866301,185.768496,22098621.000000
2021-02-08,207.574781,208.713277,207.396579,208.028716,185.913645,14036724.000000
2021-02-09,208.042612,210.634416,207.063621,209.371063,187.113289,22509588.000000
2021-02-10,209.515028,210.621418,208.733014,210.056864,187.726185,13833814.000000
2021-02-11,209.575520,210.513406,207.929678,209.028466,186.807113,12652327.000000
2021-02-12,209.088973,209.531528,208.157792,208.803643,186.606191,9808721.000000
2021-02-15,209.023559,210.411017,205.307421,206.943084,184.943424,11648557.000000
2021-02-16,206.519720,207.607023,203.621372,205.042001,183.244441,15596379.000000
2021-02-17,205.062248,205.373885,204.549586,204.929643,183.144027,15831250.000000
2021-02-18,205.495840,210.052762,204.580830,208.196609,186.063689,15756736.000000
2021-02-19,208.821357,212.840777,207.530891,211.630138,189.132207,22152184.000000
2021-02-22,211.094883,211.900868,210.632665,211.376166,188.905234,9267633.000000
2021-02-23,211.035993,211.969783,210.093274,210.429583,188.059280,10398916.000000
2021-02-24,210.754557,214.028858,209.968116,212.530225,189.936608,14251996.000000
2021-02-25,212.724673,212.930605,212.072795,212.377258,189.799903,11784877.000000
2021-02-26,213.364847,219.164838,211.916992,216.739412,193.698326,15582701.000000
2021-03-01,217.016593,217.708092,216.538692,217.124485,194.042462,8724205.000000
2021-03-02,217.049093,217.623413,216.215079,216.657082,193.624748,17214079.000000
2021-03-03,217.855534,221.294383,216.287287,220.135902,196.733742,22382882.000000
2021-03-04,220.837042,221.340790,219.858126,220.510074,197.068137,15544322.000000
2021-03-05,220.731976,221.311993,218.710385,219.567648,196.225898,15332286.000000
2021-03-08,219.224040,221.001888,218.889354,220.672960,197.213707,9447311.000000
2021-03-09,220.764890,221.145109,219.303458,220.159239,196.754599,8805756.000000
2021-03-10,221.101750,224.157254,219.945440,223.061314,199.348160,25434771.000000
2021-03-11,223.393155,226.770417,222.429330,225.413152,201.449980,14355705.000000
2021-03-12,225.700679,226.034081,224.710202,225.073870,201.146766,10537844.000000
2021-03-15,224.456398,225.591788,223.316117,223.940491,200.133874,12219054.000000
2021-03-16,223.977198,224.491685,223.338542,223.885094,200.084366,8454379.000000
2021-03-17,222.790980,225.035061,217.887916,219.211063,195.907221,30189845.000000
2021-03-18,218.819809,219.831549,216.254315,217.529531,194.404449,15588212.000000
2021-03-19,217.580114,218.809229,217.272469,218.492097,195.264687,7037241.000000
2021-03-22,218.541771,218.819987,217.320971,217.651610,194.513550,15020789.000000
2021-03-23,216.193794,218.089188,212.287327,213.567418,190.863539,22537679.000000
2021-03-24,214.167880,214.956164,213.386192,214.553108,191.744443,10232331.000000
2021-03-25,214.590671,215.173728,214.282978,214.734524,191.906573,7908268.000000
2021-03-26,214.600969,215.843499,211.145529,212.435567,189.852013,8443735.000000
2021-03-29,213.299501,216.415673,211.451022,214.973093,192.119781,17729324.000000
2021-03-30,215.457317,216.566325,215.091650,216.046111,193.078728,10757244.000000
2021-03-31,216.129856,216.596798,213.410334,214.043013,192.637034,9562505.000000
2021-04-01,214.554129,215.500673,212.641082,213.395265,192.054066,7982387.000000
2021-04-02,212.192273,212.901727,207.001940,208.893423,188.002444,15598388.000000
2021-04-05,209.426068,212.711016,207.743846,211.210760,190.088028,21662834.000000
2021-04-06,213.072803,217.461373,211.494052,215.329340,193.794718,11714670.000000
2021-04-07,215.377438,215.619208,214.253719,214.883438,193.393410,12549010.000000
2021-04-08,214.372343,215.564472,211.806848,212.570841,191.312091,10767527.000000
2021-04-09,212.769961,214.205348,212.197778,213.380362,192.040654,15327500.000000
2021-04-12,213.740839,214.085683,213.349653,213.623271,192.259270,14566831.000000
2021-04-13,213.456573,213.855061,212.718193,213.355312,192.018109,9603859.000000
2021-04-14,212.880477,213.201948,211.773274,212.375742,191.136503,10795694.000000
2021-04-15,212.951327,215.221364,212.519946,214.018206,192.614708,13928957.000000
2021-04-16,213.670516,215.157702,211.233768,212.079407,190.869804,10747458.000000
2021-04-19,211.876906,214.064924,210.820870,213.234995,191.909824,14421973.000000
2021-04-20,213.267991,215.458594,211.949672,214.582440,193.122515,10157369.000000
2021-04-21,214.064064,214.345845,213.363086,214.106927,192.694556,10089921.000000
2021-04-22,214.928947,216.282108,214.495751,215.849890,194.263209,17676138.000000
2021-04-23,215.860613,217.055243,215.629171,216.670440,195.001698,9455440.000000
2021-04-26,216.526426,217.956538,211.301333,213.502850,192.150892,13870821.000000
2021-04-27,213.072017,215.655025,212.310431,214.752395,193.275472,9612382.000000
2021-04-28,214.725487,216.466930,213.922774,215.838532,194.252987,7208528.000000
2021-04-29,216.395643,216.542208,215.163445,215.323285,193.789269,15743382.000000
2021-04-30,215.574215,216.434343,214.832896,216.025456,194.421217,12478213.000000
2021-05-03,215.732205,216.108498,215.420004,215.810172,194.227463,9526514.000000
2021-05-04,216.347931,220.617904,215.667566,219.014561,197.111389,13434527.000000
2021-05-05,218.127844,218.395184,217.681760,218.050806,196.244016,12492190.000000
2021-05-06,217.754572,219.014732,217.263550,218.778157,196.898627,20055745.000000
2021-05-07,218.103408,218.869176,214.097515,215.860198,194.272487,20480377.000000
2021-05-10,215.203047,216.567781,214.778243,216.190989,194.570196,8108300.000000
2021-05-11,216.470900,220.251555,214.631666,218.773839,196.894740,12634866.000000
2021-05-12,217.314674,217.935448,212.319785,214.313890,192.880821,22547485.000000
2021-05-13,213.891321,215.233789,213.007467,214.948621,193.452074,11621128.000000
2021-05-14,214.076392,215.050619,213.509505,214.287717,192.857266,10483236.000000
2021-05-17,213.710488,214.386861,212.601163,213.259556,191.931929,11097870.000000
2021-05-18,213.160325,214.246618,210.982033,211.887049,190.696684,15304732.000000
2021-05-19,211.503842,211.948759,209.172020,210.487095,189.436736,16961708.000000
2021-05-20,210.294923,211.317539,206.346640,208.104862,187.292745,26910437.000000
2021-05-21,208.208900,209.011915,207.003337,207.508320,186.755862,6747022.000000
2021-05-24,207.103685,208.891631,206.754902,207.951106,187.154366,7897046.000000
2021-05-25,207.507262,209.381002,202.821050,204.843542,184.357582,18005010.000000
2021-05-26,205.398777,206.399080,205.001529,205.935946,185.340738,8131462.000000
2021-05-27,206.406559,209.645696,205.767026,208.136178,187.320929,12030022.000000
2021-05-28,208.467057,209.448818,207.645790,208.970935,188.072204,8295397.000000
2021-05-31,209.821583,210.143298,208.693801,209.039133,188.133581,11302105.000000
2021-06-01,209.755196,211.388560,209.125580,210.761330,189.683545,13604456.000000
2021-06-02,210.164031,211.123161,209.895628,210.870207,189.781533,12147673.000000
2021-06-03,210.498785,211.943789,209.835066,211.649405,190.482806,10517580.000000
2021-06-04,211.868444,212.492229,210.380590,210.989967,189.889317,12063984.000000
2021-06-07,210.737246,211.910343,208.976023,209.747439,188.771051,8120076.000000
2021-06-08,210.929318,214.602801,210.324341,213.738092,192.362607,10742970.000000
2021-06-09,212.836301,215.115465,206.207130,208.247187,187.420836,19786990.000000
2021-06-10,208.161670,209.158146,207.307850,208.530003,187.675368,11441915.000000
2021-06-11,208.727673,209.822232,206.895848,207.792879,187.011962,12604993.000000
2021-06-14,208.446860,210.929341,207.997766,210.471900,189.423061,9655285.000000
2021-06-15,210.457380,210.736519,209.802299,210.189237,189.168666,11261280.000000
2021-06-16,210.637364,211.569285,208.974222,209.720210,188.746546,12004200.000000
2021-06-17,210.201270,210.817087,209.628361,210.115490,189.102294,13282976.000000
2021-06-18,209.534683,210.691793,209.133021,210.191825,189.170995,7280424.000000
2021-06-21,210.554090,213.306354,209.146685,211.930143,190.735467,10537391.000000
2021-06-22,211.742705,214.316644,210.805048,213.110634,191.797900,6141435.000000
2021-06-23,213.746957,215.952239,213.040710,214.787908,193.307433,13469699.000000
2021-06-24,214.950846,215.402583,214.355514,215.089827,193.579159,11857699.000000
2021-06-25,215.267774,216.142905,215.068647,215.626064,194.061768,21853792.000000
2021-06-28,215.942899,217.338466,215.416308,216.154825,195.909011,11486704.000000
2021-06-29,215.341511,215.863687,213.037712,213.877343,193.844846,11327181.000000
2021-06-30,214.432288,214.737372,213.198595,213.640294,193.630001,8637025.000000
2021-07-01,213.229902,214.234870,211.361786,212.148385,192.277828,11988504.000000
2021-07-02,211.886636,213.486945,210.871271,212.885340,192.945758,15383684.000000
2021-07-05,212.611303,213.141174,211.503957,212.218628,192.341493,7776342.000000
2021-07-06,212.763085,213.365201,212.315687,212.575438,192.664882,13564151.000000
2021-07-07,211.932509,212.658455,211.319203,212.205138,192.329266,10618006.000000
2021-07-08,212.045538,213.086491,208.982474,210.263879,190.569832,11202223.000000
2021-07-09,209.584398,210.329549,209.052382,209.963502,190.297589,16644661.000000
2021-07-12,209.991045,210.802674,209.375297,209.703737,190.062155,15516552.000000
2021-07-13,209.788836,214.083946,209.185519,212.718462,192.794510,13966083.000000
2021-07-14,212.355447,212.642784,211.684259,211.999019,192.142453,13175508.000000
2021-07-15,210.989435,212.107462,207.060060,208.552672,189.018902,13615508.000000
2021-07-16,208.089044,208.932930,207.833824,208.504878,188.975585,11786101.000000
2021-07-19,208.609188,211.199019,207.290139,209.967427,190.301147,17073280.000000
2021-07-20,209.339459,211.433756,205.399387,206.965863,187.580719,12928917.000000
2021-07-21,207.815475,208.882994,206.759522,208.365926,188.849648,11545550.000000
2021-07-22,207.399609,208.072525,203.860432,205.532598,186.281700,23384308.000000
2021-07-23,205.853373,208.205068,204.679712,206.963549,187.578623,9887139.000000
2021-07-26,208.972372,216.382120,207.644714,213.946088,193.907152,31496628.000000
2021-07-27,213.899242,214.525002,213.054184,213.469117,193.474856,10574335.000000
2021-07-28,213.198416,214.795569,209.378222,210.662943,190.931518,14277101.000000
2021-07-29,209.647226,211.652019,205.605347,206.266036,186.946441,14937939.000000
2021-07-30,206.858468,208.967338,205.435593,208.427699,188.905635,19282693.000000
2021-08-02,209.389905,212.233537,208.516978,210.664768,190.933172,16323180.000000
2021-08-03,211.032635,211.848854,210.649684,211.180521,191.400618,13837078.000000
2021-08-04,209.504240,210.023717,206.940691,207.835746,188.369126,18042821.000000
2021-08-05,209.784171,215.873985,207.069454,214.486881,194.397293,18264946.000000
2021-08-06,215.079733,216.938610,213.380811,216.225912,195.973440,12318481.000000
2021-08-09,216.158084,217.506812,215.364465,216.954116,196.633439,9828731.000000
2021-08-10,218.054702,221.509344,216.226896,219.824858,199.235296,26656622.000000
2021-08-11,218.739181,220.074200,217.658229,218.365251,197.912401,11027223.000000
2021-08-12,218.054874,220.368721,217.372735,219.243524,198.708412,13394476.000000
2021-08-13,220.085810,226.214987,218.120939,224.573070,203.538774,17703765.000000
2021-08-16,223.587958,224.292930,222.414660,222.930681,202.050217,15885747.000000
2021-08-17,223.577423,225.466801,222.371985,224.679425,203.635168,19724861.000000
2021-08-18,224.612707,225.304862,221.688802,222.735967,201.873741,18632582.000000
2021-08-19,222.862351,223.474745,222.365042,222.920865,202.041321,12618112.000000
2021-08-20,224.481782,225.558356,222.963399,224.944254,203.875192,17789110.000000
2021-08-23,224.874227,225.216222,222.208229,223.214990,202.307897,14181892.000000
2021-08-24,222.767387,223.439330,221.259699,222.137206,201.331062,10473924.000000
2021-08-25,220.921113,221.709054,217.453370,218.800419,198.306810,9179075.000000
2021-08-26,218.935163,221.462493,218.601165,220.064520,199.452510,7674337.000000
2021-08-27,220.241504,221.635630,219.502651,220.577841,199.917752,9960968.000000
2021-08-30,221.560008,224.116651,219.654118,223.547402,202.609174,12672582.000000
2021-08-31,222.809141,223.148931,222.105391,222.597632,201.748363,13563584.000000
2021-09-01,223.549073,226.996438,222.657079,225.256880,204.158537,15255174.000000
2021-09-02,225.663449,230.716846,225.007547,229.901060,208.367726,14045897.000000
2021-09-03,229.558683,230.929259,226.469171,227.992795,206.638196,10829991.000000
2021-09-06,228.240223,229.627776,228.014578,229.058036,207.603663,12325398.000000
2021-09-07,230.274367,232.363251,228.677190,231.644585,209.947946,15487624.000000
2021-09-08,232.541648,234.745135,232.102715,233.543332,211.668850,17533880.000000
2021-09-09,231.978665,232.628633,227.733669,228.854015,207.418751,11197095.000000
2021-09-10,229.529742,230.265467,228.648469,229.736739,208.218797,9208597.000000
2021-09-13,228.954826,229.812618,228.593408,229.298455,207.821563,10000946.000000
2021-09-14,229.073838,230.308503,228.515054,229.676190,208.163919,11329619.000000
2021-09-15,229.821386,230.615684,228.796473,229.116617,207.656757,17604244.000000
2021-09-16,229.758130,230.792812,228.890681,229.895002,208.362236,12334174.000000
2021-09-17,228.395380,228.750068,227.309019,228.219754,206.843897,35163518.000000
2021-09-20,227.727515,228.069083,226.682380,227.286296,205.997870,13871293.000000
2021-09-21,227.096909,227.324513,225.486005,226.149837,204.967856,25888692.000000
2021-09-22,225.719485,226.569909,222.851218,223.812835,202.849745,10505433.000000
2021-09-23,223.673157,224.104311,219.258498,220.455355,201.215246,12134442.000000
2021-09-24,219.358177,220.632053,216.201155,217.364776,198.394395,15896561.000000
2021-09-27,217.129417,217.870637,216.559551,217.202494,198.246276,9420287.000000
2021-09-28,216.512007,217.475496,215.730556,216.069006,197.211712,15101030.000000
2021-09-29,215.815451,216.465504,214.736583,215.486118,196.679696,5246568.000000
2021-09-30,215.629514,216.292083,214.439598,214.840003,196.089970,12219919.000000
2021-10-01,213.530842,215.540000,208.741285,210.349754,191.991605,18739705.000000
2021-10-04,211.438453,213.214796,210.978315,212.697230,194.134206,23009111.000000
2021-10-05,212.350006,214.634007,211.886999,213.917906,195.248349,9787816.000000
2021-10-06,213.454232,214.883815,213.206004,214.480539,195.761878,11392014.000000
2021-10-07,215.580942,219.470128,214.819119,217.519123,198.535271,17860713.000000
2021-10-08,218.478720,219.066955,217.649906,218.130117,199.092942,10858579.000000
2021-10-11,218.578343,219.136737,218.390710,218.621847,199.541756,9623412.000000
2021-10-12,219.186281,219.801401,218.687096,219.082954,199.962620,6064619.000000
2021-10-13,220.042053,224.776006,219.088176,222.750982,203.310523,12930606.000000
2021-10-14,222.918892,226.100065,222.133213,224.566848,204.967910,18867998.000000
2021-10-15,225.169573,225.890652,223.152351,224.135959,204.574627,8863857.000000
2021-10-18,224.486770,225.948913,224.165370,225.279477,205.618346,12187918.000000
2021-10-19,225.318406,226.004152,225.032465,225.498644,205.818385,7996354.000000
2021-10-20,225.661715,225.814416,224.795085,225.190163,205.536826,15647256.000000
2021-10-21,225.270195,227.309623,224.111381,226.598077,206.821865,11457294.000000
2021-10-22,226.333841,227.260916,224.070855,224.887661,205.260725,8786693.000000
2021-10-25,224.466244,224.814556,224.092638,224.385219,204.802133,25006225.000000
2021-10-26,224.875374,225.399321,223.910762,224.162319,204.598687,11870629.000000
2021-10-27,224.882077,226.190388,224.364538,225.275926,205.615104,12895532.000000
2021-10-28,225.746128,226.177264,225.212092,225.333957,205.668071,9808894.000000
2021-10-29,225.217599,225.888085,223.489573,223.909802,204.368208,7054218.000000
2021-11-01,224.877542,225.111800,223.238066,223.710461,204.186265,13899644.000000
2021-11-02,223.268133,224.106361,222.771751,222.997932,203.535921,18190439.000000
2021-11-03,222.898504,226.443157,221.091122,225.589583,205.901387,11949096.000000
2021-11-04,224.564566,226.116435,223.921920,225.321956,205.657117,13203757.000000
2021-11-05,225.890989,226.560617,225.090557,225.382801,205.712651,7651245.000000
2021-11-08,224.614424,225.163098,223.116188,223.946097,204.401335,10551702.000000
2021-11-09,223.328260,223.791893,221.465054,222.033889,202.656014,17475218.000000
2021-11-10,222.442405,223.143862,221.214085,221.545547,202.210291,6574494.000000
2021-11-11,222.513020,222.911923,221.231994,221.611358,202.270359,10436068.000000
2021-11-12,221.831789,222.116405,220.296776,220.776870,201.508701,8443632.000000
2021-11-15,220.786888,221.644688,219.308474,220.078871,200.871619,11098080.000000
2021-11-16,219.580455,220.061432,218.752127,219.392933,200.245546,15393747.000000
2021-11-17,219.152959,219.795400,218.934330,219.356890,200.212649,15463942.000000
2021-11-18,219.376842,220.524848,218.720094,220.079382,200.872086,7690548.000000
2021-11-19,221.031585,221.601492,218.698839,219.507131,200.349778,5995568.000000
2021-11-22,218.885408,220.664862,214.299416,216.192416,197.324352,14250975.000000
2021-11-23,216.575955,217.046896,216.080572,216.576194,197.674636,9986428.000000
2021-11-24,216.679668,217.452688,215.792725,217.065393,198.121141,9528331.000000
2021-11-25,217.081527,217.611742,216.919435,217.325285,198.358350,16983035.000000
2021-11-26,216.606378,217.261699,216.409095,217.060358,198.116545,9421743.000000
2021-11-29,216.096577,216.501914,213.857719,214.488422,195.769073,16952800.000000
2021-11-30,215.556502,216.821787,214.444745,216.414631,197.527173,9230424.000000
2021-12-01,216.456568,217.183887,214.773683,215.320760,196.528769,20396050.000000
2021-12-02,216.985525,219.444449,215.762459,217.923626,198.904471,12975989.000000
2021-12-03,217.237814,218.714399,212.797293,214.399720,195.688112,13378249.000000
2021-12-06,214.038127,214.704016,213.421391,213.916602,195.247158,8376912.000000
2021-12-07,214.669906,217.541094,213.411060,216.576605,197.675011,10482804.000000
2021-12-08,215.290614,218.130111,210.390686,211.703846,193.227520,16712902.000000
2021-12-09,211.529992,213.012609,208.327068,209.841608,191.527807,18973225.000000
2021-12-10,209.040403,209.805668,208.340101,208.825144,190.600054,10240913.000000
2021-12-13,208.095228,209.436328,207.586325,209.280151,191.015351,6891344.000000
2021-12-14,208.070962,209.049339,207.399809,207.940956,189.793033,11792563.000000
2021-12-15,207.758409,208.157857,205.927051,206.329903,188.322584,9773252.000000
2021-12-16,206.117173,207.653740,205.855510,207.047428,188.977488,19612368.000000
2021-12-17,206.485888,206.983343,206.076757,206.486844,188.465828,15430423.000000
2021-12-20,207.300275,209.134896,206.212450,208.293600,190.114901,14998768.000000
2021-12-21,207.101633,209.330410,202.872253,203.961216,187.472934,20447540.000000
2021-12-22,205.791578,210.920358,204.524649,208.607280,191.743408,10940577.000000
2021-12-23,207.671342,208.363049,205.419822,206.548033,189.850631,7593475.000000
2021-12-24,206.349805,208.807435,205.776609,207.973639,191.160991,11899261.000000
2021-12-27,208.436839,211.295406,206.745172,210.335254,193.331692,10049640.000000
2021-12-28,209.232953,209.944217,208.289157,209.210147,192.297539,12431779.000000
2021-12-29,211.098825,215.942964,209.941566,213.100273,195.873186,16187483.000000
2021-12-30,213.075566,213.892356,212.872041,213.709910,196.433540,11013329.000000
2021-12-31,213.398816,213.720312,213.221800,213.563424,196.298896,11367491.000000
2022-01-03,213.628102,215.897860,213.273498,215.031781,197.648551,12408771.000000
2022-01-04,215.466254,217.380548,215.214159,216.393689,198.900362,9313338.000000
2022-01-05,215.954819,216.406767,215.442558,216.093887,198.624796,9913461.000000
2022-01-06,216.610062,217.005093,213.930728,214.828470,197.461676,20372162.000000
2022-01-07,215.396210,217.462882,214.531163,216.689220,199.172002,13689683.000000
2022-01-10,216.014997,217.010525,214.584474,215.555907,198.130306,5064633.000000
2022-01-11,215.371288,216.939879,215.085977,216.028926,198.565086,13151038.000000
2022-01-12,215.648075,218.538567,215.297066,217.312728,199.745105,7947620.000000
2022-01-13,217.490174,218.154777,216.957090,217.833432,200.223716,7455646.000000
2022-01-14,216.750131,217.245687,213.174149,215.130923,197.739678,10054689.000000
2022-01-17,215.323745,219.226333,214.248249,217.879228,200.265810,15154026.000000
2022-01-18,217.976521,218.383817,216.646011,216.917819,199.382121,15358010.000000
2022-01-19,217.343346,219.930332,216.774176,219.004852,201.300437,14256931.000000
2022-01-20,218.595044,219.060890,216.242949,216.886602,199.353427,10435435.000000
2022-01-21,216.408987,216.773556,215.586489,216.086174,198.617706,10956429.000000
2022-01-24,216.099489,216.273464,215.540353,215.887314,198.434922,12502814.000000
2022-01-25,215.092720,216.702613,212.012961,213.387574,196.137262,21928480.000000
2022-01-26,214.119658,219.192968,212.489648,217.581106,199.991787,23222682.000000
2022-01-27,217.524565,218.127666,216.803998,217.299232,199.732700,16430173.000000
2022-01-28,218.151814,220.629647,216.460907,219.387818,201.652445,6691546.000000
2022-01-31,219.500940,220.327209,218.285202,219.157486,201.440732,13794539.000000
2022-02-01,219.115720,219.542312,216.870109,217.521269,199.936787,12742170.000000
2022-02-02,217.512277,218.089758,215.742009,216.158471,198.684159,21558983.000000
2022-02-03,214.728870,217.252731,211.546455,212.070364,194.926536,14460027.000000
2022-02-04,211.867038,213.420099,210.884295,213.176396,195.943155,15452474.000000
2022-02-07,213.215192,215.780141,212.699561,214.797946,197.433619,13378260.000000
2022-02-08,214.859444,215.248538,214.391701,214.726348,197.367809,17010797.000000
2022-02-09,215.318159,218.357059,213.206200,217.692035,200.093749,11187993.000000
2022-02-10,218.445865,220.754044,217.144797,219.992161,202.207932,13646403.000000
2022-02-11,219.921315,220.741494,219.359767,220.181100,202.381597,13455354.000000
2022-02-14,219.800765,220.983842,218.284922,219.188940,201.469643,11909909.000000
2022-02-15,218.572176,219.127596,216.462259,217.235393,199.674022,16967579.000000
2022-02-16,216.169708,217.238897,213.797495,215.209223,197.811648,17896102.000000
2022-02-17,214.829174,215.859532,212.411662,213.485072,196.226878,11670426.000000
2022-02-18,213.023814,213.374800,211.761426,212.344086,195.178129,11049757.000000
2022-02-21,211.934845,212.848724,208.883657,209.728441,192.773934,12661715.000000
2022-02-22,209.187680,209.996880,208.925987,209.590715,192.647342,10214318.000000
2022-02-23,209.152996,209.397061,207.830842,208.637942,191.771591,12531397.000000
2022-02-24,209.013374,209.478140,206.188308,206.947144,190.217478,9285037.000000
2022-02-25,208.123444,211.102804,206.589192,209.680018,192.729426,22294731.000000
2022-02-28,209.098491,210.561868,208.882272,209.954294,192.981529,9840838.000000
2022-03-01,208.642538,209.481707,206.888636,207.330261,190.569623,16230658.000000
2022-03-02,206.547434,207.089982,203.702584,204.308810,187.792428,23025949.000000
2022-03-03,204.786030,205.203121,204.002760,204.509045,187.976475,8061447.000000
2022-03-04,204.856280,205.570885,204.682317,205.071885,188.493815,10737035.000000
2022-03-07,205.699415,206.239231,204.964714,205.401761,188.797024,9480156.000000
2022-03-08,203.875546,206.415269,200.522075,201.202476,184.937210,19943946.000000
2022-03-09,201.321580,203.667072,200.828320,202.673122,186.288969,10341446.000000
2022-03-10,203.562793,204.142765,202.874369,203.417892,186.973531,9842454.000000
2022-03-11,202.229524,203.153718,200.459351,201.239609,184.971342,11328368.000000
2022-03-14,201.166214,201.620065,198.986016,199.896910,183.737187,10668423.000000
2022-03-15,199.066378,200.768908,198.498599,200.098339,183.922332,11618345.000000
2022-03-16,200.761367,202.590562,200.411784,201.387106,185.106915,9596655.000000
2022-03-17,201.078868,201.988725,198.493636,199.760755,183.612038,14137002.000000
2022-03-18,200.056627,200.594818,198.350843,199.010036,184.211488,7855713.000000
2022-03-21,198.801313,199.312418,197.218100,197.874381,183.160282,11739683.000000
2022-03-22,196.776757,198.024881,194.053233,195.280840,180.759598,9058019.000000
2022-03-23,194.594970,196.268839,192.174818,192.821001,178.482675,11543828.000000
2022-03-24,192.879391,193.414317,192.148014,192.463421,178.151685,10174825.000000
2022-03-25,192.711416,194.300713,192.196952,193.974720,179.550603,8286490.000000
2022-03-28,194.339627,195.042176,193.915182,194.210674,179.769011,9753802.000000
2022-03-29,194.732961,197.133452,194.331221,195.880993,181.315124,14428311.000000
2022-03-30,196.159932,196.608006,195.663961,195.930337,181.360799,11103145.000000
2022-03-31,196.390280,198.078116,195.291244,197.439558,182.757792,11871319.000000
2022-04-01,197.166465,199.706383,196.452874,198.731974,183.954104,11967054.000000
2022-04-04,198.400928,202.935594,197.541913,201.529886,186.543961,13174622.000000
2022-04-05,202.011922,204.874467,200.796911,203.562795,188.425701,11689890.000000
2022-04-06,204.246112,204.678101,203.417137,204.160030,188.978525,16196006.000000
2022-04-07,204.076453,206.252433,203.496640,205.494341,190.213616,16776314.000000
2022-04-08,205.497652,205.842829,204.323058,205.024183,189.778418,15240352.000000
2022-04-11,206.351105,212.765718,204.581632,210.694084,195.026701,22115012.000000
2022-04-12,210.613261,211.474359,209.984295,211.254084,195.545059,17933535.000000
2022-04-13,211.793407,214.495874,210.143652,213.290754,197.430281,13585635.000000
2022-04-14,213.048441,213.944344,210.766118,212.072773,196.302870,9227640.000000
2022-04-15,213.713098,217.997150,211.323168,216.939660,200.807851,36314886.000000
2022-04-18,216.956471,217.826616,215.029824,215.956293,199.897608,19165366.000000
2022-04-19,216.937390,221.627801,215.728634,220.560130,204.159100,10732937.000000
2022-04-20,220.750128,221.286033,219.705462,220.042592,203.680047,10614214.000000
2022-04-21,220.648246,222.800790,219.793343,221.987628,205.480449,16673707.000000
2022-04-22,222.384757,222.871228,221.626344,222.074650,205.560999,6832194.000000
2022-04-25,221.969114,222.904191,220.932941,221.512480,205.040633,4806144.000000
2022-04-26,221.502068,221.893845,219.944165,220.648504,204.240902,6310992.000000
2022-04-27,220.285349,220.874846,219.948985,220.501128,204.104485,9741547.000000
2022-04-28,220.550703,221.411815,219.325175,219.819235,203.473299,17234110.000000
2022-04-29,218.389442,219.142426,214.736556,216.276341,200.193857,12694965.000000
2022-05-02,217.603561,220.505766,215.235315,219.873376,203.523413,23870019.000000
2022-05-03,220.159394,220.844921,219.010293,220.492844,204.096817,12445220.000000
2022-05-04,221.466873,222.697366,220.789342,222.333294,205.800410,13186044.000000
2022-05-05,222.872480,223.641916,222.565064,223.338527,206.730893,6907532.000000
2022-05-06,222.670061,223.703385,222.151712,223.271973,206.669288,10321242.000000
2022-05-09,223.544878,223.987076,221.407813,221.784312,205.292251,14757074.000000
2022-05-10,221.446662,222.943602,220.780918,222.338892,205.805592,10319755.000000
2022-05-11,222.958950,224.853763,222.567722,224.174316,207.504532,15849431.000000
2022-05-12,224.886895,225.601058,224.296330,225.262082,208.511411,12594675.000000
2022-05-13,225.103850,225.673249,224.410285,224.831335,208.112695,14811640.000000
2022-05-16,225.172876,226.189857,224.446116,225.844810,209.050807,12498386.000000
2022-05-17,225.646837,226.882089,225.200157,226.338859,209.508118,12903644.000000
2022-05-18,226.932305,227.566746,225.278682,225.896721,209.098858,13020417.000000
2022-05-19,225.068065,225.342376,223.650838,224.149338,207.481411,10251705.000000
2022-05-20,224.782123,229.808183,223.143723,227.484061,210.568162,16676159.000000
2022-05-23,227.404833,229.989601,226.789767,229.194552,212.151459,23920856.000000
2022-05-24,228.885638,230.490849,225.550738,226.578657,209.730085,15542779.000000
2022-05-25,227.543749,228.858127,226.480392,227.929550,210.980524,12634538.000000
2022-05-26,228.113097,228.902904,225.957844,226.806305,209.940805,12583995.000000
2022-05-27,226.961320,229.103889,225.749639,228.491655,211.500831,10660378.000000
2022-05-30,227.665511,229.597459,223.061299,224.745481,208.033225,18794754.000000
2022-05-31,224.104889,225.108524,222.894047,223.795581,207.153960,9733108.000000
2022-06-01,223.291498,225.332280,222.564797,224.550747,207.852972,11183377.000000
2022-06-02,223.942332,226.285993,223.616546,225.341961,208.585350,12272931.000000
2022-06-03,226.180356,228.611205,225.724289,227.480046,210.564446,12720589.000000
2022-06-06,227.998113,229.210964,227.208626,228.564848,211.568580,7035334.000000
2022-06-07,227.832075,228.249562,226.268259,226.879457,210.008517,8501166.000000
2022-06-08,226.326228,227.648866,223.621616,224.004904,207.347718,15645464.000000
2022-06-09,223.965836,224.255596,223.120532,223.689012,207.055316,8737883.000000
2022-06-10,223.713584,224.168310,221.831593,222.565052,206.014934,13947827.000000
2022-06-13,222.619194,222.916835,221.444279,222.124028,205.606705,8844327.000000
2022-06-14,222.482752,223.017171,221.262910,221.971690,205.465695,17301810.000000
2022-06-15,222.660717,224.707933,221.873010,223.674737,208.501613,14706451.000000
2022-06-16,223.037325,224.694796,222.553704,224.090832,208.889483,11997164.000000
2022-06-17,222.945636,223.516405,220.687802,222.018494,206.957723,35072442.000000
2022-06-20,221.953515,222.882907,218.937847,219.951628,205.031064,13291401.000000
2022-06-21,220.665203,221.297892,219.634758,219.875694,204.960281,10456756.000000
2022-06-22,220.280550,221.279054,219.390787,220.549230,205.588127,11745044.000000
2022-06-23,220.404056,222.241644,216.706654,217.906296,203.124479,14937093.000000
2022-06-24,217.048136,218.351504,216.456114,216.796808,202.090253,9380080.000000
2022-06-27,216.742541,217.268848,216.482421,216.865971,202.154725,10332040.000000
2022-06-28,216.866256,219.460303,216.118562,218.265513,203.459328,12925490.000000
2022-06-29,217.885548,218.410699,216.861607,217.152455,202.421774,13196240.000000
2022-06-30,216.077424,216.958463,215.710538,216.761796,202.057616,7551200.000000
2022-07-01,217.349430,218.769681,216.524695,217.746102,202.975152,17280660.000000
2022-07-04,216.286999,217.071114,214.690360,215.275119,200.671790,19561164.000000
2022-07-05,214.118128,215.586977,210.077953,211.366546,197.028357,14397175.000000
2022-07-06,210.989090,211.510520,209.309098,210.456268,196.179828,15247995.000000
2022-07-07,211.307985,211.741736,209.762573,210.400440,196.127787,8891345.000000
2022-07-08,210.091275,212.028506,206.154938,206.940959,192.902983,17918099.000000
2022-07-11,207.565314,209.451522,205.959522,208.981614,194.805208,17762766.000000
2022-07-12,209.102066,210.119651,206.888964,207.300669,193.238291,10755980.000000
2022-07-13,207.094382,207.429908,206.153477,206.553100,192.541434,7040330.000000
2022-07-14,206.844939,210.626390,205.153121,209.360408,195.158307,12356943.000000
2022-07-15,209.967614,211.238723,208.634195,210.530295,196.248834,14315157.000000
2022-07-18,210.965145,215.567742,209.233449,213.762270,199.261565,16523089.000000
2022-07-19,214.165120,214.803136,213.905324,214.347785,199.807361,8096530.000000
2022-07-20,214.263125,215.277681,213.612507,214.760350,200.191940,17629975.000000
2022-07-21,214.034291,215.032155,211.528576,212.851727,198.412790,8248572.000000
2022-07-22,213.007557,213.451638,210.749096,211.736694,197.373396,11052978.000000
2022-07-25,211.174423,211.875509,207.320706,209.055323,194.873917,11734490.000000
2022-07-26,208.137931,209.509190,207.814921,209.000222,194.822554,15439445.000000
2022-07-27,207.935356,209.729832,204.904454,205.924327,191.955314,15591443.000000
2022-07-28,205.716319,206.123990,204.378280,204.795319,190.902893,12371046.000000
2022-07-29,204.590494,204.788017,204.473407,204.679126,190.794582,9691098.000000
2022-08-01,204.596682,204.994640,203.180183,203.678694,189.862015,14708293.000000
2022-08-02,204.557242,207.122129,203.739108,205.426550,191.491304,13282644.000000
2022-08-03,204.934963,205.533124,202.166890,203.119278,189.340548,13576057.000000
2022-08-04,203.309402,204.442603,203.084925,203.759571,189.937406,9262822.000000
2022-08-05,203.579130,204.064573,203.175646,203.715731,189.896540,12795914.000000
2022-08-08,203.108647,204.459669,198.577353,200.498100,186.897179,17984635.000000
2022-08-09,200.262758,200.924977,199.106344,199.845559,186.288904,6950963.000000
2022-08-10,199.455223,199.841571,197.038617,197.936065,184.508942,16921235.000000
2022-08-11,197.013720,197.762792,192.936172,194.877635,181.657982,12509392.000000
2022-08-12,194.779905,195.306751,194.257113,194.809418,181.594392,8026616.000000
2022-08-15,194.083189,194.686214,192.655610,193.283986,180.172439,13146689.000000
2022-08-16,193.833541,195.645447,192.929667,194.634790,181.431610,14685519.000000
2022-08-17,194.436643,195.080006,193.241153,194.052723,180.889028,11872821.000000
2022-08-18,193.414496,193.823183,191.614870,192.704776,179.632520,6546362.000000
2022-08-19,192.445689,192.808786,191.666603,192.295731,179.251223,9583711.000000
2022-08-22,192.503842,192.817034,191.379153,191.993038,178.969064,15538039.000000
2022-08-23,191.990246,192.189203,190.726485,191.070688,178.109281,12301402.000000
2022-08-24,192.032923,193.564585,190.670377,192.663734,179.594262,12789815.000000
2022-08-25,193.409697,196.280739,192.023160,195.273078,182.026600,7649832.000000
2022-08-26,195.356071,198.547338,194.518649,197.245097,183.864846,9363916.000000
2022-08-29,196.684051,197.361142,194.544788,195.157893,181.919228,19937022.000000
2022-08-30,194.878727,195.648036,193.526788,193.781493,180.636198,8189953.000000
2022-08-31,194.135577,194.512988,193.585152,194.184540,181.011904,18274483.000000
2022-09-01,193.813701,194.229352,193.266490,193.775515,180.630625,6206036.000000
2022-09-02,192.993277,194.055576,192.784624,193.878192,180.726337,8751065.000000
2022-09-05,193.039894,193.457293,192.227807,192.722014,179.648589,6910110.000000
2022-09-06,191.228094,192.530687,187.423837,189.459010,176.606933,13994263.000000
2022-09-07,189.065217,189.918000,188.816914,189.443859,176.592810,18667328.000000
2022-09-08,189.654617,190.263906,189.030180,189.859287,176.980057,13128000.000000
2022-09-09,189.792512,190.712144,189.344276,190.174266,177.273669,9519640.000000
2022-09-12,190.953435,191.780318,189.537731,190.487219,178.817112,10742313.000000
2022-09-13,190.863203,191.969331,189.932765,191.490002,179.758460,13626019.000000
2022-09-14,192.301375,193.779261,191.120408,193.091308,181.261663,13074845.000000
2022-09-15,192.425886,192.724975,191.176526,191.773804,180.024876,21166938.000000
2022-09-16,191.854905,192.547245,191.539463,191.978023,180.216583,13098470.000000
2022-09-19,192.490678,193.635073,191.489736,193.285000,181.443489,14006084.000000
2022-09-20,192.993758,193.243576,192.608050,192.909977,181.091442,8831583.000000
2022-09-21,193.015251,193.902928,191.370920,191.980697,180.219093,11207403.000000
2022-09-22,191.372769,192.153397,190.963485,191.356063,179.632727,9875865.000000
2022-09-23,191.683628,192.525252,190.114638,190.990024,179.289113,6743352.000000
2022-09-26,192.085454,192.748409,190.810345,191.681619,179.938338,6746130.000000
2022-09-27,192.103065,192.487258,191.290349,191.765514,180.017093,9857645.000000
2022-09-28,191.681128,192.432740,189.801057,190.730256,179.045260,11275466.000000
2022-09-29,191.149902,193.281189,190.768183,192.176547,180.402945,18827891.000000
2022-09-30,192.769008,192.946422,191.669838,192.300169,180.518993,7512255.000000
2022-10-03,192.054278,193.963340,191.445308,193.448385,181.596864,12253898.000000
2022-10-04,193.273433,193.657623,192.840700,193.362088,181.515854,5829395.000000
2022-10-05,192.834186,193.406785,191.675928,192.080730,180.312998,14227394.000000
2022-10-06,192.060468,194.473971,191.121182,193.446307,181.594914,12052683.000000
2022-10-07,193.462691,193.842591,193.056461,193.514701,181.659118,12134806.000000
2022-10-10,193.214294,194.247834,192.963441,193.661168,181.796611,9998576.000000
2022-10-11,193.403213,194.269954,191.960492,192.630833,180.829399,15378551.000000
2022-10-12,192.867141,193.321643,191.387032,191.940444,180.181307,6685538.000000
2022-10-13,192.854390,198.869526,192.263997,196.557260,184.515275,16396230.000000
2022-10-14,196.838908,197.327013,195.661462,196.243884,184.221098,6777964.000000
2022-10-17,194.346884,195.438770,188.839055,191.548162,179.813058,18254681.000000
2022-10-18,191.402259,191.887892,189.947045,190.322984,178.662939,9885511.000000
2022-10-19,189.273930,190.550586,186.744813,188.275210,176.740621,10508456.000000
2022-10-20,188.636807,190.812804,187.992456,189.602900,177.986971,9525429.000000
2022-10-21,190.091099,190.203848,189.328346,189.475953,177.867801,5228380.000000
2022-10-24,188.615853,190.302731,185.900856,187.269369,175.796403,10114790.000000
2022-10-25,186.879987,187.273061,186.711122,186.919831,175.468278,10661753.000000
2022-10-26,186.661633,187.206177,186.504817,186.968289,175.513768,8800162.000000
2022-10-27,188.889079,193.225745,186.348129,191.275040,179.556668,19139826.000000
2022-10-28,190.856195,192.369322,187.908126,189.253945,177.659394,12503162.000000
2022-10-31,188.194025,189.503078,187.058585,187.404430,175.923189,9430075.000000
2022-11-01,188.186232,190.904463,187.117616,189.549636,177.936971,14211912.000000
2022-11-02,189.554005,191.515009,188.564343,190.484019,178.814109,9148207.000000
2022-11-03,191.068591,191.826280,189.860212,190.726580,179.041809,11843596.000000
2022-11-04,189.831278,191.024143,185.864067,187.646668,176.150586,17067183.000000
2022-11-07,188.122674,188.797496,186.543234,187.051885,175.592243,14882477.000000
2022-11-08,187.176876,188.230209,186.429613,187.834538,176.326947,8892612.000000
2022-11-09,186.578358,187.368577,183.596575,184.099557,172.820788,20864040.000000
2022-11-10,184.600507,185.720935,184.174069,185.448710,174.087285,16054082.000000
2022-11-11,185.006077,185.472683,184.328858,185.103144,173.762890,6894262.000000
2022-11-14,185.378258,187.249004,184.814550,186.193859,174.786783,6518229.000000
2022-11-15,186.022973,187.026694,182.066469,182.829823,171.628844,12429195.000000
2022-11-16,183.513019,184.216301,181.559305,182.372227,171.199281,10468917.000000
2022-11-17,182.906337,183.743621,182.633888,183.044659,171.830517,12803093.000000
2022-11-18,182.854170,183.994526,182.181325,183.443892,172.205292,10230712.000000
2022-11-21,182.573073,183.175519,177.392653,179.316678,168.330929,10529769.000000
2022-11-22,178.780921,179.266119,176.484278,177.519840,166.644174,11958354.000000
2022-11-23,176.695419,179.173883,176.214502,178.519667,167.582747,5670970.000000
2022-11-24,178.135917,178.633893,177.891938,178.416543,167.485941,10901554.000000
2022-11-25,178.358736,179.069081,178.014696,178.508765,167.572512,14949302.000000
2022-11-28,178.126437,178.404381,177.475206,177.991763,167.087184,7870380.000000
2022-11-29,178.618383,182.233574,176.961030,180.716338,169.644840,13900143.000000
2022-11-30,181.962706,187.001680,180.003304,185.186054,173.840720,27313814.000000
2022-12-01,184.771597,185.771518,183.617204,184.415464,173.117341,13996022.000000
2022-12-02,183.272192,184.324247,182.728439,183.894444,172.628241,17258673.000000
2022-12-05,183.756325,184.470193,183.466746,183.659424,172.407619,27213400.000000
2022-12-06,184.053712,188.073814,183.121649,186.679415,175.242591,15719713.000000
2022-12-07,186.772921,188.201896,184.320911,184.741428,173.423335,8148831.000000
2022-12-08,184.686026,185.814554,180.650796,181.666246,171.738723,10962093.000000
2022-12-09,183.224937,187.415909,181.285433,185.178966,175.059484,20171393.000000
2022-12-12,184.672943,185.802775,181.396593,182.816074,172.825716,17063431.000000
2022-12-13,182.942776,187.574911,182.416513,185.994148,175.830118,17779977.000000
2022-12-14,185.147298,186.268421,184.802313,185.805640,175.651911,7542730.000000
2022-12-15,186.793019,188.431311,186.359006,187.351535,177.113328,11856171.000000
2022-12-16,187.234337,187.975539,185.905408,186.578420,176.382461,11544100.000000
2022-12-19,186.313706,189.413978,185.557249,188.284430,177.995243,13071481.000000
2022-12-20,187.882861,189.373833,184.687881,185.248935,175.125629,13731439.000000
2022-12-21,186.099346,187.481136,185.539173,187.058538,176.836343,15619181.000000
2022-12-22,187.536475,189.758314,187.159439,188.758644,178.443543,14878386.000000
2022-12-23,188.913812,189.518957,186.838055,187.712656,177.454715,14812951.000000
2022-12-26,187.125145,188.004715,186.614790,186.894100,176.680891,8123256.000000
2022-12-27,186.995546,187.286849,186.289955,186.619557,176.421350,6637103.000000
2022-12-28,186.584926,186.932647,185.029326,185.655402,175.509884,10871924.000000
2022-12-29,184.939457,185.968592,182.795124,183.673204,173.636007,10568189.000000
2022-12-30,183.895718,184.369997,181.798368,182.662882,172.680896,5083603.000000
2023-01-02,184.739207,195.835553,182.214890,191.238013,180.787421,32923719.000000
2023-01-03,191.743378,192.481212,191.429854,192.110844,181.612555,16273527.000000
2023-01-04,192.459596,192.642408,192.174025,192.508351,181.988339,9634106.000000
2023-01-05,191.961729,192.313111,189.736526,190.227116,179.831767,18215519.000000
2023-01-06,190.731216,194.490402,189.604974,193.853447,183.259930,17318618.000000
2023-01-09,194.031255,194.447061,193.047662,193.574615,182.996335,19883926.000000
2023-01-10,193.981423,197.741757,192.301876,196.060322,185.346205,16488915.000000
2023-01-11,196.500917,196.670099,196.044428,196.423238,185.689289,11669908.000000
2023-01-12,197.392804,201.635308,195.556003,199.440338,188.541513,19903201.000000
2023-01-13,199.495847,200.090923,197.085310,197.457820,186.667335,15250269.000000
2023-01-16,197.687876,198.634932,195.456404,196.324455,185.595904,12817335.000000
2023-01-17,196.249251,197.955046,195.797995,197.508850,186.715576,13004899.000000
2023-01-18,197.611770,198.293560,195.895350,196.738701,185.987513,14580323.000000
2023-01-19,196.214921,197.452934,194.597895,195.363001,184.686991,13067412.000000
2023-01-20,196.383777,201.192827,194.999105,199.015109,188.139522,15144590.000000
2023-01-23,198.244805,199.143059,197.275124,198.111425,187.285222,23391709.000000
2023-01-24,198.397681,198.726321,197.005051,197.576071,186.779123,13657729.000000
2023-01-25,197.980714,198.188402,196.865350,197.146331,186.372867,18434208.000000
2023-01-26,197.198754,199.175104,196.022490,198.215660,187.383761,13074664.000000
2023-01-27,198.564222,199.262005,197.242833,197.903092,187.088273,15145755.000000
2023-01-30,198.608600,198.849297,197.754708,198.302466,187.465823,13163562.000000
2023-01-31,198.128683,198.441031,197.363158,197.920996,187.105200,8777790.000000
2023-02-01,197.339481,197.973984,196.599100,197.006562,186.240736,11510838.000000
2023-02-02,196.946839,198.673509,195.933852,198.198699,187.367727,15908396.000000
2023-02-03,198.402842,199.077139,197.556012,198.177925,187.348088,10471911.000000
2023-02-06,198.424777,200.880226,197.622491,199.772713,188.855726,16803421.000000
2023-02-07,199.586372,201.473346,199.019901,200.667101,189.701237,9178219.000000
2023-02-08,200.778414,203.201541,200.286197,202.534357,191.466454,12445651.000000
2023-02-09,202.040266,202.466182,201.696194,202.286982,191.232597,9326725.000000
2023-02-10,201.589658,202.602691,200.629460,201.059191,190.071901,16026853.000000
2023-02-13,200.429247,201.206448,199.360388,200.215375,189.274197,10201896.000000
2023-02-14,199.516753,200.492880,197.962703,198.340484,187.501764,19813104.000000
2023-02-15,198.483104,200.713158,197.415131,199.776273,188.859091,13031580.000000
2023-02-16,199.803798,200.333073,199.368694,200.025522,189.094719,9934102.000000
2023-02-17,198.659035,199.464175,196.169678,197.546349,186.751026,11423944.000000
2023-02-20,197.700107,198.273573,197.242562,197.781917,186.973720,9676803.000000
2023-02-21,198.165515,198.470200,196.929610,197.352815,186.568067,13706893.000000
2023-02-22,196.701570,197.577239,196.491914,196.785524,186.031777,16773155.000000
2023-02-23,196.441834,196.852708,196.105086,196.508938,185.770306,11363230.000000
2023-02-24,196.785420,197.832871,195.905661,197.124894,186.352602,11870865.000000
2023-02-27,196.788336,197.547404,196.455627,197.166238,186.391686,10645579.000000
2023-02-28,196.883166,197.874994,195.043331,195.675168,184.982099,14372021.000000
2023-03-01,195.368977,196.350919,194.772396,195.935890,185.228574,9831781.000000
2023-03-02,196.047956,197.423687,195.331161,196.751751,185.999850,6890452.000000
2023-03-03,197.210093,200.536384,196.354124,199.441129,188.542262,12456609.000000
2023-03-06,199.446140,200.714989,196.833157,197.662492,186.860822,13656140.000000
2023-03-07,198.490580,199.599856,196.426494,197.837525,188.344703,10185748.000000
2023-03-08,197.812977,198.298576,197.679522,197.921994,188.425119,10277587.000000
2023-03-09,199.528769,200.878310,197.779559,200.037744,190.439349,6606775.000000
2023-03-10,199.967346,200.420421,198.317817,199.071538,189.519504,22149605.000000
2023-03-13,198.849166,199.196469,197.775911,198.102537,188.596999,11259795.000000
2023-03-14,198.655049,200.937950,197.599202,199.836630,190.247885,15712786.000000
2023-03-15,200.556455,203.052785,199.662024,202.266536,192.561197,11952705.000000
2023-03-16,202.082181,203.393286,201.824302,203.006202,193.265371,8322896.000000
2023-03-17,203.686414,207.150900,203.147321,205.490257,195.630235,7644784.000000
2023-03-20,205.563846,205.817549,205.335096,205.508360,195.647469,13377261.000000
2023-03-21,205.352792,207.133863,205.036355,206.466001,196.559159,20967311.000000
2023-03-22,206.306628,207.670354,205.927627,207.141095,197.201860,15370112.000000
2023-03-23,207.131834,207.519200,206.283915,206.569438,196.657633,15018228.000000
2023-03-24,206.740852,207.291896,206.183555,206.924760,196.995906,9814719.000000
2023-03-27,207.117721,209.817908,205.975016,208.646764,198.635282,19535136.000000
2023-03-28,208.186771,209.210987,207.586178,208.829113,198.808882,9357599.000000
2023-03-29,210.214191,211.458228,208.784093,210.697245,200.587376,17653383.000000
2023-03-30,210.873776,211.780926,210.610368,210.997441,200.873168,8347856.000000
2023-03-31,211.456996,212.081486,211.054946,211.421564,201.276940,11408243.000000
2023-04-03,211.138218,211.751482,208.543770,209.685480,199.624158,15164666.000000
2023-04-04,209.361060,210.521855,206.366955,207.750506,197.782030,25200675.000000
2023-04-05,207.828489,209.400526,207.088337,208.661105,198.648936,9230664.000000
2023-04-06,209.535085,209.824822,208.891833,209.118845,199.084712,8882244.000000
2023-04-07,209.584620,211.392530,209.207128,210.270301,200.180917,14856561.000000
2023-04-10,209.761348,210.646792,207.010014,208.189623,198.200077,14057381.000000
2023-04-11,208.364245,211.457305,206.991220,210.086649,200.006078,21364849.000000
2023-04-12,208.971092,209.505994,208.724861,209.131631,199.096884,8569202.000000
2023-04-13,209.581778,212.105144,208.921857,211.532906,201.382940,13964892.000000
2023-04-14,211.857676,212.379731,211.408953,211.789603,201.627319,5906022.000000
2023-04-17,211.953505,216.774673,210.237043,215.003365,204.686875,18482206.000000
2023-04-18,214.426398,215.211433,211.493678,212.837621,202.625050,7136921.000000
2023-04-19,213.879056,218.409624,213.138447,215.971710,205.608757,15702632.000000
2023-04-20,216.067250,219.582759,215.268313,218.190773,207.721343,13380779.000000
2023-04-21,217.701718,218.665709,215.714837,216.117444,205.747497,15464554.000000
2023-04-24,216.430178,219.594171,216.027671,218.174677,207.706019,18828808.000000
2023-04-25,217.440048,218.461769,214.798003,216.047404,205.680818,13733838.000000
2023-04-26,215.476247,216.841011,213.095079,213.964743,203.698089,13813445.000000
2023-04-27,214.518050,215.075524,213.623642,214.726707,204.423492,13890649.000000
2023-04-28,216.127807,220.584962,215.099833,218.720192,208.225358,16643959.000000
2023-05-01,218.007923,219.576759,215.686097,216.151718,205.780127,10287128.000000
2023-05-02,216.433290,216.658812,215.900473,216.239762,205.863946,14625797.000000
2023-05-03,216.673970,217.025314,214.072134,214.874973,204.564645,12541988.000000
2023-05-04,215.136066,217.430813,214.709950,216.917869,206.509516,9456517.000000
2023-05-05,217.643151,217.969566,216.477944,216.752781,206.352349,6749741.000000
2023-05-08,216.479918,216.795130,214.890974,215.680655,205.331667,13414873.000000
2023-05-09,215.154424,216.382982,213.475980,214.054196,203.783251,12591530.000000
2023-05-10,215.563562,217.639931,214.656656,216.434655,206.049488,23231095.000000
2023-05-11,216.632253,217.095821,216.204732,216.912722,206.504616,18245158.000000
2023-05-12,216.209844,217.497125,214.780922,215.099520,204.778417,8590848.000000
2023-05-15,215.876373,219.496088,214.509379,218.037865,207.575772,15333227.000000
2023-05-16,217.961761,218.377859,216.215581,217.282035,206.856208,15564930.000000
2023-05-17,218.188718,220.148517,217.487263,219.137178,208.622336,18157637.000000
2023-05-18,219.096862,220.077582,217.174161,217.876259,207.421920,10162249.000000
2023-05-19,218.136858,218.667380,217.080279,217.629021,207.186545,11472008.000000
2023-05-22,217.636239,217.869901,217.077965,217.421305,206.988795,9314369.000000
2023-05-23,216.870077,217.196981,214.155859,215.377659,205.043210,12872095.000000
2023-05-24,214.827684,217.668287,213.569276,216.799262,206.396601,15152316.000000
2023-05-25,217.003959,218.147040,214.174589,215.392099,205.056957,11842189.000000
2023-05-26,216.354895,220.035287,215.358406,218.894526,208.391327,19929591.000000
2023-05-29,219.053463,219.780186,216.837073,217.811322,207.360099,10299981.000000
2023-05-30,218.106378,219.146351,215.252548,216.325150,205.945237,9921730.000000
2023-05-31,215.903625,216.117265,215.686124,215.972881,205.609871,16218176.000000
2023-06-01,215.961798,218.606702,214.537129,217.688028,207.242720,11259135.000000
2023-06-02,218.127092,218.889816,217.692537,218.177765,209.173171,11366669.000000
2023-06-05,217.769929,218.906926,214.759107,216.333853,207.405360,13376254.000000
2023-06-06,216.346483,218.536702,215.516864,217.451449,208.476831,10103374.000000
2023-06-07,217.514437,218.202958,215.518187,216.439187,207.506347,6415989.000000
2023-06-08,216.134530,218.339306,215.345608,217.885964,208.893413,9184072.000000
2023-06-09,217.627804,219.083892,213.499829,214.828264,205.961910,22979156.000000
2023-06-12,214.658330,215.556472,214.041887,215.080542,206.203776,8004365.000000
2023-06-13,215.526407,216.581688,212.131011,213.161838,204.364260,10649637.000000
2023-06-14,212.920809,214.911427,208.629688,210.074109,201.403967,16520862.000000
2023-06-15,210.935907,214.084674,210.361222,213.304018,204.500572,18312385.000000
2023-06-16,213.538528,216.535922,211.851674,215.880998,206.971196,12522666.000000
2023-06-19,216.203527,216.707486,214.623033,215.228608,206.345731,13218972.000000
2023-06-20,214.988447,215.382094,212.320742,213.465132,204.655037,17116733.000000
2023-06-21,212.480887,214.172725,209.381527,210.043719,201.374831,13807533.000000
2023-06-22,209.109645,211.334136,208.927889,210.796482,202.096527,12140241.000000
2023-06-23,209.409720,210.120126,207.808524,208.728590,200.113981,13275051.000000
2023-06-26,209.283312,209.900128,208.726440,209.624809,200.973210,11602229.000000
2023-06-27,210.633381,211.148262,208.400166,209.092967,200.463319,14307302.000000
2023-06-28,208.558174,209.242702,207.344464,207.968886,199.385630,15585753.000000
2023-06-29,208.494655,208.711102,208.039355,208.227674,199.633738,9961545.000000
2023-06-30,207.657334,208.348062,206.340510,207.264220,198.710047,13233440.000000
2023-07-03,207.460550,209.431200,206.755873,208.695960,200.082697,11726088.000000
2023-07-04,208.508514,210.099381,205.090818,206.599056,198.072336,17993766.000000
2023-07-05,206.876192,207.819499,206.609734,207.105830,198.558194,7958529.000000
2023-07-06,207.703812,209.968650,206.475447,208.646538,200.035315,14829784.000000
2023-07-07,208.331864,208.773230,207.266724,207.987982,199.403939,10979341.000000
2023-07-10,208.285187,208.735739,207.916617,208.300589,199.703644,12469302.000000
2023-07-11,209.058175,209.647963,207.098696,207.368024,198.809567,8942354.000000
2023-07-12,206.481148,207.068292,204.468900,204.850172,196.395632,9400558.000000
2023-07-13,205.188986,206.179822,202.449813,203.460295,195.063117,13136231.000000
2023-07-14,203.196649,203.530898,202.630383,203.017381,194.638483,17632189.000000
2023-07-17,202.960053,203.207847,202.490543,203.012873,194.634162,9853616.000000
2023-07-18,202.468506,202.881001,199.738695,201.072959,192.774311,11181739.000000
2023-07-19,202.267379,207.020326,199.691740,205.339333,196.864604,23237700.000000
2023-07-20,204.733464,205.147168,203.115449,204.131927,195.707030,13845603.000000
2023-07-21,204.041159,205.737321,199.776194,201.215190,192.910672,9368180.000000
2023-07-24,201.443188,201.609579,200.911485,201.478558,193.163170,8302445.000000
2023-07-25,200.907276,201.331562,198.216763,199.088477,190.871733,16340311.000000
2023-07-26,198.591240,200.471949,198.268172,199.935634,191.683925,5821262.000000
2023-07-27,200.701791,205.965583,199.784591,204.827486,196.373882,16791552.000000
2023-07-28,204.430852,205.236453,204.111740,204.862817,196.407755,8685263.000000
2023-07-31,204.776018,205.987112,202.885656,203.594272,195.191565,25151239.000000
2023-08-01,203.628048,205.719364,202.715575,204.524496,196.083397,14863165.000000
2023-08-02,204.529577,204.819258,203.429188,204.164498,195.738257,8854910.000000
2023-08-03,204.359815,206.287905,203.597516,205.772105,197.279515,15087013.000000
2023-08-04,205.029827,207.035613,201.118397,202.694494,194.328923,16740108.000000
2023-08-07,202.232084,202.772863,202.101499,202.515184,194.157013,7597677.000000
2023-08-08,202.698729,202.990657,200.739126,201.192244,192.888673,9251797.000000
2023-08-09,202.076643,205.490845,200.981440,203.723753,195.315702,13854918.000000
2023-08-10,202.677712,205.166780,201.479517,204.525676,196.084528,6130369.000000
2023-08-11,204.421311,205.689641,203.804108,205.174900,196.706957,30410761.000000
2023-08-14,205.006055,205.670788,202.267698,202.880602,194.507350,12441172.000000
2023-08-15,203.365814,204.928964,202.485087,203.975781,195.557329,11622253.000000
2023-08-16,205.408213,208.025621,204.001204,206.858588,198.321156,11997256.000000
2023-08-17,206.617548,209.066128,206.261487,208.553864,199.946466,9481779.000000
2023-08-18,208.171779,209.392619,204.956409,205.777728,197.284905,9704885.000000
2023-08-21,206.232556,206.724732,205.923252,206.273017,197.759753,11622390.000000
2023-08-22,205.088632,206.035599,201.400525,202.834223,194.462885,13555589.000000
2023-08-23,203.141547,203.661068,202.547895,203.058392,194.677802,6713591.000000
2023-08-24,202.087596,203.264622,198.894328,200.709241,192.425605,12234427.000000
2023-08-25,200.556686,201.491884,199.291414,199.710641,191.468218,10942801.000000
2023-08-28,199.775129,200.532216,196.717099,197.835831,189.670786,10488092.000000
2023-08-29,198.589367,200.362317,197.826212,199.332131,191.105330,13173606.000000
2023-08-30,198.881655,199.532207,197.303060,197.954540,191.122452,12094694.000000
2023-08-31,198.290263,199.099931,196.125838,196.913505,190.117347,11969870.000000
2023-09-01,197.409273,198.851844,197.124139,198.094457,191.257540,9763018.000000
2023-09-04,198.706716,198.828968,197.510071,198.041672,191.206577,9478477.000000
2023-09-05,197.897053,198.876270,197.371851,198.539071,191.686809,26977025.000000
2023-09-06,198.501227,199.312149,198.042115,199.015308,192.146610,12010361.000000
2023-09-07,199.178099,200.692274,195.936317,196.635362,189.848804,10192770.000000
2023-09-08,195.501720,196.112098,193.194177,194.528519,187.814675,17160524.000000
2023-09-11,194.408159,195.706955,193.880868,195.079652,188.346786,15100036.000000
2023-09-12,195.007540,195.516189,194.669830,194.786324,188.063582,9258924.000000
2023-09-13,195.188863,198.078014,194.542138,196.945693,190.148424,18689393.000000
2023-09-14,196.082419,196.783124,195.526004,196.276011,189.501855,8739898.000000
2023-09-15,196.712885,198.023652,195.982181,197.733790,190.909321,14726806.000000
2023-09-18,197.291353,197.903441,195.022411,196.016690,189.251485,13473578.000000
2023-09-19,195.383659,196.761921,192.907211,193.934683,187.241334,17919384.000000
2023-09-20,193.177914,193.410274,192.561972,193.229588,186.560575,11198589.000000
2023-09-21,193.498346,195.279411,192.513865,194.265382,187.560620,10172350.000000
2023-09-22,192.855308,193.602233,191.417256,192.221142,185.586933,9594329.000000
2023-09-25,192.370477,192.990715,190.446738,191.189874,184.591258,20676623.000000
2023-09-26,191.084673,192.463208,190.776520,191.972100,185.346487,7140849.000000
2023-09-27,192.182616,192.421112,190.538420,191.192321,184.593621,12591662.000000
2023-09-28,192.324852,192.992144,191.276994,191.595206,184.982600,11655896.000000
2023-09-29,191.480841,192.057879,190.994525,191.810335,185.190305,12140710.000000
2023-10-02,190.791851,191.587286,188.631769,189.434626,182.896589,14711902.000000
2023-10-03,188.990658,189.386775,188.642505,189.267915,182.735633,15899561.000000
2023-10-04,189.058528,189.828908,188.496981,189.681997,183.135423,11616375.000000
2023-10-05,189.809248,190.355667,188.086505,188.843191,182.325567,11069321.000000
2023-10-06,188.597693,191.408696,187.380972,190.532567,183.956637,15852690.000000
2023-10-09,189.662873,190.072132,187.319989,188.615180,182.105426,19849588.000000
2023-10-10,189.304824,191.578293,188.915638,190.897199,184.308684,20548843.000000
2023-10-11,191.068561,191.920655,190.728776,191.509569,184.899919,14097600.000000
2023-10-12,191.377473,192.745515,187.427242,188.835542,182.318182,20405353.000000
2023-10-13,189.692518,190.601373,188.648465,190.200203,183.635744,11215869.000000
2023-10-16,190.492721,190.934657,189.452623,189.848080,183.295774,11361180.000000
2023-10-17,189.637393,192.120793,188.915052,191.642222,185.027994,11956950.000000
2023-10-18,190.324551,192.049704,190.001604,191.787137,185.167907,7508480.000000
2023-10-19,191.414646,192.196576,191.017263,191.782300,185.163238,9797264.000000
2023-10-20,192.370249,193.343611,191.645536,192.439353,185.797613,12982926.000000
2023-10-23,192.959178,193.722079,192.790726,193.315211,186.643242,10165442.000000
2023-10-24,192.926587,194.033988,192.624575,193.583142,186.901926,10082662.000000
2023-10-25,193.345073,194.247154,191.434453,191.785669,185.166490,12771199.000000
2023-10-26,192.377991,197.237395,190.118193,195.739582,188.983940,18082414.000000
2023-10-27,194.873435,195.418132,192.972294,193.595107,186.913478,12964856.000000
2023-10-30,194.220966,195.879841,193.571861,195.024829,188.293855,10727235.000000
2023-10-31,195.522605,196.875156,195.058528,196.002818,189.238091,14149696.000000
2023-11-01,196.292897,196.699381,195.873191,196.139830,189.370374,15506631.000000
2023-11-02,196.324308,196.848898,194.007098,194.488441,187.775980,28016913.000000
2023-11-03,194.535355,197.032465,193.549239,195.786087,189.028840,14751410.000000
2023-11-06,194.912575,195.328556,193.787822,194.269609,187.564701,17176059.000000
2023-11-07,194.845876,196.654116,193.463048,196.095149,189.327235,18008502.000000
2023-11-08,195.507612,195.903353,194.652981,195.344042,188.602052,14173813.000000
2023-11-09,194.479513,195.657948,192.146788,193.371362,186.697456,10308823.000000
2023-11-10,192.899782,193.096273,192.001642,192.626844,185.978633,8506460.000000
2023-11-13,193.840614,195.328508,192.230569,194.784057,188.061394,11844003.000000
2023-11-14,193.670999,194.002332,192.340007,193.253236,186.583406,15829247.000000
2023-11-15,192.975682,193.709801,190.084294,191.443950,184.836565,8048356.000000
2023-11-16,191.568304,193.291555,190.443569,192.526421,185.881677,12102607.000000
2023-11-17,192.545551,194.014076,191.586161,193.594590,186.912979,13415125.000000
2023-11-20,193.354838,193.839670,191.922247,192.413419,185.772574,10270365.000000
2023-11-21,191.930792,192.832143,189.835155,190.739819,184.156736,14455779.000000
2023-11-22,191.696476,192.602964,190.809423,191.466152,184.858000,9896472.000000
2023-11-23,191.924126,192.578456,191.450937,192.000627,185.374029,10421079.000000
2023-11-24,191.626306,191.955294,190.760894,191.491032,184.882022,21222006.000000
2023-11-27,191.629151,191.814852,190.072728,190.860654,185.572408,11145450.000000
2023-11-28,191.425832,192.292134,191.059330,191.843214,186.527743,9257847.000000
2023-11-29,192.669415,194.847563,191.478312,193.799698,188.430018,12662013.000000
2023-11-30,193.801483,194.282178,193.098860,193.423269,188.064019,10648694.000000
2023-12-01,192.967246,194.058048,192.472665,193.592795,188.228848,12944975.000000
2023-12-04,193.880379,194.973492,193.380447,194.451361,189.063625,18078525.000000
2023-12-05,193.604127,194.387931,193.262090,193.640449,188.275181,10522223.000000
2023-12-06,194.544775,195.968289,193.826465,195.161343,189.753936,12550460.000000
2023-12-07,195.524523,196.204686,194.236600,194.701944,189.307266,15482253.000000
2023-12-08,195.789760,197.436942,194.956441,196.076845,190.644071,12164935.000000
2023-12-11,195.719109,197.712917,191.725330,193.229580,187.875696,11331229.000000
2023-12-12,193.168627,193.887204,191.085424,192.033108,186.712376,12286028.000000
2023-12-13,190.993950,191.716581,189.206514,189.678939,184.423434,12617008.000000
2023-12-14,189.449452,189.721669,189.100087,189.556112,184.304010,9561870.000000
2023-12-15,189.004977,190.163431,187.041220,188.290894,183.073848,12082356.000000
2023-12-18,188.912123,193.174657,187.465729,191.530977,186.224158,26168066.000000
2023-12-19,190.987866,191.322170,190.066572,190.403646,185.128062,17492393.000000
2023-12-20,190.055672,191.558107,189.545345,190.969495,185.678233,9476238.000000
2023-12-21,192.126197,195.141275,190.916118,193.829128,188.458632,14285371.000000
2023-12-22,194.395613,196.081825,193.932410,195.088393,189.683007,10415846.000000
2023-12-25,195.391436,199.404765,194.137182,197.730181,192.251598,10560758.000000
2023-12-26,198.557489,201.960083,196.877559,201.160966,195.587325,12079094.000000
2023-12-27,202.278257,203.528934,201.746155,203.156825,197.527884,19189178.000000
2023-12-28,202.900511,204.002033,199.269849,200.613770,195.055290,14088537.000000
2023-12-29,200.664510,203.392521,200.080446,202.453624,196.844166,13558791.000000
2024-01-01,202.485947,203.499654,202.124345,202.809908,197.190579,10119175.000000
2024-01-02,202.374332,204.045185,201.710129,203.473451,197.835737,12931297.000000
2024-01-03,203.768392,204.207490,202.607366,203.088640,197.461588,14280148.000000
2024-01-04,203.570419,205.962190,201.946956,205.154350,199.470062,17239448.000000
2024-01-05,205.169304,207.524634,204.863264,206.723360,200.995599,17978921.000000
2024-01-08,205.851949,207.630238,202.960046,204.155531,198.498918,12174038.000000
2024-01-09,204.009808,205.581752,203.318983,204.777482,199.103637,13116885.000000
2024-01-10,205.003484,206.656509,204.207458,205.896845,200.191985,8227658.000000
2024-01-11,206.353535,206.789149,204.918841,205.510839,199.816675,12702560.000000
2024-01-12,205.967451,209.509775,205.323194,208.364106,202.590884,12347856.000000
2024-01-15,206.756404,208.441217,202.334256,203.991761,198.339685,19397753.000000
2024-01-16,202.806350,204.132019,202.445279,203.132385,197.504121,7448908.000000
2024-01-17,202.743831,205.588918,202.465151,204.627841,198.958142,15658061.000000
2024-01-18,206.268325,208.120279,205.298036,207.681153,201.926854,10228333.000000
2024-01-19,206.822163,207.688577,204.304186,205.618458,199.921311,12981186.000000
2024-01-22,205.332526,206.267352,203.681581,204.476486,198.810981,16224809.000000
2024-01-23,205.495946,205.984435,204.605383,205.326171,199.637123,8775248.000000
2024-01-24,204.795139,205.425947,203.037311,203.328011,197.694327,11692503.000000
2024-01-25,204.207734,204.862886,203.728016,204.045480,198.391916,7645870.000000
2024-01-26,203.868801,204.729026,201.353574,202.137862,196.537153,10853313.000000
2024-01-29,202.093748,203.105134,201.459582,202.698043,197.081814,7859207.000000
2024-01-30,202.845588,203.033907,202.399431,202.917148,197.294848,5848136.000000
2024-01-31,203.483839,203.787316,202.496054,202.992119,197.367741,12524022.000000
2024-02-01,202.109030,203.374498,198.417046,199.502267,193.974584,12081956.000000
2024-02-02,200.470186,205.123887,198.543369,203.100002,197.472636,18244138.000000
2024-02-05,202.487643,203.355685,200.027236,201.238827,195.663029,13301158.000000
2024-02-06,201.217259,202.349662,200.626540,201.721009,196.131850,13887951.000000
2024-02-07,202.000069,203.442489,201.054862,203.170813,197.541484,13888929.000000
2024-02-08,204.079318,205.477391,202.657768,205.127976,199.444420,9884675.000000
2024-02-09,205.203681,205.565651,204.011876,204.634157,198.964282,10697280.000000
2024-02-12,204.653872,205.965564,204.014593,205.256077,199.568971,10208444.000000
2024-02-13,204.901810,206.715511,204.433314,206.150000,200.438125,14448540.000000
2024-02-14,206.515071,206.967362,205.583829,205.813711,200.111155,8240496.000000
2024-02-15,206.160324,208.873015,205.062255,207.528062,201.778005,13890238.000000
2024-02-16,207.916439,209.946714,206.149799,209.397078,203.595236,16692328.000000
2024-02-19,209.861402,211.128921,208.895846,210.773302,204.933329,17878092.000000
2024-02-20,210.561231,211.416774,208.872243,209.731455,203.920348,7986462.000000
2024-02-21,210.338378,212.212064,208.846540,211.680213,205.815111,24114614.000000
2024-02-22,211.697555,211.906692,209.878739,210.103745,205.722380,10488497.000000
2024-02-23,210.467353,211.079267,208.040902,208.355582,204.010671,18428435.000000
2024-02-26,208.528429,209.004983,208.291814,208.792555,204.438532,9765981.000000
2024-02-27,208.005685,209.172013,205.985140,207.025260,202.708092,13447910.000000
2024-02-28,206.824999,208.271202,204.537943,205.639897,201.351618,4771898.000000
2024-02-29,203.038018,205.260384,194.966468,196.956078,192.848886,25083368.000000
2024-03-01,197.545914,197.936390,196.911626,197.543599,193.424154,9661445.000000
2024-03-04,197.856596,198.027450,196.894295,197.181435,193.069543,11359452.000000
2024-03-05,197.490713,198.571591,197.260727,198.249253,194.115093,12464619.000000
2024-03-06,198.672403,199.139067,198.413111,198.902689,194.754903,14480375.000000
2024-03-07,198.686039,199.381353,196.417072,197.114594,193.004095,8565730.000000
2024-03-08,197.203785,198.341796,196.857480,197.391554,193.275280,9350755.000000
2024-03-11,198.274320,199.266297,197.217252,198.769081,194.624081,9060939.000000
2024-03-12,199.150276,199.364202,198.510375,198.733275,194.589022,10019702.000000
2024-03-13,199.160075,200.137273,198.594884,199.390017,195.232069,14680486.000000
2024-03-14,199.332222,199.554204,197.827782,198.592729,194.451407,8047672.000000
2024-03-15,198.564030,199.214590,197.862303,198.751345,194.606715,13283096.000000
2024-03-18,198.086291,198.815336,197.515695,197.798852,193.674085,18233441.000000
2024-03-19,197.075614,199.028652,192.826709,194.186649,190.137208,14752415.000000
2024-03-20,193.646607,194.066489,192.810700,193.136920,189.109370,7744913.000000
2024-03-21,193.841504,196.369612,193.279759,195.228543,191.157375,10546902.000000
2024-03-22,195.254419,195.991218,194.482036,194.719644,190.659088,16032068.000000
2024-03-25,195.497942,198.356792,195.104913,197.424967,193.307996,11426916.000000
2024-03-26,197.118735,198.003011,196.711883,197.003798,192.895610,9860564.000000
2024-03-27,196.913876,197.549784,195.112326,195.990484,191.903427,17618563.000000
2024-03-28,195.967393,196.371378,193.686159,194.677382,190.617708,16828250.000000
2024-03-29,194.404840,194.829470,193.990482,194.554819,190.497701,15536575.000000
2024-04-01,193.882305,194.921162,193.131499,193.375535,189.343009,7063065.000000
2024-04-02,194.315003,197.584245,193.700232,196.488777,192.391329,8885656.000000
2024-04-03,196.717953,198.454163,196.220510,197.765940,193.641859,13087422.000000
2024-04-04,197.880196,199.942892,197.512863,199.177791,195.024268,15382513.000000
2024-04-05,200.449549,201.643751,199.594570,200.775763,196.588917,12302112.000000
2024-04-08,201.043723,201.512824,199.431692,199.728029,195.563032,14842979.000000
2024-04-09,198.133777,199.050314,197.343112,198.489962,194.350783,11443872.000000
2024-04-10,198.198918,200.353299,194.790093,195.832505,191.748743,11551672.000000
2024-04-11,196.548256,200.096180,194.994730,198.933704,194.785272,14986223.000000
2024-04-12,199.137128,199.753734,197.906436,198.547458,194.407080,9968764.000000
2024-04-15,199.137237,200.166317,198.776302,199.663597,195.499944,7750372.000000
2024-04-16,200.159569,202.244397,199.803991,201.430689,197.230186,13409994.000000
2024-04-17,201.292569,201.462238,200.750300,201.228316,197.032033,10871141.000000
2024-04-18,201.075381,201.559371,200.139400,200.554518,196.372286,11865349.000000
2024-04-19,201.284559,203.964874,199.801969,202.880922,198.650176,22538901.000000
2024-04-22,203.320909,205.489251,202.219907,204.575611,200.309525,6955744.000000
2024-04-23,204.200494,205.454552,198.825739,200.397131,196.218181,13112169.000000
2024-04-24,201.136035,201.961655,200.475339,200.907479,196.717887,13128108.000000
2024-04-25,201.314102,201.472575,200.951540,201.285529,197.088053,7979395.000000
2024-04-26,200.417602,201.265015,199.833038,200.385743,196.207030,10688290.000000
2024-04-29,200.015599,201.987736,198.949524,201.498110,197.296201,11897245.000000
2024-04-30,201.715802,202.315066,199.687173,200.231688,196.056188,14003207.000000
2024-05-01,200.593195,201.656489,199.416153,201.340076,197.141463,7159986.000000
2024-05-02,201.028779,202.206331,197.723682,199.286791,195.130996,9921832.000000
2024-05-03,199.275080,200.531526,196.998659,197.332515,193.217472,13209259.000000
2024-05-06,198.150049,200.202324,197.143665,199.082477,194.930942,14659628.000000
2024-05-07,199.265947,202.073453,198.947292,200.835176,196.647092,14517820.000000
2024-05-08,200.392943,200.816481,199.992088,200.463411,196.283079,11651148.000000
2024-05-09,201.036261,201.641982,200.515809,201.233543,197.037151,13160098.000000
2024-05-10,200.771711,201.988473,198.907805,199.349829,195.192719,9446468.000000
2024-05-13,200.009599,203.798521,198.814441,202.078552,197.864539,14584363.000000
2024-05-14,202.189604,203.135645,201.939743,202.456091,198.234205,11833870.000000
2024-05-15,202.405275,202.834768,202.309917,202.495635,198.272924,10007218.000000
2024-05-16,202.229417,203.399516,200.506484,201.412740,197.212611,7324991.000000
2024-05-17,201.681932,202.017000,200.751739,201.288602,197.091062,13680620.000000
2024-05-20,201.068587,201.901848,200.561429,201.210960,197.015039,9245227.000000
2024-05-21,200.891501,202.170028,196.913326,197.949885,195.188286,20760380.000000
2024-05-22,198.439829,200.807762,197.876295,199.983498,197.193529,19225082.000000
2024-05-23,200.099202,200.567345,199.155678,199.683738,196.897950,12000023.000000
2024-05-24,199.603545,200.344457,198.570596,198.918416,196.143305,12817334.000000
2024-05-27,199.327618,200.233538,198.682280,199.529561,196.745924,10292737.000000
2024-05-28,199.374513,199.694774,198.916330,199.524235,196.740672,9684813.000000
2024-05-29,200.199192,203.833451,198.248211,203.237023,200.401663,16500745.000000
2024-05-30,202.839505,203.372431,201.642585,201.890340,199.073768,8371819.000000
2024-05-31,200.643847,202.632278,197.559535,198.599969,195.829301,14637461.000000
2024-06-03,199.068880,200.637613,198.134721,199.774610,196.987554,10404340.000000
2024-06-04,199.877505,200.521505,199.324372,200.306483,197.512007,11380823.000000
2024-06-05,200.341604,200.517907,199.712453,200.170478,197.377900,10817994.000000
2024-06-06,200.490142,202.381351,199.322241,201.993237,199.175229,12434256.000000
2024-06-07,202.221085,202.866520,201.152870,201.668760,198.855279,8646592.000000
2024-06-10,200.854798,201.921386,198.759630,199.387236,196.605584,17371536.000000
2024-06-11,199.124409,199.657665,198.297972,198.768905,195.995880,7417922.000000
2024-06-12,198.732388,199.662130,197.118682,197.787022,195.027695,10024218.000000
2024-06-13,198.492809,200.231353,197.785221,199.455763,196.673155,14480670.000000
2024-06-14,199.263433,199.725164,198.946141,199.333238,196.552340,12210155.000000
2024-06-17,199.282674,200.410630,197.136895,197.796012,195.036560,11596800.000000
2024-06-18,198.194276,201.768059,197.401792,200.051326,197.260410,17259954.000000
2024-06-19,200.132712,201.178212,198.330242,198.902154,196.127270,10927714.000000
2024-06-20,198.804908,199.454064,197.585063,198.112602,195.348733,12255908.000000
2024-06-21,197.261254,197.978266,194.331110,195.527354,192.799552,16145776.000000
2024-06-24,195.776677,196.735961,195.054341,196.161969,193.425313,16197579.000000
2024-06-25,195.080982,196.251087,194.368306,195.898420,193.165442,8732814.000000
2024-06-26,197.189742,199.272969,196.527654,198.125073,195.361030,16934493.000000
2024-06-27,197.370930,197.756142,196.581670,197.413727,194.659608,16355554.000000
2024-06-28,196.908004,199.337577,192.599715,193.856897,191.152400,10619615.000000
2024-07-01,194.420712,194.942085,193.298576,193.714474,191.011964,10383448.000000
2024-07-02,193.801816,194.369382,193.473190,193.875693,191.170933,7798394.000000
2024-07-03,194.077505,194.607068,192.772935,193.036678,190.343623,7208378.000000
2024-07-04,192.962115,193.291006,192.185279,192.417295,189.732881,10452363.000000
2024-07-05,192.481659,193.134624,191.426804,191.941841,189.264060,11813095.000000
2024-07-08,190.951737,191.766386,189.974442,191.238252,188.570287,7748418.000000
2024-07-09,192.398697,192.948920,191.175753,191.652152,188.978413,16961757.000000
2024-07-10,192.067915,192.851724,190.199891,190.756178,188.094938,12103208.000000
2024-07-11,191.400421,195.278673,190.568048,193.747277,191.044308,16430145.000000
2024-07-12,193.314752,196.217029,192.598197,195.118739,192.396638,8512711.000000
2024-07-15,195.136824,196.422649,193.037068,193.615925,190.914789,11442378.000000
2024-07-16,192.921598,194.049778,192.429300,193.598795,190.897898,6457865.000000
2024-07-17,193.135579,196.062287,192.668854,195.136429,192.414081,6130677.000000
2024-07-18,195.111447,195.693198,194.633922,195.468717,192.741733,9015506.000000
2024-07-19,195.012402,195.525090,193.984795,194.672780,191.956900,12240441.000000
2024-07-22,194.659522,195.584944,194.003049,195.407765,192.681631,16076103.000000
2024-07-23,195.402193,196.816997,194.639218,196.431852,193.691432,8357246.000000
2024-07-24,196.359836,198.851765,195.871131,197.896582,195.135727,10153245.000000
2024-07-25,197.764882,200.685195,196.557805,199.259532,196.479662,11210221.000000
2024-07-26,200.281471,200.889921,199.365385,200.556574,197.758609,14924784.000000
2024-07-29,201.236950,206.298335,200.291092,204.132119,201.284271,11195770.000000
2024-07-30,203.492583,204.343019,202.947448,203.290889,200.454778,17523300.000000
2024-07-31,203.410230,203.899651,202.566096,202.778887,199.949919,16414331.000000
2024-08-01,201.846973,203.096921,199.900986,200.873874,198.071483,8931445.000000
2024-08-02,200.916045,202.040060,198.197444,199.444945,196.662489,15235520.000000
2024-08-05,199.691645,200.224705,198.010021,198.529840,195.760150,12721088.000000
2024-08-06,199.335722,201.177941,198.026051,200.366727,197.571410,18280160.000000
2024-08-07,199.915132,201.433771,197.703810,198.086604,195.323098,17396375.000000
2024-08-08,197.612248,199.741707,196.691554,199.147442,196.369136,13891701.000000
2024-08-09,198.388357,199.777441,195.934896,197.107567,194.357719,13971864.000000
2024-08-12,197.648571,202.713520,196.564545,200.396550,197.600817,10224388.000000
2024-08-13,200.537558,201.250587,200.201524,200.941132,198.137803,7350249.000000
2024-08-14,201.851584,203.738885,200.407381,203.282593,200.446598,18001963.000000
2024-08-15,203.574702,204.885582,202.920922,204.072766,201.225747,14372477.000000
2024-08-16,204.686974,206.120005,202.970160,204.994005,203.559046,11292638.000000
2024-08-19,204.650194,205.432855,203.767148,204.169250,202.740065,9093305.000000
2024-08-20,203.833387,205.268842,200.850250,201.532921,200.122191,15922955.000000
2024-08-21,201.365369,204.791413,199.782235,203.765797,202.339436,23323002.000000
2024-08-22,203.681248,204.063336,202.516510,203.242847,201.820147,9044402.000000
2024-08-23,203.275490,203.977803,200.653479,201.573707,200.162691,13175287.000000
2024-08-26,202.095044,202.732198,199.963059,200.807531,199.401878,10560431.000000
2024-08-27,200.221679,201.346221,199.652306,200.934973,199.528429,10944208.000000
2024-08-28,201.286427,203.317454,200.025507,202.708268,201.289310,17548262.000000
2024-08-29,202.192629,202.578341,200.358489,200.942107,199.535513,15035333.000000
2024-08-30,201.135230,201.487944,200.131499,200.767595,199.362222,11756862.000000
2024-09-02,201.099581,201.644859,199.003270,199.510881,198.114305,16028147.000000
2024-09-03,198.981207,200.145682,198.542101,199.803158,198.404536,8598479.000000
2024-09-04,199.347108,200.121298,198.739632,199.973355,198.573541,8121166.000000
2024-09-05,199.385591,200.381228,198.266783,199.220529,197.825985,15666332.000000
2024-09-06,199.242474,200.568758,198.639574,200.113970,198.713172,10165011.000000
2024-09-09,200.758721,202.569028,199.721648,201.512139,200.101554,9484803.000000
2024-09-10,201.130107,201.791070,200.513558,200.779043,199.373590,8457087.000000
2024-09-11,201.471074,202.502469,200.900474,201.900917,200.487610,20006424.000000
2024-09-12,201.009416,201.725265,199.390686,199.821606,198.422854,12086788.000000
2024-09-13,200.103228,200.858891,199.738220,200.511926,199.108343,7332283.000000
2024-09-16,200.704812,201.797815,200.281566,201.072802,199.665292,20500300.000000
2024-09-17,201.915901,205.930833,201.369643,204.055129,202.626743,17696488.000000
2024-09-18,203.317978,204.853413,200.963134,201.625840,200.214460,14088344.000000
2024-09-19,203.298821,209.098146,202.575316,206.874929,205.426804,29258724.000000
2024-09-20,206.266244,206.525015,204.964802,205.720370,204.280328,11706715.000000
2024-09-23,205.716850,206.941724,205.311199,206.587906,205.141791,8202671.000000
2024-09-24,206.731387,208.224638,206.010936,207.231981,205.781357,11791185.000000
2024-09-25,207.040720,207.605614,203.218559,204.399672,202.968874,12742733.000000
2024-09-26,205.222609,207.284500,204.341892,206.100708,204.658003,7528463.000000
2024-09-27,204.523626,205.819098,198.896280,200.537112,199.133352,18324603.000000
2024-09-30,200.771909,206.176439,200.008744,205.082376,203.646800,25501687.000000
2024-10-01,205.848206,211.234552,204.261610,209.387663,207.921949,16781231.000000
2024-10-02,208.478555,210.127774,204.986859,206.647981,205.201446,11884117.000000
2024-10-03,206.364490,207.083587,205.828922,206.946411,205.497786,6368073.000000
2024-10-04,206.502589,207.023686,205.346024,205.938934,204.497362,9900492.000000
2024-10-07,206.288794,207.051614,204.527949,204.850528,203.416574,18270650.000000
2024-10-08,204.958491,206.174945,204.219100,205.426879,203.988891,17025464.000000
2024-10-09,203.901902,206.415446,200.610902,201.571461,200.160461,13085978.000000
2024-10-10,200.793481,202.365844,197.614122,199.315379,197.920171,15275935.000000
2024-10-11,200.370011,206.814943,199.648242,204.033769,202.605532,19584827.000000
2024-10-14,204.351868,206.100148,203.293400,205.661204,204.221576,13630490.000000
2024-10-15,206.223105,208.051982,205.637520,206.925047,205.476572,5725772.000000
2024-10-16,207.780205,208.536205,207.509347,208.151179,206.694120,8591563.000000
2024-10-17,208.453328,208.874464,207.322697,207.870706,206.415611,14615437.000000
2024-10-18,207.446630,209.021631,203.241633,205.072204,203.636699,14091188.000000
2024-10-21,205.552791,206.895237,204.986737,206.464955,205.019700,19086924.000000
2024-10-22,206.623674,209.005804,206.147287,208.561024,207.101096,14191258.000000
2024-10-23,209.382322,209.522363,208.412933,208.614257,207.153957,10512057.000000
2024-10-24,207.751350,208.335960,206.118716,206.965765,205.517005,8910874.000000
2024-10-25,206.337258,206.959066,205.974889,206.498804,205.053312,13391513.000000
2024-10-28,206.213183,207.614445,205.858434,207.005705,205.556665,11582749.000000
2024-10-29,206.007912,207.245534,204.359103,205.312022,203.874838,12306063.000000
2024-10-30,205.947361,207.243915,205.105561,206.191231,204.747893,10917065.000000
2024-10-31,206.430142,207.262210,205.971111,206.601038,205.154831,14912327.000000
2024-11-01,207.094623,210.175932,205.675980,208.651778,207.191216,12534834.000000
2024-11-04,209.135418,210.442819,208.053116,209.929051,208.459548,16530779.000000
2024-11-05,210.631555,212.177280,210.171282,211.727201,210.245111,19663432.000000
2024-11-06,213.227391,218.287318,211.746221,215.689255,214.179430,18360409.000000
2024-11-07,215.533894,216.144124,215.121273,215.322781,213.815522,14008679.000000
2024-11-08,216.071115,216.831824,215.224064,216.248433,214.734694,12129337.000000
2024-11-11,216.623900,217.886175,215.319721,217.337707,215.816343,10093981.000000
2024-11-12,218.210820,219.763834,217.160285,218.940927,217.408340,12582648.000000
2024-11-13,219.070241,219.398635,216.314485,216.797424,216.797424,21442174.000000
2024-11-14,216.554556,217.521756,215.204088,215.840614,215.840614,12087215.000000
2024-11-15,216.261277,217.067913,215.269402,216.414831,216.414831,14619220.000000
2024-11-18,216.209948,216.983504,215.258462,215.807033,215.807033,12621625.000000
2024-11-19,214.992497,217.044503,214.759501,216.532348,216.532348,13388849.000000
2024-11-20,217.088290,220.807596,216.351042,219.064170,219.064170,11816634.000000
2024-11-21,219.915526,220.288628,219.360035,219.803126,219.803126,6022925.000000
2024-11-22,220.268614,222.323270,219.575950,221.183590,221.183590,7936316.000000
2024-11-25,221.084181,221.645754,220.820041,221.193514,221.193514,10258110.000000
2024-11-26,220.643093,221.310204,217.638716,219.033215,219.033215,13537825.000000
2024-11-27,219.318311,219.651744,218.692568,219.329099,219.329099,17993306.000000
2024-11-28,218.333411,221.009544,217.560521,220.019400,220.019400,12373647.000000
2024-11-29,219.743436,220.809884,218.402610,219.152619,219.152619,13998596.000000
2024-12-02,220.203947,226.798130,217.166369,224.274512,224.274512,22172871.000000
2024-12-03,224.416445,224.871299,223.309821,223.539974,223.539974,9425885.000000
2024-12-04,223.852674,224.040147,223.287576,223.564741,223.564741,10079968.000000
2024-12-05,223.621929,225.561037,219.261396,220.885255,220.885255,11666947.000000
2024-12-06,220.196887,221.274932,215.639341,217.467168,217.467168,13467688.000000
2024-12-09,217.155596,217.939140,214.944748,216.198652,216.198652,9507455.000000
2024-12-10,216.619506,219.703549,215.576762,218.705662,218.705662,26352310.000000
2024-12-11,217.520347,218.918546,213.316572,214.944107,214.944107,5384265.000000
2024-12-12,214.327517,214.845229,212.371041,212.800557,212.800557,16312155.000000
2024-12-13,211.985612,212.530533,210.997651,211.805929,211.805929,12341111.000000
2024-12-16,211.947912,213.821539,210.790418,213.289417,213.289417,13281471.000000
2024-12-17,213.866561,217.520893,212.327722,216.926331,216.926331,18037546.000000
2024-12-18,217.574795,218.280162,217.166642,217.879394,217.879394,7909252.000000
2024-12-19,217.780591,218.963612,217.346551,218.719676,218.719676,20908457.000000
2024-12-20,219.730748,221.361041,219.051619,220.377730,220.377730,14509291.000000
2024-12-23,220.820064,223.459788,219.463029,221.988571,221.988571,11915502.000000
2024-12-24,222.616613,224.472242,222.095751,223.376429,223.376429,7699148.000000
2024-12-25,223.642447,224.123265,222.545291,222.976980,222.976980,12528833.000000
2024-12-26,222.690456,224.124189,216.210944,218.614705,218.614705,21648386.000000
2024-12-27,219.980649,222.717336,219.016702,222.040076,222.040076,12837943.000000
2024-12-30,222.472942,223.351463,219.838955,220.461296,220.461296,10104605.000000
2024-12-31,220.114455,220.933784,220.001192,220.505467,220.505467,13309449.000000
