date,open,high,low,close,adj_close,volume
2014-01-01,91.348338,91.817746,90.879832,91.288326,85.325405,38525793.000000
2014-01-02,90.857204,91.615361,88.616264,89.207964,83.380932,33633731.000000
2014-01-03,89.567890,90.615511,89.096833,90.272569,84.375997,49660746.000000
2014-01-06,90.357032,90.656654,90.145250,90.426425,84.519803,30411592.000000
2014-01-07,90.295453,90.592719,89.424598,89.681789,83.823806,57586013.000000
2014-01-08,89.907254,90.867820,89.457770,90.405443,84.500192,39963832.000000
2014-01-09,90.227500,90.533050,88.494167,89.215637,83.388103,65708687.000000
2014-01-10,89.039599,89.368468,88.581934,88.773559,82.974901,35026160.000000
2014-01-13,88.817089,88.953454,87.905351,88.176424,82.416771,36078046.000000
2014-01-14,88.563014,88.649155,87.912121,88.067354,82.314826,27568665.000000
2014-01-15,88.164779,88.373721,87.775795,87.964699,82.218876,24367262.000000
2014-01-16,88.062421,88.331538,87.362197,87.669390,81.942857,34249145.000000
2014-01-17,87.524814,87.762902,86.870065,87.162471,81.469049,31015919.000000
2014-01-20,87.238522,87.336603,87.001574,87.135721,81.444047,25987401.000000
2014-01-21,87.091628,87.499900,86.099338,86.568787,80.914145,20725237.000000
2014-01-22,86.695514,86.851745,86.407562,86.463711,80.815932,19624242.000000
2014-01-23,86.805191,87.759009,86.097764,87.227433,81.529768,19794379.000000
2014-01-24,87.346236,88.747797,86.865996,88.106286,82.351215,25729018.000000
2014-01-27,88.073898,88.434669,87.531281,87.846833,82.108709,27370760.000000
2014-01-28,88.045187,88.924831,87.817144,88.726620,82.931028,39946379.000000
2014-01-29,88.615763,89.097661,87.889855,88.259629,82.494541,31276018.000000
2014-01-30,88.004986,88.370223,87.790141,88.108628,82.353404,17927521.000000
2014-01-31,88.322535,88.454976,87.954387,88.157117,82.398726,29320757.000000
2014-02-03,88.219473,89.449252,87.609230,89.201123,83.374537,39794032.000000
2014-02-04,88.945682,89.296774,87.437833,87.819832,82.083472,44358089.000000
2014-02-05,87.902940,88.968312,87.601692,88.583773,82.797512,30242421.000000
2014-02-06,88.228125,89.218507,88.067585,88.884621,83.078709,29847466.000000
2014-02-07,88.804409,89.196095,88.682327,89.063489,83.245893,32485706.000000
2014-02-10,89.108464,89.349651,88.664763,88.927578,83.118860,28010892.000000
2014-02-11,89.035379,90.074305,88.850517,89.605002,83.752035,33244953.000000
2014-02-12,90.057258,91.238269,89.478986,90.766938,84.838074,25029484.000000
2014-02-13,91.043816,91.204736,90.101515,90.386760,84.482728,34626503.000000
2014-02-14,90.214728,90.720469,89.556444,89.860572,83.990911,29167916.000000
2014-02-17,89.963001,91.152492,89.526111,90.842684,84.908872,40370036.000000
2014-02-18,90.757105,90.936585,89.533503,89.962920,84.086574,18338584.000000
2014-02-19,89.681023,89.956521,89.274869,89.393031,83.553910,29200196.000000
2014-02-20,90.663760,95.154793,89.656354,94.194794,88.042023,118763655.000000
2014-02-21,94.085337,94.382806,93.006836,93.302197,87.207731,36561555.000000
2014-02-24,92.979717,93.343417,91.948021,92.345803,86.313808,41790327.000000
2014-02-25,92.295874,93.158579,92.043882,92.630749,86.580141,39209923.000000
2014-02-26,92.417795,93.433597,92.194800,93.072071,86.992637,28606896.000000
2014-02-27,93.022308,93.234638,92.623807,92.820391,86.757396,22068237.000000
2014-02-28,93.237685,93.785328,92.746661,93.476377,87.370533,32481703.000000
2014-03-03,93.101574,93.580162,92.198580,92.428398,86.391008,27820563.000000
2014-03-04,92.775178,94.247848,92.276074,93.483096,87.376813,28511471.000000
2014-03-05,92.528915,93.334918,88.321760,89.359514,83.522582,91081260.000000
2014-03-06,88.786395,89.271120,84.513644,86.170524,80.541896,143016817.000000
2014-03-07,86.328766,88.280184,85.622902,87.516570,81.800019,38319813.000000
2014-03-10,88.292122,92.765731,86.525258,90.836469,84.903063,119316896.000000
2014-03-11,90.659525,91.076269,90.568025,90.864680,84.929431,44894298.000000
2014-03-12,90.841145,91.384684,90.658194,91.149166,85.195335,32249852.000000
2014-03-13,91.408479,94.126376,90.988369,93.007306,86.932101,29558374.000000
2014-03-14,93.378884,93.753990,93.172864,93.546313,87.435901,20096963.000000
2014-03-17,93.453114,94.476441,93.177321,94.049116,87.905861,19525534.000000
2014-03-18,94.468131,96.928072,93.650905,95.954399,89.686691,34184736.000000
2014-03-19,96.366325,97.189032,96.020528,96.782504,90.460705,39367378.000000
2014-03-20,96.343772,96.774855,94.755941,95.148897,88.933805,27734073.000000
2014-03-21,94.509970,94.948980,92.166819,93.311901,87.216801,60604038.000000
2014-03-24,93.240675,94.114816,93.104357,93.822342,87.693899,21606150.000000
2014-03-25,93.423034,94.422514,91.606603,91.981903,85.973678,21752818.000000
2014-03-26,91.023628,92.567574,88.167713,89.385173,83.546565,81998843.000000
2014-03-27,89.370154,90.484865,88.932542,89.995241,84.116784,22179711.000000
2014-03-28,90.459667,91.379990,90.119312,91.062840,85.114647,24385767.000000
2014-03-31,92.589681,98.173323,90.191855,96.340700,90.183034,141283730.000000
2014-04-01,95.732399,96.695294,94.062018,94.661857,88.611496,30054418.000000
2014-04-02,93.941032,94.832226,89.901615,91.244688,85.412737,55373571.000000
2014-04-03,91.068117,91.403351,90.587595,90.866444,85.058668,22769982.000000
2014-04-04,89.924895,90.510121,86.796797,87.604053,82.004794,52465366.000000
2014-04-07,88.046843,89.961380,86.863867,89.652006,83.921852,45647742.000000
2014-04-08,89.975689,92.760655,89.006013,91.567638,85.715045,47491415.000000
2014-04-09,91.209679,91.450784,89.947535,90.649147,84.855260,25497257.000000
2014-04-10,90.955913,92.011146,90.631484,91.671155,85.811946,53464683.000000
2014-04-11,91.815162,92.959772,91.495566,92.287015,86.388443,21984402.000000
2014-04-14,91.994777,92.495997,91.146371,91.516882,85.667533,23261091.000000
2014-04-15,92.003184,92.498399,91.537965,92.246322,86.350350,60349992.000000
2014-04-16,91.860231,92.046633,90.815419,91.123009,85.298834,36644132.000000
2014-04-17,90.877613,91.179786,90.520551,90.768480,84.966965,17938009.000000
2014-04-18,90.821771,92.079132,90.448155,91.616118,85.760426,26846371.000000
2014-04-21,91.912295,94.673804,91.100406,93.756500,87.764004,50477488.000000
2014-04-22,93.755448,96.332383,93.349690,95.592706,89.482849,39201136.000000
2014-04-23,96.043899,96.546623,95.725437,96.331126,90.174072,31032828.000000
2014-04-24,96.349330,97.118336,94.483200,95.111513,89.032411,28929719.000000
2014-04-25,95.181246,96.023550,94.652604,95.602304,89.491833,26236921.000000
2014-04-28,95.475637,96.133048,95.270617,95.808154,89.684526,28021512.000000
2014-04-29,95.269192,95.821344,94.374898,94.896936,88.831549,39125215.000000
2014-04-30,94.925823,95.403450,94.843014,95.189232,89.105163,27718686.000000
2014-05-01,95.231493,95.723128,95.129452,95.421636,89.322712,34554753.000000
2014-05-02,95.645069,95.985146,94.570659,94.960143,88.890716,20968534.000000
2014-05-05,95.378795,96.406836,94.559195,96.207499,90.058346,35707769.000000
2014-05-06,96.728704,98.244497,96.169184,97.533729,91.299810,27727242.000000
2014-05-07,97.601544,97.773396,97.017192,97.332735,91.111663,20386925.000000
2014-05-08,96.586800,97.655174,94.692179,95.616133,89.504779,40115134.000000
2014-05-09,96.112447,97.814149,95.562675,97.113459,90.906402,31522390.000000
2014-05-12,96.855963,97.216305,96.504143,96.962021,90.764643,19581080.000000
2014-05-13,96.919225,97.439969,96.848692,97.187199,90.975429,15970672.000000
2014-05-14,97.246088,98.553056,96.842857,98.105938,91.835446,36065157.000000
2014-05-15,97.658060,97.829146,96.537447,97.183088,90.971580,31965661.000000
2014-05-16,97.233442,97.514410,97.055329,97.411633,91.185518,27982380.000000
2014-05-19,97.590072,97.774263,97.248480,97.498282,91.266629,23115726.000000
2014-05-20,97.443547,98.214733,96.971384,98.048795,91.781955,32381691.000000
2014-05-21,98.011614,98.348403,97.706919,97.984860,91.722106,21063720.000000
2014-05-22,98.591378,99.617922,97.788319,99.225655,92.883596,27933607.000000
2014-05-23,98.988626,99.308074,97.442184,98.130160,91.858120,27203905.000000
2014-05-26,98.508912,99.141794,98.228379,98.731378,92.420911,18930370.000000
2014-05-27,98.381886,98.608677,97.730041,98.150046,91.876735,18038130.000000
2014-05-28,97.984778,98.523183,96.296964,96.982239,90.783569,27781555.000000
2014-05-29,96.442370,96.790311,95.606140,95.884314,89.755818,36937443.000000
2014-05-30,95.803184,96.377258,94.507517,95.084409,89.007040,46118589.000000
2014-06-02,95.129106,95.536645,94.892891,95.423954,89.324882,22706723.000000
2014-06-03,95.412336,95.772275,94.561437,94.679368,88.627887,35586169.000000
2014-06-04,94.444614,95.053235,94.330248,94.889811,88.824880,28094268.000000
2014-06-05,95.174155,95.732467,94.609355,95.322255,89.229684,31656672.000000
2014-06-06,94.808567,95.842924,92.931331,93.241132,87.281577,34214580.000000
2014-06-09,93.350414,93.507513,92.058404,92.527146,86.613225,20625383.000000
2014-06-10,92.028970,92.386181,89.913467,90.481313,84.698153,61061691.000000
2014-06-11,90.416974,90.885036,89.619250,89.748884,84.012537,31624230.000000
2014-06-12,89.889773,90.714868,89.420347,90.511882,84.726768,28713626.000000
2014-06-13,90.470739,91.011601,90.150932,90.901013,85.091027,27842574.000000
2014-06-16,90.186177,90.879794,88.425593,89.226016,83.523089,68796297.000000
2014-06-17,89.400044,89.761703,87.959021,88.325211,82.679860,28012225.000000
2014-06-18,88.268527,89.472931,87.832414,88.898350,83.216366,36808846.000000
2014-06-19,88.545068,88.892246,87.290368,87.930732,82.310593,43143690.000000
2014-06-20,87.243349,87.524826,85.768158,86.200862,80.691290,43407811.000000
2014-06-23,86.257550,86.938809,86.037348,86.759782,81.214485,19046906.000000
2014-06-24,87.050781,88.212643,86.366191,87.808127,82.195825,21695021.000000
2014-06-25,87.898610,88.971680,87.439803,88.458536,82.804662,16300901.000000
2014-06-26,88.192122,88.772343,86.793016,87.398420,81.935207,33963319.000000
2014-06-27,87.263200,87.500247,86.946630,87.077332,81.634190,19379923.000000
2014-06-30,87.219028,87.927821,86.781107,87.552908,82.080038,44853469.000000
2014-07-01,87.894687,90.087177,87.278774,89.370431,83.783950,58619650.000000
2014-07-02,89.277327,89.978801,88.995955,89.644374,84.040769,73915758.000000
2014-07-03,89.758543,90.634571,89.357231,90.144661,84.509783,16471210.000000
2014-07-04,90.636864,91.837742,90.395853,91.194695,85.494180,17162954.000000
2014-07-07,90.906220,91.181647,89.242089,89.949624,84.326937,27096439.000000
2014-07-08,89.765853,90.088910,89.345946,89.672612,84.067241,30881771.000000
2014-07-09,89.827371,90.319511,89.376342,89.485458,83.891786,21828249.000000
2014-07-10,89.120205,90.035692,87.435242,88.234535,82.719058,34179247.000000
2014-07-11,88.468000,88.629450,88.364746,88.452239,82.923153,36141083.000000
2014-07-14,88.368086,89.543805,87.955535,89.356149,83.770560,24335641.000000
2014-07-15,89.458661,90.623969,89.143177,90.299806,84.655229,27599499.000000
2014-07-16,90.553027,91.092539,90.291988,90.772266,85.098157,25569876.000000
2014-07-17,91.271171,92.362201,90.853912,92.063752,86.308913,38809227.000000
2014-07-18,91.818931,92.340014,90.940322,91.318305,85.610063,24223612.000000
2014-07-21,91.773972,93.283883,90.834040,92.842464,87.038948,34342319.000000
2014-07-22,93.020884,94.592580,92.673841,93.896528,88.027123,42315674.000000
2014-07-23,93.983852,94.328961,92.336859,92.712050,86.916686,27507939.000000
2014-07-24,92.640499,92.886974,92.065908,92.338782,86.566751,11565456.000000
2014-07-25,92.036565,92.459303,90.995678,91.278499,85.572746,30121931.000000
2014-07-28,91.417129,92.968018,90.812481,92.669566,86.876857,33162102.000000
2014-07-29,92.938686,93.799079,92.298234,93.564576,87.715921,40647981.000000
2014-07-30,93.129477,93.712233,92.331912,92.739446,86.942369,32697749.000000
2014-07-31,93.120571,93.801852,92.831536,93.333150,87.498962,23291241.000000
2014-08-01,92.424952,92.870512,90.411743,90.846663,85.167904,35837318.000000
2014-08-04,91.226144,93.478561,90.823408,93.159294,87.335974,60311011.000000
2014-08-05,93.561873,95.810177,93.075189,94.772494,88.848333,30686995.000000
2014-08-06,94.390301,95.239040,93.045955,93.502218,87.657461,22958340.000000
2014-08-07,93.822223,95.709833,93.338865,94.806872,88.880562,27035761.000000
2014-08-08,94.879160,95.166436,93.451253,93.902946,88.033141,15594128.000000
2014-08-11,94.096675,95.144630,93.687516,94.729264,88.807806,27186098.000000
2014-08-12,94.533522,95.030593,93.577475,94.024188,88.146804,19180020.000000
2014-08-13,94.466587,94.932933,93.882206,94.807451,88.881105,30101855.000000
2014-08-14,94.890146,96.817633,94.574271,95.999538,89.998676,31611310.000000
2014-08-15,96.607771,99.170101,96.289604,97.981103,91.856374,21987360.000000
2014-08-18,97.996342,98.241591,97.409843,97.690063,91.583527,37736716.000000
2014-08-19,97.933140,99.290267,97.379935,98.817033,92.640051,23179321.000000
2014-08-20,99.286617,101.044708,98.507892,100.225959,93.960906,24093838.000000
2014-08-21,100.006854,100.141310,99.198525,99.648802,93.419827,35521330.000000
2014-08-22,99.950836,100.326071,99.677339,100.015309,93.763424,40780210.000000
2014-08-25,99.952487,101.101105,99.763574,100.701783,94.406986,44161775.000000
2014-08-26,100.946851,101.051215,100.679509,100.733715,94.436923,17014827.000000
2014-08-27,100.431976,101.584049,99.931516,101.247946,94.919010,26845565.000000
2014-08-28,101.503932,102.813656,100.604993,102.599255,96.185849,41798213.000000
2014-08-29,102.745033,103.028006,102.482894,102.743300,96.320890,21038989.000000
2014-09-01,102.861287,103.038860,102.496392,102.632926,96.217415,21682442.000000
2014-09-02,102.505474,103.104467,102.142553,102.824961,96.397446,33490143.000000
2014-09-03,102.850760,103.536450,102.483840,103.301456,96.844156,30125886.000000
2014-09-04,103.314255,103.476425,103.105996,103.194183,96.743589,17198080.000000
2014-09-05,103.104515,103.492718,101.566265,102.229209,95.838935,26865908.000000
2014-09-08,102.200592,103.095614,102.036621,102.820189,96.392972,31567047.000000
2014-09-09,103.305534,105.099943,102.367857,104.105962,97.598373,29913344.000000
2014-09-10,104.278721,105.284834,103.673345,104.730085,98.183482,20207650.000000
2014-09-11,104.131651,104.711773,103.527285,103.824099,97.334129,20333748.000000
2014-09-12,103.625154,104.123351,101.779997,102.295726,95.901294,21528454.000000
2014-09-15,102.595526,104.653129,102.266367,103.861831,97.369502,35974288.000000
2014-09-16,104.012717,104.229258,103.267720,103.639121,97.160714,17986672.000000
2014-09-17,103.365160,104.473418,101.153367,101.836683,95.470945,27852871.000000
2014-09-18,102.368091,102.501418,101.734047,102.056541,95.677060,17934922.000000
2014-09-19,101.673357,102.886512,101.459367,102.529161,96.120136,15228079.000000
2014-09-22,102.658147,103.298663,102.276563,103.120562,96.674570,24817302.000000
2014-09-23,103.336863,104.019537,103.154180,103.844131,97.499157,29021721.000000
2014-09-24,103.655948,104.013565,102.407332,102.890906,96.604176,18900922.000000
2014-09-25,102.852907,103.323130,101.722054,101.946691,95.717653,24083885.000000
2014-09-26,101.988574,102.779830,101.523063,102.571220,96.304023,25120254.000000
2014-09-29,102.889683,104.438201,102.304321,103.785354,97.443972,64171142.000000
2014-09-30,103.753034,104.042150,103.488154,103.664966,97.330939,26225922.000000
2014-10-01,103.457283,103.652091,102.486777,102.786547,96.506193,31222099.000000
2014-10-02,102.992753,103.066768,102.236017,102.493876,96.231405,23346466.000000
2014-10-03,102.656152,103.252894,102.347768,102.960225,96.669259,29656189.000000
2014-10-06,103.039412,103.150510,102.873249,103.002108,96.708582,21593269.000000
2014-10-07,102.595542,103.243675,102.089474,102.239367,95.992446,32197751.000000
2014-10-08,102.911774,103.235653,102.480535,102.791605,96.510942,43061174.000000
2014-10-09,102.952704,105.075321,102.520443,104.137146,97.774269,35014131.000000
2014-10-10,103.913580,104.095635,103.619955,103.863687,97.517519,21734554.000000
2014-10-13,103.984667,104.047419,103.831672,103.938666,97.587916,18144826.000000
2014-10-14,103.992587,104.841602,103.739170,104.480235,98.096395,18162053.000000
2014-10-15,104.359995,104.519900,103.129021,103.601448,97.271303,26199193.000000
2014-10-16,103.923630,105.783346,103.440755,105.130523,98.706949,25602364.000000
2014-10-17,104.961788,105.207533,103.185811,103.845643,97.500577,15402517.000000
2014-10-20,103.795913,104.853263,103.157167,104.690456,98.293772,21202700.000000
2014-10-21,104.665679,104.885503,103.892220,104.127196,97.764927,19127648.000000
2014-10-22,103.841868,104.191574,103.257445,103.406899,97.088640,28455586.000000
2014-10-23,103.647427,103.886542,102.150812,102.737173,96.459835,29855943.000000
2014-10-24,102.516679,102.896145,102.308772,102.767433,96.488247,30223951.000000
2014-10-27,103.178392,103.305862,102.848485,103.034874,96.739347,34397018.000000
2014-10-28,103.353418,106.161598,102.050170,105.260824,98.829290,57051683.000000
2014-10-29,106.065307,107.209127,105.646689,106.903700,100.371784,33671864.000000
2014-10-30,107.295241,108.497443,106.415302,108.144639,101.536901,77098097.000000
2014-10-31,107.931928,108.338331,106.631182,107.166360,100.618395,28714016.000000
2014-11-03,107.292843,108.722943,106.705999,107.992181,101.393757,27089753.000000
2014-11-04,108.228424,109.678914,107.879817,109.046765,102.383906,42551364.000000
2014-11-05,109.244447,111.539742,108.677875,110.524570,103.771416,25458564.000000
2014-11-06,111.201220,111.920167,110.537949,111.395556,104.589184,18158532.000000
2014-11-07,111.397801,111.852996,109.464499,110.136631,103.407180,25284691.000000
2014-11-10,110.135809,110.364117,109.846503,110.240073,103.504302,24405885.000000
2014-11-11,110.221953,111.594978,110.003067,111.201228,104.406729,14830233.000000
2014-11-12,110.583069,111.561272,109.039440,109.620189,102.922293,24691550.000000
2014-11-13,109.918447,110.289623,109.463102,109.946684,103.228839,23318758.000000
2014-11-14,110.186572,110.905710,109.792576,110.593419,103.836058,24316864.000000
2014-11-17,110.774632,111.958132,110.443859,111.362456,104.558106,19191898.000000
2014-11-18,111.060119,111.353271,110.239774,110.824958,104.053449,31348450.000000
2014-11-19,111.054220,112.412326,110.823991,111.702696,104.877557,30886968.000000
2014-11-20,111.845466,112.403563,109.875052,110.654479,103.893387,30697565.000000
2014-11-21,111.016729,112.144814,110.299523,111.504794,104.691747,23823531.000000
2014-11-24,111.336487,112.196613,111.025219,111.732886,104.905903,33634275.000000
2014-11-25,112.241148,112.516482,111.381257,111.536483,104.721499,22117037.000000
2014-11-26,111.375075,111.809025,110.952756,111.649936,104.828021,45694520.000000
2014-11-27,111.337106,111.600256,110.742330,111.197290,104.403032,21231423.000000
2014-11-28,111.575681,112.188932,111.403757,111.688549,104.864274,39944429.000000
2014-12-01,111.630207,111.996354,111.454510,111.818206,104.986010,25825235.000000
2014-12-02,111.930197,112.456444,111.007784,111.487589,104.675593,33950479.000000
2014-12-03,111.561247,112.785099,111.077280,112.356403,105.491322,32019455.000000
2014-12-04,111.885768,112.170772,110.618675,110.908718,104.132092,35911110.000000
2014-12-05,110.476461,111.326353,109.310238,109.577622,102.882327,33847885.000000
2014-12-08,109.029120,109.728889,108.066605,108.518908,101.888301,43290700.000000
2014-12-09,108.080869,108.484523,107.446649,107.722563,101.140614,24318052.000000
2014-12-10,107.631086,108.825322,106.970510,108.483206,101.854781,19355448.000000
2014-12-11,108.141622,108.681580,107.137620,107.630263,101.053953,21312389.000000
2014-12-12,108.006793,108.910985,107.077874,108.628328,101.991036,29307313.000000
2014-12-15,108.383128,108.597056,106.908255,107.419792,100.856342,44289002.000000
2014-12-16,107.941176,110.007793,107.616706,109.259226,102.583385,35464522.000000
2014-12-17,109.319372,109.623359,108.924817,109.232265,102.558072,13590884.000000
2014-12-18,109.304874,109.540481,108.871503,109.110951,102.444170,31569543.000000
2014-12-19,109.583234,110.269466,108.891115,109.901807,103.341717,45993835.000000
2014-12-22,109.663945,110.108706,108.384466,109.005622,102.499025,40942381.000000
2014-12-23,108.869518,109.805693,108.527981,109.489632,102.954145,19920209.000000
2014-12-24,109.367471,109.999942,108.493870,109.124303,102.610622,26906878.000000
2014-12-25,109.353536,112.221931,109.044830,110.977157,104.352878,79277634.000000
2014-12-26,110.631554,110.892154,110.342440,110.636791,104.032829,27113753.000000
2014-12-29,110.704257,111.136098,109.620928,110.046753,103.478011,17199545.000000
2014-12-30,110.547794,110.805543,110.180247,110.371779,103.783636,48647039.000000
2014-12-31,109.579327,109.968366,107.802992,108.710904,102.221899,44414343.000000
2015-01-01,108.874905,109.406317,108.511564,109.245448,102.724536,25442740.000000
2015-01-02,108.852622,110.395387,108.685086,109.800438,103.246398,48568513.000000
2015-01-05,109.773642,110.144488,108.920378,109.300579,102.776376,30613051.000000
2015-01-06,109.165975,109.986449,108.828513,109.843480,103.286871,30459110.000000
2015-01-07,109.574927,109.987597,107.299653,107.910566,101.469334,20194908.000000
2015-01-08,107.274987,107.561050,106.555913,106.939939,100.556644,34076054.000000
2015-01-09,106.888207,107.112432,106.711271,106.856071,100.477782,21984406.000000
2015-01-12,106.852484,107.460447,106.546461,107.228792,100.828255,21275733.000000
2015-01-13,107.568860,108.611223,106.892751,107.964240,101.519804,46997851.000000
2015-01-14,108.178754,109.553358,108.028483,108.946292,102.443236,29232042.000000
2015-01-15,108.330895,108.870179,106.320636,106.877528,100.497958,28671071.000000
2015-01-16,107.034466,108.417091,106.640381,107.757784,101.325671,19137982.000000
2015-01-19,107.836311,108.236289,107.222081,107.368897,100.959997,35554248.000000
2015-01-20,106.900185,107.394112,106.538800,107.128774,100.734208,20772622.000000
2015-01-21,107.435120,109.009136,106.873302,108.468804,101.994250,35494279.000000
2015-01-22,107.829681,108.502480,106.353039,106.629439,100.264678,21517923.000000
2015-01-23,106.938705,107.787663,106.785850,107.377792,100.968361,30156291.000000
2015-01-26,107.282615,107.574331,105.575041,106.337906,99.990546,27350520.000000
2015-01-27,106.281748,106.384194,106.036158,106.129771,99.794835,29624738.000000
2015-01-28,106.221793,106.888746,105.837084,106.607979,100.244499,30928864.000000
2015-01-29,106.593394,107.764302,105.917653,107.373506,100.964331,31040564.000000
2015-01-30,106.953740,107.569041,105.494618,105.865005,99.545873,39502603.000000
2015-02-02,105.459058,107.351290,104.967507,106.723258,100.352896,23128021.000000
2015-02-03,107.286724,108.180223,106.875231,107.680578,101.253074,21672660.000000
2015-02-04,107.490153,108.034726,107.368118,107.789163,101.355177,21948943.000000
2015-02-05,107.354622,107.597527,105.500456,106.385961,100.035733,13609260.000000
2015-02-06,106.875966,107.859442,106.238537,107.403845,100.992859,27767914.000000
2015-02-09,107.722831,109.150176,107.098954,108.491044,102.015163,28260331.000000
2015-02-10,108.749955,110.578561,108.404877,110.278525,103.695948,26722284.000000
2015-02-11,110.275312,111.393671,109.799349,111.046888,104.418447,29493583.000000
2015-02-12,110.736650,110.988244,109.126591,109.732100,103.182140,44999312.000000
2015-02-13,109.528251,110.211459,107.405600,107.870289,101.431460,46511015.000000
2015-02-16,107.875720,108.606187,107.735517,108.207907,101.748926,30073244.000000
2015-02-17,108.636860,110.244375,108.232570,109.858726,103.301207,30522384.000000
2015-02-18,109.860482,110.263217,109.329016,109.607729,103.065192,12510963.000000
2015-02-19,109.748632,110.316158,109.655537,109.940967,103.378539,16047404.000000
2015-02-20,109.967753,110.443070,109.594161,110.019928,103.452787,20343573.000000
2015-02-23,109.709788,109.957495,108.144913,108.877768,102.378803,27201675.000000
2015-02-24,108.912108,109.055725,108.355005,108.705649,102.216958,33189878.000000
2015-02-25,109.094575,109.178181,108.638888,108.781356,102.288145,25238717.000000
2015-02-26,109.114859,110.816448,108.152491,110.268516,103.686536,33421781.000000
2015-02-27,109.895963,110.422161,106.994913,108.253142,101.791461,34408288.000000
2015-03-02,107.940414,108.142042,106.744273,107.221022,100.820949,18892633.000000
2015-03-03,107.822153,110.493364,106.635426,109.187167,102.669733,51121997.000000
2015-03-04,108.879226,109.174320,107.207671,107.970217,101.525424,22931077.000000
2015-03-05,108.254572,108.967745,107.880388,108.632977,102.148623,28783947.000000
2015-03-06,108.239345,108.514043,105.714030,106.803383,100.428239,43900032.000000
2015-03-09,106.774613,107.124232,106.423851,106.525803,100.167228,45965113.000000
2015-03-10,106.884026,107.708057,106.316167,107.553535,101.133614,33288315.000000
2015-03-11,107.333954,107.835279,107.131328,107.297500,100.892861,27874059.000000
2015-03-12,107.245488,107.971925,106.097302,106.357301,100.008783,44250999.000000
2015-03-13,106.389151,106.724914,105.911142,106.110718,99.776920,22114190.000000
2015-03-16,106.595649,107.150851,106.179423,106.665601,100.298681,28270581.000000
2015-03-17,106.698531,108.221788,106.359933,107.783001,101.349383,19852020.000000
2015-03-18,107.438162,107.828036,106.182730,106.794300,100.570554,26384439.000000
2015-03-19,106.672109,106.798734,105.769566,106.253821,100.061573,18858062.000000
2015-03-20,105.675555,106.571083,103.075622,104.252309,98.176705,42099085.000000
2015-03-23,103.826019,104.718110,100.761506,102.081784,96.132673,64335957.000000
2015-03-24,101.932126,102.310037,100.835735,101.203474,95.305549,33733021.000000
2015-03-25,101.354020,101.619045,101.053470,101.466122,95.552891,19426951.000000
2015-03-26,101.626987,102.994799,101.049301,102.464035,96.492648,23414864.000000
2015-03-27,103.386810,105.463553,102.788968,104.347797,98.266628,76053980.000000
2015-03-30,104.431265,104.512519,104.191296,104.319290,98.239782,34195332.000000
2015-03-31,104.447091,106.288036,103.814226,105.695360,99.535658,42657140.000000
2015-04-01,106.132196,109.682610,105.356166,108.599343,102.270403,31559189.000000
2015-04-02,108.811372,110.479720,108.190584,109.748939,103.353003,25301433.000000
2015-04-03,109.911859,111.070696,109.466286,110.613770,104.167433,20482541.000000
2015-04-06,110.574093,112.364009,110.280310,111.714817,105.204313,15783479.000000
2015-04-07,111.692324,112.205449,110.689255,111.210126,104.729035,39021696.000000
2015-04-08,112.075540,114.783308,110.529577,113.994717,107.351346,49750254.000000
2015-04-09,113.687671,114.858704,113.256090,114.287204,107.626787,26550889.000000
2015-04-10,113.665584,114.513450,112.010537,112.836812,106.260921,27462108.000000
2015-04-13,113.011826,113.647302,112.783596,113.174215,106.578661,41107887.000000
2015-04-14,112.609624,112.910518,110.681411,111.660451,105.153115,21967861.000000
2015-04-15,111.352862,112.028422,109.956441,110.284405,103.857263,32138562.000000
2015-04-16,110.287867,110.453170,108.815454,109.428548,103.051283,31376873.000000
2015-04-17,109.692840,110.116392,109.392731,109.682061,103.290022,25726266.000000
2015-04-20,109.003265,109.458825,107.761431,108.643816,102.312284,38608286.000000
2015-04-21,108.691395,108.967830,108.347834,108.554707,102.228368,28474987.000000
2015-04-22,109.028467,110.048242,108.532625,109.723568,103.329110,24172273.000000
2015-04-23,109.075116,109.425026,106.458639,107.231747,100.982507,34964901.000000
2015-04-24,106.966777,107.204943,106.349309,106.719467,100.500082,24625920.000000
2015-04-27,106.715347,106.994866,106.468533,106.801293,100.577140,26933698.000000
2015-04-28,106.899725,107.033775,106.386388,106.789250,100.565798,21113739.000000
2015-04-29,106.798898,107.117918,105.752615,106.064104,99.882912,20529804.000000
2015-04-30,106.254981,106.763211,104.756420,105.277867,99.142495,29257387.000000
2015-05-01,105.775551,105.987297,105.419763,105.499364,99.351084,42767774.000000
2015-05-04,106.049041,106.303813,105.889184,106.093168,99.910283,20181864.000000
2015-05-05,106.289618,106.504092,105.551554,105.777501,99.613012,22548705.000000
2015-05-06,106.827075,110.708650,105.978084,109.158164,102.796657,40672317.000000
2015-05-07,108.917897,109.043002,108.413915,108.576065,102.248481,14986935.000000
2015-05-08,108.860012,110.434884,108.624076,109.909097,103.503827,26049379.000000
2015-05-11,110.217419,110.602314,109.261324,109.676585,103.284866,31582581.000000
2015-05-12,109.887282,110.622168,109.496568,110.175151,103.754376,25682018.000000
2015-05-13,109.930742,110.584321,107.220159,108.344057,102.029994,30167597.000000
2015-05-14,108.069183,108.409854,107.793105,108.235849,101.928092,23400834.000000
2015-05-15,107.882370,108.686919,106.648263,106.971615,100.737535,28389040.000000
2015-05-18,107.107050,107.384884,106.962351,107.069663,100.829869,34628250.000000
2015-05-19,107.795568,109.702422,106.691385,108.903880,102.557192,42533020.000000
2015-05-20,108.802601,110.247501,108.406775,109.935985,103.529148,46251755.000000
2015-05-21,108.950046,109.770657,106.260245,107.495015,101.230433,53487354.000000
2015-05-22,107.684556,108.230482,107.516772,108.086669,101.787607,32981342.000000
2015-05-25,108.681058,109.388866,108.490801,108.846978,102.503606,28491025.000000
2015-05-26,109.489788,112.548254,108.220313,111.225111,104.743147,33302374.000000
2015-05-27,111.880577,113.164301,111.661719,112.291233,105.747137,33775463.000000
2015-05-28,112.475119,112.860493,112.371698,112.507860,105.951139,24032298.000000
2015-05-29,112.159944,112.817866,111.029375,111.362990,104.872990,33931541.000000
2015-06-01,112.048751,115.078075,111.005361,113.897240,107.259550,51971510.000000
2015-06-02,114.187073,114.676988,113.413344,113.555653,106.937870,25906996.000000
2015-06-03,112.887095,114.254119,110.644237,111.218626,104.737039,32516844.000000
2015-06-04,111.301851,111.552141,109.535478,110.372093,103.939840,26817220.000000
2015-06-05,110.193337,110.512902,109.907551,110.402651,103.968618,19417560.000000
2015-06-08,110.279517,110.476514,109.393755,109.935720,103.528899,20242113.000000
2015-06-09,109.711273,110.138440,109.059346,109.301733,102.931859,23031015.000000
2015-06-10,109.313509,110.518498,108.913089,109.929506,103.523047,26624866.000000
2015-06-11,109.603088,110.201014,107.055446,107.811047,101.528047,42825546.000000
2015-06-12,108.541978,110.589985,107.383460,109.971912,103.562981,50349704.000000
2015-06-15,110.100775,111.468734,109.458709,110.841098,104.538321,40737332.000000
2015-06-16,110.571639,111.602919,107.870010,108.792727,102.606426,37777107.000000
2015-06-17,109.369248,110.254520,109.087850,109.563475,103.333347,25076333.000000
2015-06-18,109.886340,111.924937,109.542919,110.964960,104.655139,50819583.000000
2015-06-19,110.773422,111.153753,110.588739,111.059111,104.743936,19601056.000000
2015-06-22,111.000862,111.261190,110.822480,111.029793,104.716286,16940778.000000
2015-06-23,110.869917,111.609192,110.690972,111.245510,104.919736,18514291.000000
2015-06-24,111.043102,111.422450,109.111554,109.435351,103.212508,52385235.000000
2015-06-25,109.617109,110.912086,108.943666,110.730724,104.434223,35926423.000000
2015-06-26,111.454554,115.565027,110.815868,113.702009,107.236551,60901005.000000
2015-06-29,113.809265,114.641314,113.482257,114.428757,107.921974,17604006.000000
2015-06-30,114.738841,115.329308,114.537742,114.855093,108.324067,31009752.000000
2015-07-01,114.320575,115.690603,111.993197,112.786337,106.372947,44761755.000000
2015-07-02,112.997739,113.270078,112.683048,112.942515,106.520244,21163571.000000
2015-07-03,113.390237,115.571476,112.890952,114.744115,108.219400,46831532.000000
2015-07-06,114.236944,115.641300,110.967133,112.344685,105.956409,56033351.000000
2015-07-07,112.641874,114.231002,112.092645,113.335126,106.890530,22373413.000000
2015-07-08,113.013931,113.232519,112.488747,112.678314,106.271066,38124648.000000
2015-07-09,113.556837,118.635532,112.631000,116.725072,110.087713,75519210.000000
2015-07-10,117.423725,120.187221,116.288655,119.279161,112.496569,40621317.000000
2015-07-13,118.996687,119.586612,118.493932,118.756480,112.003609,22871635.000000
2015-07-14,118.151804,118.676694,117.241697,117.865755,111.163533,16944654.000000
2015-07-15,118.528181,119.340054,117.762502,118.976646,112.211256,39798907.000000
2015-07-16,119.257008,119.778378,118.961825,119.350952,112.564277,31362072.000000
2015-07-17,119.832498,120.223361,119.631562,119.893405,113.075884,32696327.000000
2015-07-20,120.031171,120.456947,119.013771,119.311663,112.527222,34346023.000000
2015-07-21,119.377656,120.539470,119.099930,119.987054,113.164208,19995505.000000
2015-07-22,120.083593,120.274857,119.647046,119.926418,113.107020,16822630.000000
2015-07-23,119.773618,120.012879,119.561587,119.744825,112.935754,25752251.000000
2015-07-24,119.992340,121.935115,119.189398,121.608613,114.693561,25008157.000000
2015-07-27,120.729779,121.672103,119.460848,120.404723,113.558127,31996628.000000
2015-07-28,120.776431,122.766770,119.573210,122.273425,115.320569,33644561.000000
2015-07-29,122.037699,122.520095,120.701930,121.435359,114.530158,15252464.000000
2015-07-30,121.122079,121.674906,120.940889,121.362137,114.461100,32069818.000000
2015-07-31,121.399456,122.401410,120.912609,122.125164,115.180739,32520119.000000
2015-08-03,122.123432,123.537040,121.328041,123.308767,116.297038,41735776.000000
2015-08-04,122.859177,123.228339,122.293108,122.436723,115.474581,27355480.000000
2015-08-05,122.583791,124.508607,121.769156,124.064832,117.010111,22316467.000000
2015-08-06,124.440942,125.955917,123.793470,125.170550,118.052955,21498578.000000
2015-08-07,125.808469,127.215219,124.956226,126.574318,119.376899,18912036.000000
2015-08-10,125.999698,126.384889,125.575441,125.831991,118.676783,31300018.000000
2015-08-11,126.542867,127.091407,126.363339,126.804506,119.593999,50022265.000000
2015-08-12,127.774412,131.346631,126.795030,130.026034,122.632340,37140023.000000
2015-08-13,130.482926,131.735094,129.892535,131.021446,123.571150,36998617.000000
2015-08-14,130.400348,130.821394,127.691504,128.828129,121.502552,25980971.000000
2015-08-17,128.448838,128.669318,127.627800,127.860550,120.589992,18759924.000000
2015-08-18,126.705640,127.202193,125.023931,125.970870,118.807765,26430572.000000
2015-08-19,125.523726,125.938122,124.825891,125.247769,118.125783,20767665.000000
2015-08-20,125.097526,126.043328,122.953690,123.820537,116.779708,25004229.000000
2015-08-21,123.572900,124.612510,122.957370,124.360593,117.289054,51265062.000000
2015-08-24,123.786803,124.023402,121.946234,122.577039,115.606919,17516711.000000
2015-08-25,122.167100,122.892466,119.344561,120.376590,113.531594,33189349.000000
2015-08-26,120.878561,122.858264,120.132673,122.058791,115.118139,34825906.000000
2015-08-27,121.826883,122.311349,120.921412,121.462015,114.555298,22343073.000000
2015-08-28,121.357372,121.893553,120.796122,121.064519,114.180405,18043203.000000
2015-08-31,121.207347,121.716389,120.761208,121.451717,114.545586,30814053.000000
2015-09-01,121.155484,122.141159,121.045033,121.924003,114.991016,34854925.000000
2015-09-02,122.182197,124.144721,121.434303,123.434608,116.415723,30566478.000000
2015-09-03,123.338107,123.618772,122.616487,122.874917,115.887858,22386489.000000
2015-09-04,122.274250,122.808367,121.096732,121.433614,114.528512,25663365.000000
2015-09-07,121.516506,122.114409,121.148699,121.964207,115.028934,21607744.000000
2015-09-08,120.385774,121.630119,115.176498,116.419751,109.799753,52267559.000000
2015-09-09,117.034622,118.681051,116.272074,117.920991,111.215628,30465736.000000
2015-09-10,117.321715,118.945800,114.145437,115.026061,108.648285,34423447.000000
2015-09-11,115.753172,119.142624,114.560168,117.501050,110.986045,56830426.000000
2015-09-14,117.878583,119.036702,117.275839,118.569993,111.995719,30226275.000000
2015-09-15,117.863965,118.012099,117.444000,117.726613,111.199102,23044845.000000
2015-09-16,117.908117,118.570588,117.537649,118.389613,111.825341,33073473.000000
2015-09-17,117.805467,118.238687,116.988292,117.496897,110.982123,30996649.000000
2015-09-18,116.642461,118.211890,113.984846,114.947111,108.573713,19806768.000000
2015-09-21,115.147102,115.571129,115.041032,115.256439,108.865890,20399676.000000
2015-09-22,115.544586,115.728383,114.962636,115.119326,108.736380,19621014.000000
2015-09-23,115.692468,117.142308,114.804417,116.322229,109.872585,39770273.000000
2015-09-24,116.238411,117.694747,115.703771,117.400531,110.891099,21270209.000000
2015-09-25,117.073505,117.645129,116.645461,116.983983,110.497648,16085806.000000
2015-09-28,116.027749,116.958339,115.814755,116.279223,109.831964,28766030.000000
2015-09-29,116.383422,116.704686,116.078674,116.197681,109.754944,19974237.000000
2015-09-30,116.075529,117.200517,115.874255,116.806880,110.330365,28237358.000000
2015-10-01,116.562999,117.374833,114.461351,114.803426,108.437995,25566137.000000
2015-10-02,114.941235,115.444059,114.806186,115.129351,108.745848,18540040.000000
2015-10-05,115.281200,115.501313,115.014967,115.364919,108.968355,24708166.000000
2015-10-06,114.651351,115.089664,112.687145,113.057490,106.788865,38170049.000000
2015-10-07,113.109206,113.414368,112.126745,112.536745,106.296993,43196885.000000
2015-10-08,113.334727,114.884589,112.819692,114.120444,107.792882,58645985.000000
2015-10-09,113.707064,114.447460,113.389228,114.006359,107.685122,30158503.000000
2015-10-12,114.392034,116.206332,113.724430,115.409281,109.010258,54916624.000000
2015-10-13,115.134269,115.345394,114.443917,114.809628,108.443853,23471568.000000
2015-10-14,114.265151,114.705485,112.581261,113.058221,106.789555,30023733.000000
2015-10-15,113.067569,113.341386,112.847931,113.156387,106.882278,22044920.000000
2015-10-16,113.143926,113.768969,112.874494,113.399078,107.111513,17916154.000000
2015-10-19,113.850749,115.670178,113.100436,114.815421,108.449324,33884090.000000
2015-10-20,115.087519,115.495464,114.782051,115.270093,108.878787,28989586.000000
2015-10-21,116.063173,117.223905,115.423332,116.898985,110.417362,57417826.000000
2015-10-22,116.995386,117.823379,116.492577,117.651825,111.128461,30481605.000000
2015-10-23,117.762480,118.362073,117.405725,118.020080,111.476297,26209196.000000
2015-10-26,117.795093,118.491167,116.884865,117.232307,110.732204,19853267.000000
2015-10-27,117.050818,117.416598,116.817364,116.939405,110.455541,19135783.000000
2015-10-28,116.737041,117.153720,116.486164,116.967618,110.482191,25870769.000000
2015-10-29,115.957973,117.270075,112.526403,113.201304,106.924705,58209855.000000
2015-10-30,113.036951,113.742986,112.826713,113.366835,107.081058,28914815.000000
2015-11-02,113.401274,113.968111,111.017283,111.466155,105.285764,31591230.000000
2015-11-03,111.292131,112.202236,108.950379,109.872790,103.780745,39645512.000000
2015-11-04,109.376625,109.602539,107.725909,108.501161,102.485167,32092694.000000
2015-11-05,107.682476,108.572247,104.707881,105.191132,99.358668,51652105.000000
2015-11-06,104.757058,105.919320,102.677940,103.296075,97.568684,37464386.000000
2015-11-09,102.834282,103.066257,102.416435,102.823852,97.122645,44719560.000000
2015-11-10,102.754224,103.274380,101.687682,102.037908,96.380278,34228680.000000
2015-11-11,101.591589,101.830182,100.279318,101.234225,95.621157,56043050.000000
2015-11-12,101.239158,101.796945,100.887453,101.611693,95.977695,24487000.000000
2015-11-13,100.989727,101.418853,98.793377,99.924856,94.384387,31579732.000000
2015-11-16,99.578889,99.795193,98.828949,99.091818,93.597539,31799291.000000
2015-11-17,98.933429,99.148117,98.685922,98.785244,93.307963,16624705.000000
2015-11-18,98.340476,99.068928,96.650930,97.176660,91.788568,40142498.000000
2015-11-19,96.269625,96.704218,94.909432,95.245788,89.964757,24820048.000000
2015-11-20,94.969017,95.338223,94.336024,94.559758,89.316764,36527881.000000
2015-11-23,94.675305,95.990686,94.351556,95.475982,90.182187,59364172.000000
2015-11-24,95.106057,95.270343,94.894413,95.157021,89.880912,13754287.000000
2015-11-25,95.210224,96.097739,94.945564,95.818375,90.505596,24525729.000000
2015-11-26,95.812787,96.088785,95.529856,95.870566,90.554893,13699845.000000
2015-11-27,95.693731,96.532743,95.535785,96.208153,90.873761,33283236.000000
2015-11-30,96.052961,96.436153,95.780577,96.255400,90.918389,17539977.000000
2015-12-01,96.328861,97.561179,95.751927,96.931798,91.557284,25350753.000000
2015-12-02,96.903105,97.234071,96.511153,96.777846,91.411867,25848807.000000
2015-12-03,96.656009,96.990284,96.416042,96.521786,91.170005,43870965.000000
2015-12-04,96.213067,96.482579,96.075953,96.212915,90.878260,14567080.000000
2015-12-07,95.634412,96.179860,93.683629,94.224406,89.000006,55080951.000000
2015-12-08,94.001228,94.261135,92.441340,93.101494,88.071463,30285757.000000
2015-12-09,93.421367,94.971435,93.133993,94.205857,89.116160,27212847.000000
2015-12-10,94.202533,94.457024,93.806466,93.979829,88.902344,27600806.000000
2015-12-11,94.552261,96.122531,93.644107,95.436349,90.280172,26186692.000000
2015-12-14,94.853234,95.307048,92.307063,93.461623,88.412135,52958071.000000
2015-12-15,93.484194,94.182648,93.137977,93.872836,88.801131,20739999.000000
2015-12-16,93.630561,93.747902,93.104839,93.477156,88.426829,28289459.000000
2015-12-17,93.393184,93.495787,93.190512,93.396334,88.350373,14443870.000000
2015-12-18,93.337209,94.620594,92.876341,94.287984,89.193850,64050105.000000
2015-12-21,93.506845,94.822947,90.909411,91.459472,86.518155,97895248.000000
2015-12-22,91.952661,92.955988,91.613677,92.338065,87.349280,39548154.000000
2015-12-23,92.749523,93.613446,92.506819,93.419002,88.371817,32201956.000000
2015-12-24,93.536924,93.960893,92.458753,92.809281,87.795038,26522973.000000
2015-12-25,93.143136,93.611872,92.562684,93.320419,88.278560,45205575.000000
2015-12-28,93.070144,93.646695,92.101081,92.486302,87.489508,34984520.000000
2015-12-29,91.770158,92.537431,90.529874,91.078899,86.158144,40576817.000000
2015-12-30,91.264126,92.989677,90.845035,92.375179,87.384389,36162126.000000
2015-12-31,92.619271,92.708467,92.356349,92.638103,87.633108,31070653.000000
2016-01-01,92.326068,92.991020,92.084183,92.762654,87.750929,39822866.000000
2016-01-04,92.668370,93.127943,91.760954,92.039108,87.066475,37093627.000000
2016-01-05,92.205956,93.245232,91.534014,92.652997,87.647198,26943440.000000
2016-01-06,93.275544,94.672587,92.648495,93.967376,88.890564,41384505.000000
2016-01-07,94.059490,94.137668,93.883502,94.013877,88.934553,25035421.000000
2016-01-08,94.001412,95.207200,93.773648,94.772387,89.652082,35536460.000000
2016-01-11,94.200099,94.813120,93.332994,93.883648,88.811359,27343256.000000
2016-01-12,93.834526,95.248852,93.544995,94.895983,89.769000,20232177.000000
2016-01-13,95.155752,95.547236,94.710057,95.387979,90.234415,34353217.000000
2016-01-14,95.532628,95.827872,94.979675,95.156501,90.015443,18289078.000000
2016-01-15,94.784796,94.996905,94.681713,94.803117,89.681151,17458052.000000
2016-01-18,94.664990,94.818812,94.306668,94.411328,89.310530,31263130.000000
2016-01-19,94.646838,95.265925,94.419501,95.045151,89.910110,20507081.000000
2016-01-20,95.261273,96.327061,95.003109,95.980647,90.795062,29398943.000000
2016-01-21,96.031471,97.008468,95.502156,96.836982,91.605133,46337156.000000
2016-01-22,96.834049,97.981243,96.501496,97.714677,92.435408,22776029.000000
2016-01-25,97.719421,98.198925,97.495806,98.046813,92.749599,32400723.000000
2016-01-26,98.240684,98.419172,97.696342,97.913345,92.623343,24727472.000000
2016-01-27,98.053709,99.271869,97.390712,98.941638,93.596080,46084127.000000
2016-01-28,98.945610,99.382279,98.778111,99.182101,93.823551,38267795.000000
2016-01-29,99.122390,99.663425,98.499403,98.667741,93.336980,20341299.000000
2016-02-01,98.667299,99.746857,98.179488,99.452219,94.079075,25325028.000000
2016-02-02,99.649349,99.848675,99.310696,99.491733,94.116454,27084432.000000
2016-02-03,99.582999,100.639491,98.997069,100.277096,94.859386,23730266.000000
2016-02-04,100.244875,100.538713,99.577980,99.810082,94.417604,31193862.000000
2016-02-05,99.686249,100.036821,98.894275,99.393229,94.023272,22771185.000000
2016-02-08,99.128576,99.432817,98.794946,99.076178,93.723350,26127023.000000
2016-02-09,99.191831,100.162503,98.756614,99.883209,94.486779,40078893.000000
2016-02-10,99.926392,100.247364,99.743702,100.020735,94.616875,42713485.000000
2016-02-11,100.064967,100.399980,99.910385,100.221237,94.806545,14377948.000000
2016-02-12,100.319238,101.103170,99.839854,100.962639,95.507890,26369521.000000
2016-02-15,101.492032,101.885565,101.033085,101.328633,95.854112,26223470.000000
2016-02-16,101.067412,101.357921,99.833603,100.373290,94.950383,26256313.000000
2016-02-17,100.591647,101.483508,99.979642,101.153517,95.688457,26982047.000000
2016-02-18,101.272855,101.362903,100.459378,100.719860,95.278228,17789096.000000
2016-02-19,100.427823,101.157056,100.182467,100.885225,95.434659,17836378.000000
2016-02-22,100.622857,101.034982,100.067529,100.471806,95.043576,17457117.000000
2016-02-23,100.528552,100.783386,99.222515,99.728629,94.340551,28308396.000000
2016-02-24,99.244474,99.585365,98.469733,98.991447,93.643198,28561780.000000
2016-02-25,99.273474,100.747828,98.869885,100.177561,94.765229,50060839.000000
2016-02-26,100.367173,100.879267,100.198040,100.542313,95.110274,19607826.000000
2016-02-29,100.969127,101.941554,100.506036,101.333209,95.858440,47380437.000000
2016-03-01,101.701697,103.083661,101.094723,102.540943,97.000923,41781413.000000
2016-03-02,101.769509,102.141215,100.698592,100.976779,95.521267,29861280.000000
2016-03-03,101.057601,101.268559,100.788378,101.149554,95.684707,26703565.000000
2016-03-04,100.777474,101.106991,100.572394,100.795532,95.493052,45853082.000000
2016-03-07,100.376606,100.937561,100.260445,100.627375,95.333741,15046641.000000
2016-03-08,100.543798,101.369837,100.073253,101.174896,95.852459,34273275.000000
2016-03-09,101.321072,102.509801,101.053185,102.245313,96.866565,31434712.000000
2016-03-10,102.664740,102.803277,102.130249,102.369444,96.984166,30091492.000000
2016-03-11,102.169585,102.402457,101.193775,101.589221,96.244988,29420592.000000
2016-03-14,101.387542,101.520494,101.008619,101.295237,95.966470,32712540.000000
2016-03-15,101.646552,101.746077,101.419158,101.653328,96.305722,46595112.000000
2016-03-16,101.886616,103.366658,101.097881,102.581721,97.185276,32751852.000000
2016-03-17,102.444225,102.641489,102.141352,102.366985,96.981836,34464205.000000
2016-03-18,101.963890,102.670694,99.703463,100.706924,95.409105,51624067.000000
2016-03-21,100.430555,101.476406,100.255132,101.341830,96.010611,47713557.000000
2016-03-22,101.216029,101.458954,99.714014,100.430968,95.147666,32143513.000000
2016-03-23,100.643990,100.933265,100.401132,100.668515,95.372717,18305249.000000
2016-03-24,100.498303,101.647098,100.326367,101.258961,95.932101,28214584.000000
2016-03-25,101.206782,101.349053,100.104131,100.657963,95.362720,18656435.000000
2016-03-28,100.594733,100.826269,99.722812,100.198382,94.927315,34171227.000000
2016-03-29,100.612514,101.708570,100.251204,101.194225,95.870771,34645152.000000
2016-03-30,101.288083,101.739363,100.979235,101.552244,96.209956,36737366.000000
2016-03-31,101.446717,102.585495,101.031909,102.120655,96.748465,26038273.000000
2016-04-01,102.549098,102.953683,102.359474,102.557857,97.162668,31242343.000000
2016-04-04,102.939246,103.287744,102.020661,102.385269,96.999159,23239340.000000
2016-04-05,102.384117,102.555040,101.977113,102.182417,96.806978,22110853.000000
2016-04-06,102.180322,102.841292,102.031611,102.462353,97.072188,30754784.000000
2016-04-07,102.668723,102.980404,102.417076,102.640040,97.240527,28171080.000000
2016-04-08,102.925095,103.359151,102.087767,102.295226,96.913852,24177055.000000
2016-04-11,102.043841,102.481047,100.672590,101.131788,95.811618,46627686.000000
2016-04-12,101.240536,101.599788,100.698235,101.111834,95.792714,17464314.000000
2016-04-13,101.220094,101.453535,100.851481,101.288762,95.960334,17309224.000000
2016-04-14,101.501897,101.929372,101.077789,101.674618,96.325892,19286140.000000
2016-04-15,101.380978,101.747522,100.473454,100.655672,95.360549,23360162.000000
2016-04-18,100.526189,102.323870,99.781085,101.586914,96.242802,33526391.000000
2016-04-19,101.907312,102.158588,101.474339,102.007039,96.640826,16078962.000000
2016-04-20,102.294850,103.210017,101.866391,102.659763,97.259212,27141819.000000
2016-04-21,102.965645,104.243242,102.200596,104.044488,98.571093,74740196.000000
2016-04-22,104.172168,104.251357,103.859535,104.065683,98.591172,35112495.000000
2016-04-25,104.147883,104.450874,103.594675,103.839015,98.376429,25713668.000000
2016-04-26,103.854954,104.476564,103.628244,104.340865,98.851878,23980867.000000
2016-04-27,104.167359,104.590957,103.790545,104.017592,98.545611,30308546.000000
2016-04-28,104.261931,105.167008,103.773409,104.825136,99.310673,41669760.000000
2016-04-29,104.702651,105.205010,103.862845,104.192537,98.711353,25191844.000000
2016-05-02,103.827605,104.334789,103.536169,104.214912,98.732551,20754807.000000
2016-05-03,104.010494,105.130206,103.724923,104.828928,99.314266,34159670.000000
2016-05-04,104.827920,105.130598,104.266380,104.513656,99.015579,34468821.000000
2016-05-05,104.664902,105.963978,104.166540,105.700919,100.140384,30399604.000000
2016-05-06,105.630740,105.929288,105.087516,105.288121,99.749302,19892999.000000
2016-05-09,105.438272,107.219212,105.194856,106.487671,100.885748,20753009.000000
2016-05-10,106.250440,106.438105,106.069762,106.206629,100.619491,32181508.000000
2016-05-11,106.116918,107.224107,105.773644,106.758044,101.141898,30200279.000000
2016-05-12,106.565838,107.409502,106.417394,106.990764,101.362376,45664632.000000
2016-05-13,106.971728,107.601720,106.533663,107.352930,101.705490,25624054.000000
2016-05-16,107.213293,107.419285,106.325509,106.754561,101.138599,35156187.000000
2016-05-17,106.409433,107.009775,105.624140,106.158988,100.574356,32632225.000000
2016-05-18,106.996578,108.944173,106.636222,107.845303,102.171961,36312835.000000
2016-05-19,107.870902,108.894368,107.444626,108.366520,102.665758,25360501.000000
2016-05-20,108.476245,110.920111,107.324886,109.726062,103.953779,31380081.000000
2016-05-23,110.325705,111.225333,109.542665,110.885923,105.052625,45679198.000000
2016-05-24,110.461623,111.129577,110.275500,110.790218,104.961955,25416348.000000
2016-05-25,110.653626,111.503130,110.526642,111.184372,105.335373,33158670.000000
2016-05-26,110.310306,110.733437,108.215160,108.861516,103.134715,32322562.000000
2016-05-27,108.801806,108.969678,108.333403,108.643995,102.928636,22911173.000000
2016-05-30,108.926074,109.305846,108.497942,109.129148,103.388267,23199917.000000
2016-05-31,108.598621,109.105947,107.323701,107.902067,102.225739,29050238.000000
2016-06-01,107.795729,108.540237,105.954202,106.631893,101.174145,22080445.000000
2016-06-02,107.261878,109.058093,106.249537,108.136570,102.601808,40319225.000000
2016-06-03,107.957373,108.584326,106.936524,107.110534,101.628287,41489308.000000
2016-06-06,107.051218,107.386268,106.931188,107.169197,101.683948,15927613.000000
2016-06-07,107.224187,109.206118,106.442960,108.426175,102.876590,27991260.000000
2016-06-08,108.321575,109.486453,107.856152,108.984240,103.406091,22670334.000000
2016-06-09,109.182492,109.411718,108.497963,108.872139,103.299728,39114755.000000
2016-06-10,109.098269,110.230679,108.568424,109.978898,104.349840,40015314.000000
2016-06-13,109.882604,110.463253,108.564318,108.949520,103.373148,31497653.000000
2016-06-14,108.866399,109.390359,107.488256,108.058829,102.528046,39083678.000000
2016-06-15,108.338284,109.613834,107.685412,109.361977,103.764494,34924302.000000
2016-06-16,109.339199,110.545681,108.881546,110.061129,104.427862,24213850.000000
2016-06-17,110.215060,112.043325,109.303321,111.417544,105.714851,25992334.000000
2016-06-20,111.475402,111.827352,111.164363,111.621400,105.908273,30507634.000000
2016-06-21,111.306952,111.784287,111.210379,111.387088,105.685954,23378322.000000
2016-06-22,111.708257,112.466801,111.431679,112.213826,106.470377,18974905.000000
2016-06-23,112.569436,113.021303,111.436696,111.625914,105.912556,40426315.000000
2016-06-24,112.263475,113.421731,111.476460,112.811012,107.036997,55012769.000000
2016-06-27,112.975658,113.744178,112.651904,113.524035,107.713526,27794132.000000
2016-06-28,113.735524,114.744007,113.403898,114.200431,108.355302,27620855.000000
2016-06-29,114.669928,115.503627,114.459832,114.909785,109.028349,27344865.000000
2016-06-30,115.087460,116.649228,114.772214,116.233888,110.284680,19502894.000000
2016-07-01,116.063679,116.874027,114.512478,115.012481,109.125788,31434328.000000
2016-07-04,114.790238,115.045838,113.414904,114.045706,108.208496,45702794.000000
2016-07-05,114.072160,114.767236,113.691345,114.504422,108.643733,22405641.000000
2016-07-06,114.442988,115.035056,113.302429,113.679377,107.860917,25737016.000000
2016-07-07,113.621344,113.882410,113.401771,113.603973,107.789372,23044177.000000
2016-07-08,114.010480,114.323850,113.782949,114.038083,108.201263,59432446.000000
2016-07-11,113.992714,114.934325,113.869619,114.591566,108.726417,29360648.000000
2016-07-12,114.731029,115.257361,113.078825,113.789981,107.965859,33787447.000000
2016-07-13,113.780827,114.439637,113.476056,114.091515,108.251960,23814417.000000
2016-07-14,114.287716,114.591950,113.931964,114.431234,108.574291,22173889.000000
2016-07-15,114.451334,114.652605,114.121188,114.340738,108.488428,30878146.000000
2016-07-18,114.190605,114.708684,112.665260,113.364493,107.562149,13883037.000000
2016-07-19,113.199421,114.033882,112.989957,113.725625,107.904797,27107063.000000
2016-07-20,112.947065,113.648304,112.234159,112.872347,107.095193,35841516.000000
2016-07-21,113.030109,113.160000,112.698245,112.958660,107.177088,22559649.000000
2016-07-22,113.219566,114.417751,112.703430,113.966361,108.133212,20015420.000000
2016-07-25,113.522331,115.097958,109.923772,111.184310,105.493555,40452233.000000
2016-07-26,111.416203,111.980144,111.005154,111.581978,105.870869,27460099.000000
2016-07-27,111.258153,112.105880,108.829771,109.690004,104.075732,41035344.000000
2016-07-28,110.462777,114.284884,109.826841,112.831859,107.056778,43926478.000000
2016-07-29,112.433168,113.218696,109.667681,110.159228,104.520939,41256657.000000
2016-08-01,109.793081,110.427760,108.766809,109.292988,103.699036,24397150.000000
2016-08-02,110.042229,113.843238,108.696375,112.414206,106.660501,39307851.000000
2016-08-03,111.783263,112.386567,109.675208,110.579137,104.919356,27904692.000000
2016-08-04,110.598583,111.699134,109.962890,111.214347,105.522054,28929724.000000
2016-08-05,111.053346,111.781381,110.744824,111.435285,105.731685,23717876.000000
2016-08-08,111.375454,111.605009,110.474041,110.763579,105.094358,24109604.000000
2016-08-09,111.155523,114.600435,110.409842,113.872680,108.044326,46974192.000000
2016-08-10,113.441981,113.785252,112.578528,113.107885,107.318675,23132416.000000
2016-08-11,112.212044,113.940645,109.186595,109.905557,104.280252,73727430.000000
2016-08-12,108.680878,109.881678,104.458406,106.151457,100.718299,79228603.000000
2016-08-15,106.339261,106.827338,106.117396,106.711359,101.249543,24424840.000000
2016-08-16,106.670164,107.834720,106.484921,107.377739,101.881816,37967286.000000
2016-08-17,107.001977,107.320489,106.149785,106.513281,101.061604,38944971.000000
2016-08-18,106.245576,106.591106,105.367030,105.693647,100.283921,32238749.000000
2016-08-19,105.779382,107.555135,105.517733,106.892254,101.421179,63811016.000000
2016-08-22,106.558690,107.063307,106.308742,106.878285,101.407926,18346726.000000
2016-08-23,107.781693,111.309017,106.081400,110.220311,104.578896,23600385.000000
2016-08-24,109.672943,110.283110,109.538098,110.085090,104.450597,35569701.000000
2016-08-25,110.213642,110.669901,109.014094,109.403776,103.804154,32590434.000000
2016-08-26,109.606369,110.066210,109.407455,109.686609,104.072511,17957257.000000
2016-08-29,109.706068,109.941872,108.449205,108.938503,103.517972,18529308.000000
2016-08-30,108.929028,110.362337,108.639124,109.997193,104.523984,44744856.000000
2016-08-31,109.843664,110.331616,107.808482,108.679486,103.271843,31980564.000000
2016-09-01,108.009071,109.063999,106.428591,106.967324,101.644875,41059066.000000
2016-09-02,106.993531,108.010985,106.448414,107.704917,102.345767,25760384.000000
2016-09-05,107.512533,107.727452,106.068748,106.397869,101.103755,29388915.000000
2016-09-06,106.383038,106.625910,105.214755,105.642473,100.385945,26313640.000000
2016-09-07,105.490916,105.798816,105.089515,105.543569,100.291962,17471212.000000
2016-09-08,105.303365,105.794654,105.200624,105.557820,100.305504,28900277.000000
2016-09-09,105.733109,106.045841,105.322446,105.938413,100.667160,19882631.000000
2016-09-12,105.954321,106.211689,105.426652,105.708396,100.448588,25180601.000000
2016-09-13,106.644052,109.825911,105.473389,108.778960,103.366368,34211310.000000
2016-09-14,109.151388,110.424220,108.229877,110.174080,104.692070,42557022.000000
2016-09-15,110.761855,113.267145,109.486695,112.330206,106.740912,31320286.000000
2016-09-16,112.300171,112.807298,112.013457,112.526889,106.927809,36463633.000000
2016-09-19,112.476420,112.839855,112.020490,112.246905,106.661756,19273478.000000
2016-09-20,112.243781,113.359608,111.667934,112.775116,107.163684,34930980.000000
2016-09-21,112.901370,113.250884,112.380638,112.593532,106.991135,67530553.000000
2016-09-22,112.336801,113.085539,111.337676,111.764443,106.203300,39343136.000000
2016-09-23,111.597176,111.778844,111.015984,111.643981,106.088831,46201119.000000
2016-09-26,111.034333,111.844067,106.774477,108.433918,103.038494,45641687.000000
2016-09-27,108.398861,110.338008,108.027989,109.642083,104.186544,45013743.000000
2016-09-28,109.068222,109.856591,106.392805,107.416359,102.071567,49679599.000000
2016-09-29,107.222130,107.503062,106.068650,106.439893,101.143687,32956721.000000
2016-09-30,106.580258,106.951905,106.400736,106.854557,101.537718,19305705.000000
2016-10-03,106.510511,107.006304,105.331543,105.864362,100.596794,38567722.000000
2016-10-04,105.841209,106.125550,105.692782,106.047756,100.771063,29946772.000000
2016-10-05,105.655206,107.408261,105.324959,106.905486,101.586113,28232943.000000
2016-10-06,106.263528,106.575570,103.502365,104.730079,99.518950,30618377.000000
2016-10-07,105.546937,106.596819,104.735303,105.736058,100.474873,25363103.000000
2016-10-10,105.662715,106.282219,104.333279,104.730766,99.519603,28305392.000000
2016-10-11,104.693456,105.031338,104.348616,104.827722,99.611734,33911691.000000
2016-10-12,104.534261,105.698306,104.223946,105.239202,100.002740,18582344.000000
2016-10-13,105.728669,106.194852,105.456189,105.993299,100.719315,27990996.000000
2016-10-14,105.904748,106.399997,105.250110,105.487232,100.238429,26336365.000000
2016-10-17,105.672443,106.583584,105.456034,106.144176,100.862684,31519825.000000
2016-10-18,106.065750,106.434543,105.504851,105.757575,100.495320,21888266.000000
2016-10-19,105.520670,106.389631,103.938094,104.420330,99.224613,35040084.000000
2016-10-20,104.675310,105.517456,104.329218,105.110570,99.880508,29979228.000000
2016-10-21,105.495347,106.496848,105.229685,105.927598,100.656883,16675791.000000
2016-10-24,106.405167,108.200985,105.621838,107.224705,101.889449,36258632.000000
2016-10-25,108.133364,109.454549,107.392685,108.840591,103.424932,51683648.000000
2016-10-26,108.906653,109.911928,108.520583,109.396560,103.953237,17200194.000000
2016-10-27,109.462677,110.255508,107.787911,108.422998,103.028117,25425539.000000
2016-10-28,108.825666,110.207262,108.407400,109.638675,104.183306,66206681.000000
2016-10-31,109.856596,110.301140,109.019943,109.152037,103.720882,39604357.000000
2016-11-01,109.555086,110.534053,109.237827,110.139976,104.659663,33037624.000000
2016-11-02,109.882555,110.943863,109.401216,110.560115,105.058897,19302917.000000
2016-11-03,110.942146,111.071145,110.434160,110.741912,105.231647,33495590.000000
2016-11-04,111.583990,112.745000,111.350360,111.919476,106.350619,23945186.000000
2016-11-07,111.874178,112.771462,111.412824,112.502858,106.904973,27124500.000000
2016-11-08,112.795858,113.166618,112.107364,112.296563,106.708943,24962264.000000
2016-11-09,111.639292,113.377148,108.887832,109.658017,104.201685,31973665.000000
2016-11-10,109.945676,110.402180,109.309506,109.699977,104.241557,35371701.000000
2016-11-11,109.246810,109.703384,107.760732,108.293679,102.905233,37427667.000000
2016-11-14,108.805388,110.779912,107.559598,110.361143,104.869825,39176086.000000
2016-11-15,110.525351,110.653935,110.296772,110.402857,104.909463,15490242.000000
2016-11-16,110.374119,110.956931,108.538256,109.179262,103.746752,45851608.000000
2016-11-17,109.417570,109.746776,108.590853,108.914799,103.495448,29357263.000000
2016-11-18,109.460428,112.620737,108.893826,111.606793,106.053495,48672397.000000
2016-11-21,112.415697,114.213606,111.555444,113.506220,107.858410,36144900.000000
2016-11-22,114.224150,115.317524,113.372508,114.793654,109.081784,29105202.000000
2016-11-23,114.886823,115.788929,114.579495,115.543597,109.794412,25275478.000000
2016-11-24,115.328488,115.759124,114.453647,114.702426,109.158834,24885661.000000
2016-11-25,114.910017,115.223348,114.438919,114.672777,109.130618,24287115.000000
2016-11-28,114.540385,114.926902,114.420040,114.657023,109.115625,24597037.000000
2016-11-29,114.892732,116.147323,114.406266,115.755692,110.161195,32667044.000000
2016-11-30,115.467147,116.498744,115.199404,116.126290,110.513882,48007883.000000
2016-12-01,115.726074,116.817023,115.390617,116.574162,110.940108,24719402.000000
2016-12-02,116.205708,116.502864,115.957872,116.264244,110.645169,25258186.000000
2016-12-05,116.263180,117.553036,115.996905,117.027527,111.371562,15526119.000000
2016-12-06,116.401070,116.932777,114.569591,114.984373,109.427154,39910026.000000
2016-12-07,114.877257,115.255099,113.842453,114.038269,108.526775,39122973.000000
2016-12-08,114.313898,114.533676,113.176393,113.498233,108.012839,33238044.000000
2016-12-09,113.976741,115.346012,113.441397,114.845502,109.294995,29782675.000000
2016-12-12,114.680392,116.719576,114.309558,115.910153,110.308192,32692289.000000
2016-12-13,116.358750,117.196068,115.828600,116.559986,110.926618,22317662.000000
2016-12-14,116.429270,116.695853,116.214466,116.559599,110.926249,21615975.000000
2016-12-15,116.264028,116.701193,115.962095,116.550267,110.917368,23174475.000000
2016-12-16,116.547750,117.888616,116.110224,117.576885,111.894369,28307711.000000
2016-12-19,117.924223,119.193628,117.625977,118.422928,112.699523,26980890.000000
2016-12-20,117.979739,118.260504,117.086513,117.664358,111.977615,15337002.000000
2016-12-21,117.652708,118.055199,116.846104,117.334644,111.663836,29369979.000000
2016-12-22,117.149653,117.644858,116.188566,116.389867,110.764721,23629158.000000
2016-12-23,116.264887,116.755829,115.274469,115.742888,110.149010,46379893.000000
2016-12-26,115.869665,117.428775,115.597796,116.697041,111.057049,27058240.000000
2016-12-27,117.199924,119.380071,115.877341,118.804036,113.062212,42526396.000000
2016-12-28,119.041793,120.177172,118.378357,119.987472,114.188452,29989050.000000
2016-12-29,120.596671,122.800934,119.541991,121.901248,116.009735,31649985.000000
2016-12-30,121.977092,122.269219,121.622022,121.875806,115.985523,33868069.000000
2017-01-02,121.526396,122.075197,120.898110,121.274490,115.413269,35478076.000000
2017-01-03,121.533935,121.752412,120.930514,121.213525,115.355250,21786757.000000
2017-01-04,121.175926,121.421156,120.979694,121.274489,115.413268,16389137.000000
2017-01-05,121.499197,122.463389,120.950578,121.905167,116.013465,15767598.000000
2017-01-06,121.519702,122.341420,119.505321,120.471666,114.649245,27844049.000000
2017-01-09,120.168035,120.530210,119.468354,119.905750,114.110680,19095552.000000
2017-01-10,120.191794,122.940063,119.444917,121.819205,115.931657,29475813.000000
2017-01-11,121.701210,122.968743,121.380585,122.638228,116.711097,24652280.000000
2017-01-12,122.513892,122.894572,120.775802,121.153082,115.297728,32092197.000000
2017-01-13,121.198791,121.771299,120.883963,121.531690,115.658038,36707917.000000
2017-01-16,121.341802,121.691090,119.922673,120.294346,114.480495,31351368.000000
2017-01-17,120.160296,122.754831,119.564195,121.719028,115.836322,26038917.000000
2017-01-18,121.689441,122.980548,120.940943,122.564046,116.640500,26306569.000000
2017-01-19,122.413235,122.725146,121.957115,122.282705,116.372757,16165605.000000
2017-01-20,122.522852,122.998051,122.236750,122.778728,116.844806,19173443.000000
2017-01-23,122.870466,123.717465,121.348483,121.880530,115.990018,25221039.000000
2017-01-24,121.462153,122.893931,121.241388,122.301759,116.390889,41124508.000000
2017-01-25,122.098592,122.702372,120.694277,121.222725,115.364005,34533777.000000
2017-01-26,120.419000,121.857547,117.890549,118.975319,113.225217,62074670.000000
2017-01-27,119.457924,119.797742,118.998523,119.493229,113.718096,30365391.000000
2017-01-30,119.589682,119.784915,119.212027,119.530307,113.753382,25674954.000000
2017-01-31,119.608466,119.974291,117.256443,118.205119,112.492241,50213689.000000
2017-02-01,118.516423,120.822161,117.695862,119.800496,114.010513,25200748.000000
2017-02-02,119.581514,119.944265,118.762850,119.087009,113.331509,42672433.000000
2017-02-03,118.931808,119.382226,117.612877,118.039419,112.334549,46280541.000000
2017-02-06,118.241438,118.983074,118.029072,118.751002,113.011742,22663354.000000
2017-02-07,118.935530,120.018938,118.666977,119.420132,113.648532,21833748.000000
2017-02-08,119.631096,119.823570,119.358760,119.543581,113.766015,21372936.000000
2017-02-09,119.356656,119.983741,119.266443,119.759988,113.971962,25363092.000000
2017-02-10,119.102812,119.976868,117.761369,118.469669,112.744005,38216523.000000
2017-02-13,118.304570,118.680101,117.371195,117.883090,112.185776,21828859.000000
2017-02-14,117.570067,119.621863,116.957163,119.094789,113.338913,24205149.000000
2017-02-15,119.645966,123.546465,118.877830,121.972284,116.077338,79615962.000000
2017-02-16,121.922322,122.394840,121.751412,122.032267,116.134422,46026220.000000
2017-02-17,122.179346,123.673283,121.531375,123.204888,117.250370,26219162.000000
2017-02-20,123.458686,125.419249,122.468814,124.752152,118.722855,56788171.000000
2017-02-21,124.679303,124.856374,124.356694,124.671434,118.824274,18015065.000000
2017-02-22,124.709129,125.563593,124.354063,125.287085,119.411051,29050425.000000
2017-02-23,124.794034,125.127770,124.690267,125.026024,119.162233,33217823.000000
2017-02-24,124.820824,125.800944,122.638725,123.589363,117.792953,30202985.000000
2017-02-27,123.231004,124.507585,120.244369,121.302301,115.613155,34215693.000000
2017-02-28,121.290358,122.117259,120.674091,121.793774,116.081578,22727031.000000
2017-03-01,122.284394,124.362659,121.590648,123.687720,117.886697,33015453.000000
2017-03-02,123.661831,125.881765,122.705828,125.159923,119.289852,33270687.000000
2017-03-03,125.072550,125.561518,124.341219,124.747288,118.896570,54466404.000000
2017-03-06,125.244074,127.979458,124.069612,126.837386,120.888641,44156322.000000
2017-03-07,126.930595,127.632229,126.306612,127.469593,121.491197,19609526.000000
2017-03-08,127.511704,127.830120,126.839148,127.157613,121.193850,30854030.000000
2017-03-09,127.014478,127.250251,125.974722,126.481340,120.549294,30027912.000000
2017-03-10,126.113008,126.341684,125.139141,125.391881,119.510932,39379577.000000
2017-03-13,125.112118,125.708502,124.986197,125.436234,119.553204,17819567.000000
2017-03-14,125.775607,126.894762,124.947067,126.498911,120.566042,27116803.000000
2017-03-15,127.103019,131.566842,125.680519,129.958823,123.863681,54708115.000000
2017-03-16,129.976974,130.313453,129.452629,129.624576,123.545111,24077863.000000
2017-03-17,130.081933,132.341512,128.919843,131.651816,125.477273,34314519.000000
2017-03-20,131.135833,131.549603,128.920836,129.503826,123.430024,37519609.000000
2017-03-21,129.941993,130.485107,129.446930,129.833448,123.744187,18566870.000000
2017-03-22,130.212446,132.210357,129.248725,131.239979,125.084750,24199781.000000
2017-03-23,132.048074,134.920727,130.383369,134.266753,127.969567,33139885.000000
2017-03-24,134.462547,135.062147,134.301005,134.747213,128.427493,47005425.000000
2017-03-27,135.484862,138.335502,133.851158,137.411803,130.967112,44837716.000000
2017-03-28,137.365654,137.519118,136.743084,137.060575,130.632357,37942313.000000
2017-03-29,136.867723,138.254394,136.602159,137.666331,131.209703,28182043.000000
2017-03-30,137.485706,138.115232,135.796221,136.394428,129.997453,26200055.000000
2017-03-31,136.189355,136.602887,135.836018,135.993903,129.615712,27858813.000000
2017-04-03,136.065977,136.227021,135.706629,135.865952,129.493762,31000759.000000
2017-04-04,136.287888,136.802602,135.951931,136.264920,129.874019,27419001.000000
2017-04-05,136.425524,137.680270,135.743501,137.474786,131.027142,27159447.000000
2017-04-06,137.292378,137.991796,136.559110,137.003541,130.577998,22852841.000000
2017-04-07,137.528956,137.910711,136.863413,137.159057,130.726221,30437136.000000
2017-04-10,136.768910,137.349826,134.742800,135.757523,129.390419,34078648.000000
2017-04-11,135.611842,135.905437,135.372952,135.544876,129.187746,17295884.000000
2017-04-12,135.906186,137.295580,135.696839,136.684237,130.273670,30568885.000000
2017-04-13,136.822472,136.973524,136.113495,136.479684,130.078710,30436649.000000
2017-04-14,136.598890,137.646494,136.387819,137.163348,130.730311,18095740.000000
2017-04-17,136.689922,137.853739,133.337763,134.298813,128.000123,52316778.000000
2017-04-18,134.440183,135.072117,133.122467,133.394663,127.138378,35579336.000000
2017-04-19,133.174065,133.439797,132.753196,133.090348,126.848336,21832223.000000
2017-04-20,133.249693,134.903131,132.395797,134.161909,127.869640,25290753.000000
2017-04-21,134.073993,134.462716,133.957884,134.195323,127.901487,19118216.000000
2017-04-24,134.266809,136.009609,133.411765,135.247619,128.904430,36066785.000000
2017-04-25,134.782519,135.125294,133.421394,133.777568,127.503326,30870777.000000
2017-04-26,133.853165,134.527875,133.383927,134.373727,128.071524,17997657.000000
2017-04-27,133.991080,134.809710,132.710847,133.237027,126.988135,24031392.000000
2017-04-28,132.647481,133.330053,132.175228,132.780055,126.552596,17497988.000000
2017-05-01,132.824374,133.548781,132.688700,133.184163,126.937751,20896479.000000
2017-05-02,133.344657,134.955361,132.800781,134.576015,128.264325,36772295.000000
2017-05-03,134.315351,135.182905,133.176931,133.602297,127.336274,18370606.000000
2017-05-04,134.159396,137.000973,133.091543,135.646049,129.284174,31287820.000000
2017-05-05,135.585218,137.262738,134.924559,136.626890,130.219013,36050017.000000
2017-05-08,136.953940,137.281464,136.010509,136.458836,130.058840,25238966.000000
2017-05-09,136.284971,138.314038,135.642116,137.465525,131.018315,18397899.000000
2017-05-10,138.021965,138.514876,136.940535,137.378320,130.935200,25557131.000000
2017-05-11,137.803754,139.671134,137.371213,138.746380,132.239097,26069593.000000
2017-05-12,138.757394,139.005394,137.880273,138.310066,131.823247,30861101.000000
2017-05-15,138.792262,139.738235,138.272649,139.003134,132.483809,22094504.000000
2017-05-16,138.080169,138.951025,136.729760,137.518069,131.068394,18158480.000000
2017-05-17,137.615543,138.535333,137.355899,138.159953,131.680174,30365457.000000
2017-05-18,138.020150,138.543681,136.150065,136.993768,130.568684,18644315.000000
2017-05-19,137.021143,137.562132,136.724801,137.077192,130.844461,39945708.000000
2017-05-22,137.098377,137.964632,136.931448,137.566116,131.311155,11535743.000000
2017-05-23,137.997207,139.169750,137.068067,138.306559,132.017931,46708568.000000
2017-05-24,138.585541,139.176501,138.375180,138.838374,132.525565,22512227.000000
2017-05-25,138.592039,139.837808,138.082500,139.336418,133.000963,23165994.000000
2017-05-26,139.571261,141.703345,138.681215,140.711309,134.313340,18324617.000000
2017-05-29,140.602520,140.824308,140.174726,140.393467,134.009950,31983227.000000
2017-05-30,140.042708,140.248875,139.375617,139.937968,133.575162,20833518.000000
2017-05-31,140.500456,141.373195,139.705496,140.836598,134.432932,30904960.000000
2017-06-01,141.767757,142.696138,141.396264,142.428501,135.952453,18138323.000000
2017-06-02,142.398542,142.674880,142.063915,142.444226,135.967463,17242329.000000
2017-06-05,142.374942,143.072775,140.746795,141.278719,134.854951,27738647.000000
2017-06-06,140.899835,142.120781,138.500305,139.362773,133.026120,37313856.000000
2017-06-07,139.738587,140.031341,139.392006,139.681623,133.330472,23697366.000000
2017-06-08,139.900585,140.392317,139.776154,140.111533,133.740835,30662383.000000
2017-06-09,139.393697,139.920920,138.675922,139.111509,132.786280,41743547.000000
2017-06-12,139.105144,139.257943,138.390602,138.810037,132.498516,37624347.000000
2017-06-13,138.883211,139.189081,138.419714,138.668650,132.363558,30601751.000000
2017-06-14,138.574027,139.031073,138.227075,138.901668,132.585981,24564762.000000
2017-06-15,139.377155,139.937876,137.841265,138.132247,131.851545,19153665.000000
2017-06-16,137.941663,138.140617,136.772581,137.366962,131.121056,22987124.000000
2017-06-19,137.365218,137.494770,136.509955,136.968381,130.740599,53413376.000000
2017-06-20,136.910666,137.792625,135.184635,135.521518,129.359522,32197955.000000
2017-06-21,135.044166,135.562494,134.852406,135.113037,128.969615,30692830.000000
2017-06-22,135.925553,138.919451,134.353189,137.471712,131.221043,44009134.000000
2017-06-23,137.479170,137.603010,136.661544,137.042729,130.811566,39517704.000000
2017-06-26,137.255868,137.478240,136.627975,136.968784,130.740983,17726451.000000
2017-06-27,136.347242,136.700798,135.919649,136.592209,130.381530,19122813.000000
2017-06-28,136.147863,136.732076,134.504102,135.216178,129.068066,29263687.000000
2017-06-29,135.175333,136.970502,134.727956,136.362917,130.162664,21451809.000000
2017-06-30,135.763119,136.063403,134.299823,135.136270,128.991791,34372629.000000
2017-07-03,134.968223,135.286020,134.138427,134.623536,128.502370,37602793.000000
2017-07-04,134.529008,134.877111,132.862501,133.238052,127.179883,46239064.000000
2017-07-05,133.189197,133.682513,132.851417,133.425026,127.358355,9913737.000000
2017-07-06,133.004960,133.734522,132.684886,133.405540,127.339755,23835986.000000
2017-07-07,133.486732,137.099340,132.628493,135.987811,129.804614,32142982.000000
2017-07-10,136.310133,136.614576,135.822793,136.097826,129.909626,21186147.000000
2017-07-11,136.016564,136.469990,133.812254,134.831986,128.701342,40912372.000000
2017-07-12,135.096958,135.924400,134.636805,135.689808,129.520160,24621370.000000
2017-07-13,135.674405,136.171342,134.480166,134.824644,128.694334,17976927.000000
2017-07-14,134.507003,135.779557,134.262239,135.546229,129.383110,41483714.000000
2017-07-17,135.288520,135.643874,135.021285,135.414905,129.257757,22698585.000000
2017-07-18,135.608907,136.054134,135.091137,135.193198,129.046131,22373831.000000
2017-07-19,134.947954,135.331539,134.464527,134.837477,128.706584,21563563.000000
2017-07-20,134.481133,135.016941,133.875456,134.165128,128.064805,18702223.000000
2017-07-21,134.703629,136.253374,134.419885,135.363865,129.209037,60058923.000000
2017-07-24,135.131067,135.651954,134.737567,135.081367,128.939385,33716032.000000
2017-07-25,134.879846,135.249352,133.670659,134.226076,128.122983,24804300.000000
2017-07-26,134.212622,135.529515,134.014472,134.795861,128.666860,29397979.000000
2017-07-27,134.933117,136.319407,134.260378,135.641975,129.474503,34471427.000000
2017-07-28,135.470023,136.094806,134.340609,134.853068,128.721466,32689547.000000
2017-07-31,135.123154,135.304661,134.680217,134.757916,128.630640,44295129.000000
2017-08-01,135.324904,135.507180,134.465923,134.967664,128.830851,30670259.000000
2017-08-02,135.259279,136.696883,134.522752,136.051246,129.865164,26308361.000000
2017-08-03,136.259830,136.851725,135.710274,136.514631,130.307479,31596470.000000
2017-08-04,136.305469,136.906250,136.084032,136.455966,130.251482,20450645.000000
2017-08-07,136.087948,136.604832,135.769184,136.385297,130.184026,15544856.000000
2017-08-08,136.651243,138.095041,135.893586,137.835654,131.568437,26107459.000000
2017-08-09,137.279330,138.093002,135.905600,136.633273,130.420727,36442882.000000
2017-08-10,136.510259,137.358092,136.222895,136.999692,130.770486,32451034.000000
2017-08-11,137.154082,137.776633,136.783463,137.455549,131.205615,21585992.000000
2017-08-14,137.240715,138.283825,137.025497,137.922032,131.650888,16988135.000000
2017-08-15,137.929784,138.563362,137.513793,138.054709,131.777532,29691766.000000
2017-08-16,138.052096,138.396760,137.547586,137.702166,131.638477,17317808.000000
2017-08-17,138.220172,138.606189,137.500597,138.074191,131.994119,31957488.000000
2017-08-18,137.320460,138.196583,137.156548,137.861442,131.790739,40354137.000000
2017-08-21,137.879501,138.026697,137.689294,137.893595,131.821476,36516452.000000
2017-08-22,138.514474,139.637233,137.963258,139.086416,132.961771,35499291.000000
2017-08-23,138.472909,138.710850,137.790324,137.983240,131.907174,22844055.000000
2017-08-24,138.341191,140.444086,138.040629,139.498425,133.355638,36440710.000000
2017-08-25,139.642943,140.343426,137.822449,138.125770,132.043427,32310758.000000
2017-08-28,137.642486,138.367169,136.862171,137.035575,131.001238,32438737.000000
2017-08-29,136.672408,137.692065,135.042308,135.379363,129.417958,48670479.000000
2017-08-30,135.280665,135.679746,134.249343,134.777893,128.842974,22152835.000000
2017-08-31,135.043514,136.236981,134.564907,135.816675,129.836013,26873470.000000
2017-09-01,136.342616,136.833502,135.930475,136.153364,130.157876,21720673.000000
2017-09-04,136.395567,137.388530,136.102180,136.841953,130.816143,55562222.000000
2017-09-05,137.088202,139.076701,135.921665,138.546000,132.445153,38921399.000000
2017-09-06,138.797638,140.460312,138.489467,139.758878,133.604621,18306442.000000
2017-09-07,139.106202,139.694030,138.198956,138.578296,132.476026,14294430.000000
2017-09-08,138.430169,138.825485,138.141297,138.649484,132.544079,20971463.000000
2017-09-11,138.224860,138.962978,136.599128,137.632467,131.571847,35683641.000000
2017-09-12,137.662446,138.952124,137.236020,138.347353,132.255253,30852823.000000
2017-09-13,138.465043,139.790350,137.916919,139.400535,133.262058,26806359.000000
2017-09-14,139.854647,140.600741,139.595959,140.207148,134.033152,33412336.000000
2017-09-15,140.708686,141.030219,139.523925,140.039750,133.873125,29657507.000000
2017-09-18,139.875335,140.103139,139.168016,139.601269,133.453953,35998177.000000
2017-09-19,139.377888,140.460284,138.980615,140.055844,133.888511,31787241.000000
2017-09-20,140.964483,141.643227,140.185137,141.111964,134.898125,29925021.000000
2017-09-21,140.744614,141.325976,139.741291,140.409143,134.226252,34275368.000000
2017-09-22,140.270311,140.564975,139.942091,140.367045,134.186008,22114804.000000
2017-09-25,139.988900,141.289302,137.529540,138.593814,132.490861,47295248.000000
2017-09-26,138.811032,139.830652,138.197117,139.485986,133.343746,25078046.000000
2017-09-27,139.798193,140.714340,139.254230,140.490465,134.303993,33387021.000000
2017-09-28,140.589551,141.042981,140.223063,140.579532,134.389138,26862359.000000
2017-09-29,141.012332,141.256409,140.251165,140.472656,134.286969,13844867.000000
2017-10-02,141.024671,141.946018,139.062978,139.375155,133.237796,39485012.000000
2017-10-03,139.086772,139.624682,138.963675,139.375387,133.238018,32683912.000000
2017-10-04,138.826052,139.009970,138.014284,138.555183,132.453931,23260757.000000
2017-10-05,138.036971,138.197298,137.438224,138.008156,131.930993,33297976.000000
2017-10-06,137.771631,138.123395,136.621450,137.130490,131.091975,27674283.000000
2017-10-09,137.310598,137.644644,136.993199,137.418249,131.367062,33779038.000000
2017-10-10,138.061615,138.221034,137.630556,137.939025,131.864906,30854297.000000
2017-10-11,138.455913,140.027062,137.605194,139.317996,133.183154,36751247.000000
2017-10-12,139.330711,139.695715,138.488364,138.861784,132.747031,26004025.000000
2017-10-13,138.787553,139.008386,137.611818,138.213551,132.127343,29675114.000000
2017-10-16,138.278836,138.683860,138.054393,138.332830,132.241369,43034882.000000
2017-10-17,138.405953,138.731958,137.458085,137.861449,131.790746,22836180.000000
2017-10-18,137.410116,137.931609,137.187603,137.656125,131.594463,18540534.000000
2017-10-19,137.915853,139.142173,137.523288,138.711600,132.603460,20637683.000000
2017-10-20,138.757599,139.415458,136.417557,136.724239,130.703612,38345306.000000
2017-10-23,137.620777,137.808091,136.917807,137.089231,131.052532,23856236.000000
2017-10-24,136.540119,138.276071,136.101458,137.771450,131.704710,28750231.000000
2017-10-25,137.398677,137.956500,136.793335,137.237637,131.194403,29403080.000000
2017-10-26,136.877266,138.155770,133.885428,134.465314,128.544159,29739711.000000
2017-10-27,133.604432,135.156974,129.159932,130.422188,124.679071,32442778.000000
2017-10-30,130.163321,130.482078,130.019065,130.353594,124.613498,21387987.000000
2017-10-31,130.632036,131.533340,130.458760,131.185664,125.408928,22777963.000000
2017-11-01,131.249728,131.593625,130.331928,130.620397,124.868552,24443461.000000
2017-11-02,130.559232,131.003359,130.303410,130.837317,125.075920,25923838.000000
2017-11-03,131.235883,133.185868,130.123476,132.538137,126.701845,46237711.000000
2017-11-06,132.673384,135.889591,132.143933,134.493271,128.570885,20369767.000000
2017-11-07,134.805970,135.253064,134.087083,134.347793,128.431812,19546967.000000
2017-11-08,134.114465,134.875271,133.803483,134.495434,128.572953,46651464.000000
2017-11-09,134.463434,135.332576,132.607216,133.421650,127.546452,46376153.000000
2017-11-10,133.562508,135.390414,133.335359,134.603970,128.676709,20714102.000000
2017-11-13,134.869277,135.810837,134.465626,135.290108,129.526924,17108405.000000
2017-11-14,136.233604,137.161504,136.025724,136.342117,130.534118,46561011.000000
2017-11-15,136.781702,137.262389,135.899618,136.005645,130.211980,16110864.000000
2017-11-16,135.220575,135.805479,134.845923,135.216569,129.456517,15713959.000000
2017-11-17,135.690595,136.894898,134.904892,136.342434,130.534422,24611020.000000
2017-11-20,136.443635,137.663049,135.692209,136.950208,131.116305,28720892.000000
2017-11-21,137.234747,137.541898,136.848635,137.225398,131.379773,20090191.000000
2017-11-22,137.498445,137.856668,137.257100,137.418051,131.564219,29762193.000000
2017-11-23,137.983957,138.117091,137.341859,137.425901,131.571735,22197223.000000
2017-11-24,137.552635,139.108214,137.009280,138.778709,132.866914,39211400.000000
2017-11-27,138.477879,139.066795,138.132130,138.813383,132.900111,38209909.000000
2017-11-28,139.308481,139.512880,138.165038,138.577236,132.674024,33199471.000000
2017-11-29,138.534397,138.882421,138.165709,138.353854,132.460158,25063583.000000
2017-11-30,138.215036,138.751251,137.878814,138.320441,132.428169,23976782.000000
2017-12-01,138.564964,139.531434,138.245482,138.978336,133.058038,32529343.000000
2017-12-04,138.674290,139.818181,138.476966,139.398409,133.460216,37202216.000000
2017-12-05,139.827800,143.001963,138.675444,142.147211,136.091923,46344204.000000
2017-12-06,142.091014,142.498797,141.317478,141.581866,135.550661,30256415.000000
2017-12-07,141.335189,141.849829,139.265141,140.062680,134.096190,35451566.000000
2017-12-08,139.428659,140.587861,136.287388,137.785515,131.916030,50655282.000000
2017-12-11,137.882622,139.122349,137.210712,138.719245,132.809984,24181397.000000
2017-12-12,138.575628,139.476541,138.407482,139.010712,133.089034,32793365.000000
2017-12-13,139.493412,140.246675,139.266357,139.881205,133.922446,43199234.000000
2017-12-14,140.309636,141.652393,136.825924,137.739598,131.872068,24591952.000000
2017-12-15,137.636965,139.836040,137.113869,139.036480,133.113705,23464186.000000
2017-12-18,138.682027,139.891580,138.164494,139.554015,133.609193,52610525.000000
2017-12-19,139.152078,140.237139,137.569522,138.043906,132.163414,37856596.000000
2017-12-20,138.662647,139.391578,137.962338,138.933355,133.014973,30002602.000000
2017-12-21,138.993199,139.834602,138.819243,139.353340,133.417068,27807165.000000
2017-12-22,139.994755,140.275412,139.570563,140.008428,134.044250,21642391.000000
2017-12-25,140.393689,141.234970,140.223048,141.020649,135.013350,17710491.000000
2017-12-26,141.366921,142.935598,140.744042,142.270128,136.209604,26922698.000000
2017-12-27,142.818869,143.076699,142.096554,142.467646,136.398708,24537094.000000
2017-12-28,142.223308,142.443942,141.694761,142.124807,136.070473,26068556.000000
2017-12-29,142.139147,142.409127,141.366607,141.793720,135.753490,16996071.000000
2018-01-01,141.179267,142.276181,139.138865,139.464531,133.523521,60717946.000000
2018-01-02,139.025234,139.423467,138.608300,139.111494,133.185524,34402393.000000
2018-01-03,138.995722,139.364708,135.869675,136.859982,131.029923,46476135.000000
2018-01-04,136.861150,138.028715,136.594586,137.744829,131.877077,49652895.000000
2018-01-05,137.802768,138.112701,136.889349,137.403355,131.550149,24579007.000000
2018-01-08,138.306719,141.201850,137.581831,140.495860,134.510917,40678186.000000
2018-01-09,140.976035,141.588621,140.630449,141.141640,135.129188,41096776.000000
2018-01-10,140.972644,141.535450,140.357620,140.746813,134.751180,22289915.000000
2018-01-11,141.249261,142.453186,140.552211,141.920004,135.874394,34908507.000000
2018-01-12,142.357191,144.505869,141.947039,144.209042,138.065923,26734016.000000
2018-01-15,144.300527,144.767768,143.841577,143.995344,137.861327,25959845.000000
2018-01-16,143.917254,145.018986,141.710309,142.046993,135.995974,17868743.000000
2018-01-17,141.893758,143.357710,141.716566,143.026648,136.933897,35844139.000000
2018-01-18,142.846208,144.269135,142.357201,143.829562,137.702607,24049709.000000
2018-01-19,144.189518,144.559581,143.833578,144.000001,137.865787,22290360.000000
2018-01-22,143.883689,145.817023,143.310183,145.516524,139.317708,52902645.000000
2018-01-23,144.571454,146.813909,139.243749,141.108759,135.097708,34432535.000000
2018-01-24,141.226506,142.854941,140.514411,142.087042,136.034317,22396985.000000
2018-01-25,142.645265,144.212966,142.149456,143.426746,137.316952,36031909.000000
2018-01-26,144.088569,144.788163,143.381052,144.420403,138.268280,46265399.000000
2018-01-29,144.378050,144.702906,143.713152,144.056251,137.919640,37953891.000000
2018-01-30,143.967659,144.682217,142.288014,143.287056,137.183211,31507656.000000
2018-01-31,143.550753,144.885030,142.964129,144.312932,138.165387,36310204.000000
2018-02-01,145.072739,149.362289,143.097362,148.170705,141.858823,60813868.000000
2018-02-02,147.887539,149.439063,143.050466,144.784497,138.616864,67184150.000000
2018-02-05,145.852172,149.235107,145.377917,147.769024,141.474254,57806211.000000
2018-02-06,147.327673,148.395147,145.326653,146.386851,140.150960,23641054.000000
2018-02-07,146.493490,146.999547,145.089996,145.707663,139.500704,35894916.000000
2018-02-08,145.733283,146.513428,145.506028,145.967438,139.959352,19648180.000000
2018-02-09,146.774828,147.069923,146.275197,146.726749,140.687409,35773117.000000
2018-02-12,145.632348,146.471135,143.896186,144.700326,138.744395,47169826.000000
2018-02-13,145.038472,145.114939,144.477549,144.708753,138.752475,21407903.000000
2018-02-14,144.834219,146.102484,144.346144,145.534006,139.543760,20386659.000000
2018-02-15,145.442239,146.183877,144.997167,145.724224,139.726149,28908607.000000
2018-02-16,145.656672,146.066169,145.406091,145.800688,139.799465,21307406.000000
2018-02-19,146.810905,148.297586,146.325193,147.634948,141.558227,36982130.000000
2018-02-20,147.397143,148.341461,145.839513,146.445802,140.418026,27666756.000000
2018-02-21,148.050524,152.403426,146.741856,151.642890,145.401200,61960091.000000
2018-02-22,151.794232,153.139199,151.063476,152.832420,146.541769,33060279.000000
2018-02-23,153.088429,156.353483,152.387374,155.644715,149.238308,43178927.000000
2018-02-26,154.432583,156.627828,149.695568,151.160689,144.938846,32105476.000000
2018-02-27,150.597849,151.521095,148.416538,149.104021,142.966832,32524590.000000
2018-02-28,149.412815,150.797888,148.815704,150.369875,144.180583,32958738.000000
2018-03-01,150.210880,150.497914,148.656507,149.259284,143.115705,28085590.000000
2018-03-02,148.153633,149.172120,143.527347,145.202000,139.225420,35979445.000000
2018-03-05,146.273328,147.311032,145.858239,147.027827,140.976095,32155751.000000
2018-03-06,147.270236,147.475840,146.895071,147.310933,141.247548,19404152.000000
2018-03-07,146.896829,147.957968,145.299696,145.650745,139.655694,40299720.000000
2018-03-08,145.965515,146.723566,145.335225,146.128005,140.113310,36338690.000000
2018-03-09,146.540175,148.624210,145.602125,147.925086,141.836422,32790164.000000
2018-03-12,147.223995,148.595381,143.849118,144.865419,138.902693,60981210.000000
2018-03-13,145.263437,146.323779,144.456964,145.705139,139.707849,29964664.000000
2018-03-14,146.641783,148.800112,145.515703,147.866200,141.779960,23051233.000000
2018-03-15,148.559908,149.907755,148.134134,149.194412,143.053503,18092277.000000
2018-03-16,149.178274,150.086480,148.891814,149.553258,143.397578,39507413.000000
2018-03-19,150.055291,150.366645,149.593674,149.835515,143.668217,25345484.000000
2018-03-20,150.343298,153.031880,149.816020,151.885113,145.633453,36265142.000000
2018-03-21,152.451406,152.656045,150.722872,151.365375,145.135107,19418021.000000
2018-03-22,150.280096,150.705122,146.538112,148.168023,142.069360,37053495.000000
2018-03-23,149.163453,151.167146,148.273928,150.341852,144.153713,24913195.000000
2018-03-26,150.503532,152.732161,149.635617,152.040507,145.782450,30396465.000000
2018-03-27,152.244498,153.407494,152.058286,152.973882,146.677408,31140412.000000
2018-03-28,153.240245,154.111240,152.640230,153.453831,147.137602,25005695.000000
2018-03-29,153.439403,155.044857,153.140863,154.732210,148.363362,79387123.000000
2018-03-30,155.041379,157.797815,153.883247,156.538813,150.095604,38293049.000000
2018-04-02,157.306161,159.068733,156.753372,158.028386,151.523866,27132030.000000
2018-04-03,157.906031,158.272511,157.602907,157.887318,151.388604,29960448.000000
2018-04-04,157.984013,158.260727,157.559152,157.817027,151.321207,22187630.000000
2018-04-05,157.160666,158.017859,156.760324,157.484189,151.002068,25153739.000000
2018-04-06,157.332951,158.018611,156.815851,157.803817,151.308541,20049171.000000
2018-04-09,157.458968,157.898200,156.471808,157.061360,150.596643,22312186.000000
2018-04-10,156.811583,158.875866,156.145698,158.153867,151.644182,46069234.000000
2018-04-11,157.785203,158.119400,157.389383,157.920531,151.420450,26943145.000000
2018-04-12,157.229688,157.773208,156.334250,156.663937,150.215578,23130500.000000
2018-04-13,156.400808,158.154317,155.742420,157.421370,150.941835,23894927.000000
2018-04-16,157.902402,159.545714,157.524221,158.790687,152.254790,35068808.000000
2018-04-17,159.224581,159.769964,159.073742,159.249743,152.694951,19043090.000000
2018-04-18,160.236515,165.197521,158.099583,164.367608,157.602163,35199017.000000
2018-04-19,165.016283,166.931067,164.505102,166.245478,159.402739,34843278.000000
2018-04-20,166.943206,168.750796,166.525756,167.854828,160.945847,41121910.000000
2018-04-23,167.895978,168.175033,166.350745,167.174643,160.293659,27396591.000000
2018-04-24,166.422167,167.487709,163.682433,164.717106,157.937275,65842976.000000
2018-04-25,165.263657,166.092559,164.695339,165.713955,158.893093,24619419.000000
2018-04-26,165.211938,165.562407,164.572571,165.259657,158.457494,24786042.000000
2018-04-27,165.947346,166.335794,165.046859,165.551165,158.737004,22044718.000000
2018-04-30,164.794292,165.588085,160.312726,162.157783,155.483295,57321385.000000
2018-05-01,162.541167,164.449770,161.267541,163.610664,156.876375,43273073.000000
2018-05-02,163.261557,164.742432,162.742233,164.085541,157.331706,33540986.000000
2018-05-03,164.240735,165.444390,162.023136,162.526520,155.836855,24113657.000000
2018-05-04,162.689413,164.054839,161.879731,163.779265,157.038036,21408913.000000
2018-05-07,162.405557,164.257954,157.290079,159.713462,153.139583,55486527.000000
2018-05-08,160.278532,161.508158,159.213417,161.114182,154.714721,24459698.000000
2018-05-09,160.736803,161.166470,159.159183,159.767360,153.421395,18493864.000000
2018-05-10,160.123611,161.891452,159.172888,161.466729,155.053265,45573277.000000
2018-05-11,161.231712,162.167710,159.858738,160.477484,154.103313,26015137.000000
2018-05-14,159.892479,160.272048,158.741290,159.591183,153.252216,30314021.000000
2018-05-15,159.421971,159.855467,156.071711,157.058232,150.819874,32149732.000000
2018-05-16,156.736700,157.205464,156.137204,156.456644,150.242181,28355479.000000
2018-05-17,156.437431,157.214724,155.992606,156.817485,150.588689,13640641.000000
2018-05-18,157.326416,160.109636,156.013653,159.349425,153.020060,22144849.000000
2018-05-21,159.118998,159.578970,158.803387,159.291668,152.964597,33619197.000000
2018-05-22,159.252012,159.850883,158.999025,159.515157,153.179209,33239502.000000
2018-05-23,160.527663,163.150848,160.116239,161.905496,155.474604,35901954.000000
2018-05-24,162.285163,162.527779,161.197745,161.590485,155.172105,21220883.000000
2018-05-25,161.231254,162.371126,160.744207,161.978195,155.544416,44178986.000000
2018-05-28,162.083704,162.722754,161.559804,162.331760,155.883937,24428795.000000
2018-05-29,163.449276,168.157786,162.022415,166.517638,159.903552,70725681.000000
2018-05-30,166.779760,167.124542,166.668483,166.850791,160.223472,34595018.000000
2018-05-31,167.226646,168.216682,166.351974,167.378755,160.730465,43427813.000000
2018-06-01,167.314601,169.738032,166.468770,168.843667,162.137191,36326631.000000
2018-06-04,169.985406,172.226565,169.331972,170.913849,164.125146,33059114.000000
2018-06-05,170.703938,171.904044,168.557119,169.127384,162.409639,33753578.000000
2018-06-06,168.994152,170.109730,168.324563,169.721324,162.979987,26102256.000000
2018-06-07,170.082759,170.438226,169.699125,169.798008,163.053625,29819451.000000
2018-06-08,170.516239,170.800205,169.839064,170.416370,163.647426,23289033.000000
2018-06-11,170.646555,172.582191,170.316476,172.080758,165.245705,49615470.000000
2018-06-12,171.943040,172.496327,171.143964,171.558254,164.743955,25023519.000000
2018-06-13,170.424795,172.248469,166.713069,168.070144,161.394393,38393497.000000
2018-06-14,167.872487,168.617146,167.593982,168.014838,161.341283,30010307.000000
2018-06-15,168.769582,170.441836,167.751148,169.335088,162.609092,16249242.000000
2018-06-18,168.476498,169.777735,165.484613,166.560296,159.944515,35684458.000000
2018-06-19,166.625513,169.152217,165.961286,168.087338,161.410904,20979773.000000
2018-06-20,167.938084,169.016524,165.352653,165.943921,159.352623,51638954.000000
2018-06-21,165.697437,166.164285,164.724973,165.261186,158.697006,20877135.000000
2018-06-22,165.526204,167.447055,164.921465,166.831955,160.205384,48014588.000000
2018-06-25,166.336202,167.093724,166.060831,166.993867,160.360865,19764270.000000
2018-06-26,167.217291,168.579078,166.836534,167.782412,161.118089,33994364.000000
2018-06-27,167.835172,169.711350,167.570455,168.849748,162.143030,24873102.000000
2018-06-28,169.223374,169.729197,168.542050,168.931103,162.221154,19164988.000000
2018-06-29,168.811158,169.573024,168.499288,169.280859,162.557018,30942229.000000
2018-07-02,168.844768,169.088222,168.459894,168.642238,161.943763,21621447.000000
2018-07-03,169.442132,169.931146,168.268441,168.914013,162.204742,24094821.000000
2018-07-04,168.750443,169.267539,168.619908,169.122172,162.404633,32684218.000000
2018-07-05,169.335145,172.654452,168.269445,171.473387,164.662459,47042446.000000
2018-07-06,171.217647,172.655292,170.425684,172.031211,165.198125,41873761.000000
2018-07-09,171.790189,172.498462,168.561452,169.849117,163.102704,31426205.000000
2018-07-10,169.835926,170.360700,168.704863,169.214278,162.493081,29426522.000000
2018-07-11,169.228125,170.509762,168.593215,170.003770,163.251214,26878499.000000
2018-07-12,170.170993,171.186737,169.227073,170.849840,164.063679,28308878.000000
2018-07-13,171.377627,171.715180,170.421178,170.766578,163.983724,24287484.000000
2018-07-16,170.491391,170.967406,167.818006,168.395220,161.706556,21724801.000000
2018-07-17,168.802625,169.875733,167.984781,169.530974,162.797198,26105397.000000
2018-07-18,170.061895,170.316385,169.684185,169.924983,163.175557,16393614.000000
2018-07-19,169.637332,171.008084,169.440679,170.226944,163.465524,18795194.000000
2018-07-20,169.571588,170.439107,168.324938,169.218011,162.496666,21022969.000000
2018-07-23,170.312917,174.412390,169.132000,173.061655,166.187640,51904326.000000
2018-07-24,172.681718,173.393493,172.547706,173.223559,166.343114,15842688.000000
2018-07-25,173.596858,174.384206,171.608479,172.035833,165.202564,34220724.000000
2018-07-26,173.309019,177.941517,171.411607,175.632919,168.656774,50425513.000000
2018-07-27,176.353174,177.932283,175.890547,176.987318,169.957376,31588536.000000
2018-07-30,178.226626,179.697719,177.057297,178.931871,171.824691,38100225.000000
2018-07-31,179.297363,181.309308,178.470766,180.562892,173.390928,24389416.000000
2018-08-01,180.584164,183.130665,179.275782,182.123249,174.889308,48910327.000000
2018-08-02,181.325880,181.837910,180.540099,181.357211,174.153696,29343016.000000
2018-08-03,181.831130,182.124607,181.478540,181.882207,174.920220,28493268.000000
2018-08-06,181.416482,182.040191,178.769664,179.591998,172.717675,23127729.000000
2018-08-07,180.352447,182.135222,179.989071,181.762152,174.804761,26306990.000000
2018-08-08,181.529429,182.756298,181.316872,182.380284,175.399232,19440337.000000
2018-08-09,183.010238,184.385646,181.727173,183.868610,176.830588,43305943.000000
2018-08-10,184.093684,185.054006,182.406902,182.969707,175.966093,15457090.000000
2018-08-13,182.426023,183.031056,181.094974,181.923098,174.959546,42480241.000000
2018-08-14,181.272560,182.354462,180.721144,181.687541,174.733005,19118979.000000
2018-08-15,181.734390,183.011364,181.362650,182.417092,175.434631,17586034.000000
2018-08-16,181.753443,183.031206,181.281189,182.636260,175.645410,24500760.000000
2018-08-17,183.072212,183.319567,181.872761,182.285151,175.307740,22836442.000000
2018-08-20,182.397928,183.181066,182.109245,182.949595,175.946751,42514565.000000
2018-08-21,183.060461,183.409196,182.480694,183.141885,176.131680,21253411.000000
2018-08-22,182.753297,183.804192,181.346539,181.709392,174.754020,26935279.000000
2018-08-23,181.842503,182.183981,179.927607,180.697391,173.780756,29582625.000000
2018-08-24,180.396550,180.731190,179.960618,180.205852,173.308032,22591536.000000
2018-08-27,179.728700,180.150053,178.043939,178.422365,171.592812,27762023.000000
2018-08-28,178.347506,179.086006,177.294471,177.659195,170.858854,44085523.000000
2018-08-29,177.785674,180.103967,177.127177,179.021854,172.169354,20693750.000000
2018-08-30,179.063479,179.345547,178.686678,179.167191,172.309128,34036888.000000
2018-08-31,179.805387,180.354024,178.046350,178.466728,171.635477,26420051.000000
2018-09-03,178.301412,179.742262,177.556802,178.994550,172.143095,45383079.000000
2018-09-04,177.664638,178.118660,177.453884,177.847766,171.040207,20870458.000000
2018-09-05,177.309642,177.681588,176.316816,176.852698,170.083227,22965293.000000
2018-09-06,176.321587,177.108649,173.713181,174.737396,168.048894,34174147.000000
2018-09-07,175.309648,177.163960,174.597094,176.337015,169.587284,19462456.000000
2018-09-10,176.146534,176.698840,175.304320,175.836858,169.106271,33502458.000000
2018-09-11,175.288834,176.663142,173.028419,173.905082,167.248439,32853035.000000
2018-09-12,174.318082,174.795866,174.095902,174.263724,167.593353,21189158.000000
2018-09-13,174.289796,174.675808,173.861426,174.407006,167.731151,18780529.000000
2018-09-14,174.704524,174.918542,172.585599,173.326869,166.692358,29433437.000000
2018-09-17,172.860215,173.178033,172.202755,172.977132,166.356008,28813700.000000
2018-09-18,172.848091,174.075894,170.590275,171.168145,164.616265,24250518.000000
2018-09-19,170.868108,171.219141,170.102432,170.457389,163.932715,22348928.000000
2018-09-20,169.987557,170.217834,169.364984,169.811967,163.311998,16364562.000000
2018-09-21,170.612172,172.418480,169.868531,171.824518,165.247513,46047191.000000
2018-09-24,171.775466,171.913566,171.191751,171.452544,164.889778,22099011.000000
2018-09-25,171.381836,171.913985,170.537116,170.871199,164.330686,41557191.000000
2018-09-26,170.770438,171.099934,170.291725,170.798202,164.260483,22564663.000000
2018-09-27,169.936966,170.871929,169.082250,169.419274,162.934336,36038378.000000
2018-09-28,169.395458,169.517387,169.148373,169.320050,162.838911,29528515.000000
2018-10-01,169.424779,170.307186,169.273724,169.871361,163.369119,27312211.000000
2018-10-02,169.310932,170.066595,169.003798,169.515764,163.027133,32824015.000000
2018-10-03,170.104819,170.411820,169.184619,169.958363,163.452790,26880761.000000
2018-10-04,170.364160,174.324122,169.892992,172.478883,165.876831,46450210.000000
2018-10-05,172.848435,173.672433,172.397352,173.373983,166.737669,28250230.000000
2018-10-08,173.026988,173.472701,172.096142,172.582685,165.976660,47478440.000000
2018-10-09,172.879322,173.800177,172.453990,173.439964,166.801125,15211260.000000
2018-10-10,173.921508,175.319674,173.180412,174.572399,167.890213,28948526.000000
2018-10-11,173.873813,174.919307,171.998447,172.888294,166.270571,26626599.000000
2018-10-12,172.276888,174.139465,167.421885,169.281218,162.801565,38267653.000000
2018-10-15,169.925376,172.308821,169.432658,171.110904,164.561215,35139794.000000
2018-10-16,171.088087,171.631288,169.581879,170.331981,163.812107,27010764.000000
2018-10-17,169.796024,170.838153,169.615711,170.491215,163.965246,21886469.000000
2018-10-18,170.527476,171.487755,170.336438,171.011498,164.465614,17267285.000000
2018-10-19,170.949338,173.572393,170.195128,172.544763,165.940190,31606567.000000
2018-10-22,172.502187,175.515785,171.722158,174.693927,168.007089,26142792.000000
2018-10-23,174.530725,174.948401,171.708832,172.268283,165.674293,62667755.000000
2018-10-24,172.141531,173.127517,170.094416,170.783496,164.246339,16171636.000000
2018-10-25,170.637395,171.212212,170.041025,170.484068,163.958372,31918571.000000
2018-10-26,169.797081,170.524166,167.809631,169.000427,162.531522,34707780.000000
2018-10-29,169.801439,171.656278,168.503406,170.748510,164.212692,20940453.000000
2018-10-30,170.848906,171.049517,169.373612,169.698138,163.202526,38186339.000000
2018-10-31,170.280393,174.450732,169.191981,172.782418,166.418375,42260446.000000
2018-11-01,172.556764,175.002744,171.909470,174.571897,168.141943,38585426.000000
2018-11-02,174.574732,176.862517,173.802548,176.221034,169.730338,34050930.000000
2018-11-05,176.581365,179.340778,176.209389,178.094536,171.534834,24728440.000000
2018-11-06,177.580325,177.995764,175.150394,175.629619,169.160706,42381916.000000
2018-11-07,175.185294,176.144805,170.399989,172.279363,165.933849,35356794.000000
2018-11-08,172.582588,173.011179,171.244286,171.691790,165.367918,36656223.000000
2018-11-09,171.515603,171.821487,170.615231,170.846478,164.553741,19228063.000000
2018-11-12,171.323055,173.699313,169.927992,172.839566,166.473418,41211509.000000
2018-11-13,173.072446,174.484985,172.746376,174.114264,167.701166,44988600.000000
2018-11-14,173.561844,174.186312,172.560657,173.189975,166.810921,32061946.000000
2018-11-15,173.066230,173.521312,171.860229,172.245060,165.900810,26109136.000000
2018-11-16,172.259106,174.107704,171.628705,173.235426,166.854698,22054898.000000
2018-11-19,172.911871,173.430019,172.822720,173.263987,166.882207,18489034.000000
2018-11-20,172.944385,173.638238,171.636253,172.364728,166.016070,24562414.000000
2018-11-21,171.925485,173.055718,166.757307,168.814525,162.596630,34190022.000000
2018-11-22,168.375299,168.704845,167.006582,167.822382,161.641031,21445819.000000
2018-11-23,167.721681,168.231580,167.142806,167.582876,161.410346,22999039.000000
2018-11-26,167.140076,168.155928,166.476437,167.876285,161.692949,24695823.000000
2018-11-27,168.134503,168.602039,167.146481,167.402913,161.237012,41352864.000000
2018-11-28,168.358756,169.977565,167.805598,168.761031,162.545107,19926361.000000
2018-11-29,169.366046,169.907444,167.881445,168.338196,162.137846,46421561.000000
2018-11-30,168.499493,168.693534,167.612195,168.235750,162.039173,40643226.000000
2018-12-03,168.357079,169.804701,167.402848,169.285903,163.050646,18899323.000000
2018-12-04,169.297563,169.607156,168.900278,169.347745,163.110211,46002840.000000
2018-12-05,169.175338,171.061743,168.982152,170.325241,164.051703,29689408.000000
2018-12-06,170.424743,170.779264,167.932169,168.941100,162.718544,33871715.000000
2018-12-07,168.342658,169.190905,167.780970,168.829390,162.610948,24960737.000000
2018-12-10,168.957702,169.926124,168.229148,169.728472,163.476915,25425779.000000
2018-12-11,169.544586,169.930976,169.083082,169.623992,163.376282,42669683.000000
2018-12-12,168.947131,169.669911,167.906532,168.788293,162.571364,31025132.000000
2018-12-13,168.984314,173.891604,167.279930,172.327476,165.980190,24770900.000000
2018-12-14,172.692443,173.489107,172.320144,173.106084,166.730120,29707825.000000
2018-12-17,173.043141,173.662455,172.722015,173.276148,166.893919,25022843.000000
2018-12-18,174.761412,178.293013,173.096480,177.441003,170.905372,40440107.000000
2018-12-19,177.559768,179.279961,177.210079,178.743162,172.159569,22675048.000000
2018-12-20,178.768882,180.055560,178.000620,179.404414,172.796465,12817536.000000
2018-12-21,179.370586,179.942060,178.900219,179.770609,173.149172,39644191.000000
2018-12-24,179.628705,181.051986,178.914280,180.457994,173.811239,24983569.000000
2018-12-25,179.913690,180.882884,179.570019,180.704210,174.048386,32819974.000000
2018-12-26,182.056920,182.441935,180.321183,180.826276,174.165956,35595587.000000
2018-12-27,181.457404,183.261689,180.887042,182.423436,175.704288,17094483.000000
2018-12-28,182.196585,182.679890,181.176316,181.763085,175.068260,36791866.000000
2018-12-31,182.611250,185.195977,181.400071,183.624930,176.861528,40572666.000000
2019-01-01,182.860707,183.498024,181.826891,182.642079,175.914878,23827508.000000
2019-01-02,182.195632,183.789651,178.958264,180.446022,173.799708,50653589.000000
2019-01-03,181.378767,182.198473,180.478758,181.323448,174.644816,29313589.000000
2019-01-04,181.283687,181.528455,180.508139,180.750169,174.092652,25178146.000000
2019-01-07,180.576870,180.966423,179.312165,179.657409,173.040141,27771358.000000
2019-01-08,180.533313,182.360511,179.550772,181.752798,175.058352,31832361.000000
2019-01-09,181.468413,182.614527,179.567203,180.077999,173.445240,22240330.000000
2019-01-10,180.102843,183.103902,178.781877,182.302058,175.587381,28133455.000000
2019-01-11,182.171982,182.813242,180.151106,180.693912,174.038467,28299811.000000
2019-01-14,180.824810,181.170914,178.684095,179.401328,172.793493,22443612.000000
2019-01-15,179.520431,180.252645,178.982166,179.541649,172.928646,26097442.000000
2019-01-16,178.817163,179.230350,178.177467,178.946231,172.355158,21636743.000000
2019-01-17,178.682888,179.958405,178.482218,179.509983,172.898146,29854995.000000
2019-01-18,179.642708,181.374433,179.219611,180.547813,173.897750,27611992.000000
2019-01-21,181.054535,181.367907,180.325690,180.604343,173.952198,21247489.000000
2019-01-22,181.688731,182.655238,180.591443,181.926454,175.225612,31422272.000000
2019-01-23,183.056042,184.998653,181.169549,184.488244,177.693044,21558533.000000
2019-01-24,183.839969,186.519701,178.708561,180.140822,173.505749,29316651.000000
2019-01-25,180.621160,182.914584,179.275851,181.986976,175.283904,23193248.000000
2019-01-28,181.782460,182.278970,180.673137,181.194445,174.782739,23917497.000000
2019-01-29,182.280504,184.917736,181.244367,184.096169,177.581783,29688434.000000
2019-01-30,184.025036,184.229876,182.511166,183.199880,176.717209,18901784.000000
2019-01-31,182.957432,183.861085,182.619772,183.530632,177.036258,20728258.000000
2019-02-01,183.811388,187.519669,182.828464,186.533616,179.932979,28025697.000000
2019-02-04,186.872509,187.903821,186.040881,187.628557,180.989175,35746996.000000
2019-02-05,187.477120,188.677622,186.642238,188.304569,181.641266,32389627.000000
2019-02-06,189.405005,192.133185,188.422843,191.560017,184.781517,24814937.000000
2019-02-07,191.090610,191.872356,187.103547,188.358387,181.693179,25676946.000000
2019-02-08,188.297878,188.711270,188.194593,188.387991,181.721736,20627967.000000
2019-02-11,188.078692,189.339070,187.938617,188.970561,182.283691,31529674.000000
2019-02-12,187.803925,189.243100,187.427038,188.682508,182.005830,21525011.000000
2019-02-13,188.431956,189.871137,187.536373,189.575738,182.867453,19330296.000000
2019-02-14,189.269531,189.884796,188.470306,189.191119,182.496444,49285013.000000
2019-02-15,188.531774,189.326291,188.381072,188.635038,181.960041,24923895.000000
2019-02-18,188.889516,190.469149,187.964984,189.854489,183.136340,32380012.000000
2019-02-19,190.747190,193.827102,189.100175,192.609811,185.794163,34341696.000000
2019-02-20,192.750274,193.197725,192.506175,192.752975,185.932261,21682404.000000
2019-02-21,192.211107,192.931381,191.884450,192.786046,185.964162,20104669.000000
2019-02-22,193.292085,200.844715,191.970489,197.890015,190.887523,34485838.000000
2019-02-25,196.478717,197.758532,194.706074,195.293869,188.383244,23312913.000000
2019-02-26,195.271006,197.005498,194.404363,196.217817,189.274497,33476145.000000
2019-02-27,196.356862,196.986028,194.631616,195.184720,188.277957,45079393.000000
2019-02-28,195.404618,196.885767,194.781956,196.257318,189.312600,25106521.000000
2019-03-01,197.022908,200.325181,196.126280,198.708525,191.677069,33615935.000000
2019-03-04,199.095215,201.776030,197.945762,200.746164,193.642605,37582296.000000
2019-03-05,200.408287,200.902137,198.272801,199.432417,192.375346,28797792.000000
2019-03-06,199.528591,199.920865,198.989910,199.331639,192.278134,26037148.000000
2019-03-07,199.332990,199.717048,196.798591,197.915637,190.912238,43584652.000000
2019-03-08,198.165019,199.413863,197.250340,198.689019,191.658254,33272570.000000
2019-03-11,198.393722,198.946052,196.289003,197.231348,190.252163,34883433.000000
2019-03-12,196.558800,196.783933,195.299552,196.258354,189.313600,33123993.000000
2019-03-13,195.932252,197.830074,195.542754,197.074156,190.100534,25192088.000000
2019-03-14,197.651473,198.225550,196.853649,197.615113,190.622349,23148057.000000
2019-03-15,197.404544,198.638911,197.191846,198.107348,191.097165,24398370.000000
2019-03-18,200.200369,206.874502,198.326559,203.936567,196.720113,60598476.000000
2019-03-19,203.840500,205.478360,198.892136,200.176860,193.093446,30915133.000000
2019-03-20,200.530760,202.300067,200.073744,201.271333,194.149190,29187439.000000
2019-03-21,200.702257,201.036554,200.416509,200.617678,193.518665,22647420.000000
2019-03-22,200.592768,201.943338,197.426441,198.379357,191.359549,28004673.000000
2019-03-25,198.995241,199.561806,198.479675,198.647355,191.618064,47898914.000000
2019-03-26,198.579668,199.379414,197.725984,197.915972,190.912562,22606090.000000
2019-03-27,197.970703,201.825851,197.361672,200.224810,193.139699,35658352.000000
2019-03-28,201.066859,203.114153,200.096526,201.877906,194.734299,17568774.000000
2019-03-29,202.321010,202.501193,201.554468,202.089773,194.938669,36976734.000000
2019-04-01,202.146331,202.746307,200.141912,201.030318,193.916704,29477243.000000
2019-04-02,201.474479,204.069069,200.308802,202.505249,195.339443,31815822.000000
2019-04-03,201.949039,202.937507,198.347731,199.262757,192.211689,41807645.000000
2019-04-04,199.325373,201.455724,199.061556,200.648997,193.548876,32181835.000000
2019-04-05,200.825735,203.628461,200.174116,202.404368,195.242132,33544401.000000
2019-04-08,202.757773,203.387785,202.512361,202.906330,195.726332,44951277.000000
2019-04-09,202.252451,202.494438,201.341943,202.243444,195.086903,43143052.000000
2019-04-10,202.338826,203.809387,201.881730,203.482804,196.282407,28489046.000000
2019-04-11,203.191622,203.662735,202.440583,203.092247,195.905670,20762144.000000
2019-04-12,203.495543,203.885647,202.839274,202.975069,195.792638,23261389.000000
2019-04-15,202.185271,203.293481,200.725360,201.068385,193.953424,33518309.000000
2019-04-16,201.545974,203.856072,200.547859,202.876043,195.697117,20949929.000000
2019-04-17,202.975714,203.132467,202.369312,202.633692,195.463342,20814177.000000
2019-04-18,202.900527,203.202333,202.520003,202.919097,195.738647,21439286.000000
2019-04-19,202.828159,204.282725,202.047076,203.791808,196.580477,23671987.000000
2019-04-22,204.083551,204.337192,203.351680,203.711290,196.502807,27029396.000000
2019-04-23,204.371322,204.978793,202.936453,203.365960,196.169697,35370193.000000
2019-04-24,203.211470,203.564164,201.862980,202.325749,195.166295,21139590.000000
2019-04-25,202.848309,203.158171,202.170836,202.665400,195.787609,23043222.000000
2019-04-26,201.161061,202.393048,199.874019,200.827138,194.011731,22847335.000000
2019-04-29,202.197783,203.180772,201.131445,202.174626,195.313490,25955424.000000
2019-04-30,202.334474,202.887074,201.880833,202.715435,195.835946,21554023.000000
2019-05-01,202.456413,202.923801,198.299285,200.140088,193.347997,28880546.000000
2019-05-02,200.474503,202.781187,199.995197,201.719659,194.873963,49444786.000000
2019-05-03,201.671711,204.273893,200.568629,203.106261,196.213508,33032710.000000
2019-05-06,202.707406,203.806235,199.783206,201.164836,194.337969,23139257.000000
2019-05-07,201.229308,201.798703,200.999716,201.459817,194.622939,22586966.000000
2019-05-08,202.251669,205.855895,200.857013,204.338859,197.404276,19273799.000000
2019-05-09,204.830233,205.585103,202.285325,202.739635,195.859325,26674151.000000
2019-05-10,201.999991,203.078092,201.103100,201.576162,194.735336,31999462.000000
2019-05-13,201.690858,202.287527,200.439289,201.215543,194.386955,31474550.000000
2019-05-14,201.736112,202.418323,200.949502,201.941629,195.088400,22264022.000000
2019-05-15,201.275876,202.221341,199.792820,200.602123,193.794352,38493829.000000
2019-05-16,200.248866,203.693804,199.318363,202.356803,195.489485,28926381.000000
2019-05-17,201.923490,202.904595,200.339391,201.071117,194.247430,37215738.000000
2019-05-20,201.326220,201.775250,200.422429,200.842553,194.026623,14920034.000000
2019-05-21,201.308991,202.774260,200.462842,202.046541,195.189752,21188859.000000
2019-05-22,201.831033,202.039475,201.664822,201.876866,195.025835,24805664.000000
2019-05-23,201.323733,201.593094,200.505156,201.106057,194.281185,28446057.000000
2019-05-24,201.343790,203.426742,200.395355,202.536516,195.663098,34701350.000000
2019-05-27,202.791251,206.167352,201.288556,204.855639,197.903519,25974428.000000
2019-05-28,204.791867,205.207442,201.087118,202.562496,195.688196,24124491.000000
2019-05-29,202.006475,202.765441,201.061755,201.614733,194.772598,17532752.000000
2019-05-30,201.575747,201.843402,201.069488,201.582333,194.741297,25312211.000000
2019-05-31,201.884289,203.154483,201.113243,202.322031,195.455892,45781579.000000
2019-06-03,202.671867,203.590863,200.774139,201.316943,194.484914,25805342.000000
2019-06-04,200.470891,201.164615,199.786613,200.567602,193.761003,59548494.000000
2019-06-05,199.967041,200.670569,199.482362,199.887717,193.104191,33920813.000000
2019-06-06,200.280659,201.479139,199.567377,200.736587,193.924253,29902918.000000
2019-06-07,200.576453,201.568587,198.775924,199.264422,192.502048,28706274.000000
2019-06-10,198.713767,199.834890,195.429710,196.137975,189.481703,29263266.000000
2019-06-11,196.556145,198.225733,195.709253,197.823120,191.109659,11683522.000000
2019-06-12,197.855079,199.105312,197.683600,198.454158,191.719283,19948084.000000
2019-06-13,198.741220,199.525054,197.731214,197.901751,191.185622,26536409.000000
2019-06-14,198.068865,198.476702,197.311295,197.810016,191.097000,19461399.000000
2019-06-17,198.186305,199.350970,197.833484,198.687005,191.944227,27378811.000000
2019-06-18,198.605809,200.034093,198.351903,199.173232,192.413953,11677326.000000
2019-06-19,199.117675,199.340356,198.845109,199.235154,192.473774,32351671.000000
2019-06-20,198.845912,199.329277,197.890220,198.468394,191.733036,26207011.000000
2019-06-21,198.673984,199.573906,198.031801,199.172047,192.412808,29367654.000000
2019-06-24,198.606798,199.582195,196.611685,197.533857,190.830214,35297627.000000
2019-06-25,196.713529,197.467900,194.457232,194.902747,188.288394,26822056.000000
2019-06-26,195.453591,198.891418,194.791295,197.251464,190.557403,24327512.000000
2019-06-27,197.270905,197.531932,195.275046,195.994924,189.343506,22497881.000000
2019-06-28,195.991760,196.938772,195.198268,196.656647,189.982773,25948706.000000
2019-07-01,195.800492,196.324406,192.873631,193.925012,187.343840,44401083.000000
2019-07-02,193.584836,194.227342,191.732824,192.225152,185.701668,25246275.000000
2019-07-03,192.696620,193.787911,192.209490,193.249215,186.690978,20571963.000000
2019-07-04,193.992800,194.792950,193.193486,194.238544,187.646732,30265153.000000
2019-07-05,194.347727,195.588130,193.603667,194.818551,188.207056,30087861.000000
2019-07-08,195.382290,196.442058,194.307032,196.114663,189.459182,33784509.000000
2019-07-09,195.494963,195.944583,194.985780,195.686488,189.045538,27659967.000000
2019-07-10,195.397713,196.561168,194.878638,195.987306,189.336147,38471583.000000
2019-07-11,196.073028,196.452391,194.413194,195.041886,188.422811,22362245.000000
2019-07-12,195.093344,195.594295,192.521358,193.754301,187.178923,28723856.000000
2019-07-15,193.910297,195.889627,193.639265,195.079882,188.459518,21972002.000000
2019-07-16,194.942769,199.082662,193.845250,197.537000,190.833250,27045234.000000
2019-07-17,196.720497,198.141923,194.893061,195.309102,188.680959,75223186.000000
2019-07-18,194.464367,195.063524,192.737902,193.309703,186.749413,52921334.000000
2019-07-19,193.322420,193.739742,192.798650,193.459706,186.894325,21079647.000000
2019-07-22,192.503548,193.021984,190.053108,191.351087,184.857266,26141019.000000
2019-07-23,191.705810,191.956420,190.943132,191.083078,184.875665,27457768.000000
2019-07-24,190.880996,191.865087,190.608143,191.442359,185.223276,21034255.000000
2019-07-25,191.616263,193.008164,190.897472,192.412384,186.161789,27654387.000000
2019-07-26,192.801541,194.603530,192.009206,193.707199,187.414542,27936208.000000
2019-07-29,193.843469,195.117996,193.079603,194.818476,188.489717,18515373.000000
2019-07-30,195.509872,196.250724,194.973711,195.502792,189.151804,34278660.000000
2019-07-31,195.799744,196.181143,195.371054,195.658859,189.302800,34398760.000000
2019-08-01,195.628465,196.803549,195.094900,196.305924,189.928845,17739634.000000
2019-08-02,195.537150,196.809530,192.060652,193.377620,187.095668,47266640.000000
2019-08-05,192.385793,193.029257,190.237112,191.246178,185.033467,27579126.000000
2019-08-06,191.486862,194.503953,190.678140,194.009634,187.707151,25435587.000000
2019-08-07,193.499077,194.106831,192.244371,192.803741,186.540433,19335019.000000
2019-08-08,192.802952,192.976978,192.373689,192.643300,186.385203,19019877.000000
2019-08-09,192.337322,192.914040,191.383172,192.132845,185.891330,22283316.000000
2019-08-12,192.132696,193.302683,191.718468,192.950485,186.682410,23135900.000000
2019-08-13,193.341594,195.800916,192.722181,194.493125,188.174936,42696744.000000
2019-08-14,194.764100,195.387861,192.344876,192.799475,186.536305,36146751.000000
2019-08-15,192.280585,192.843394,192.121480,192.694116,186.434368,20958684.000000
2019-08-16,193.055481,195.836118,191.718415,194.604291,188.282491,49435587.000000
2019-08-19,194.529185,195.362435,194.187706,195.146360,188.806950,23681561.000000
2019-08-20,195.560883,195.674049,194.980064,195.388296,189.041027,27447814.000000
2019-08-21,195.953651,197.238370,195.205042,196.322129,189.944524,36623028.000000
2019-08-22,196.714172,197.551051,195.821791,197.196286,190.790283,26241526.000000
2019-08-23,196.846933,197.665478,196.420162,197.262268,190.854122,26297984.000000
2019-08-26,196.823120,197.097938,195.742929,196.047204,189.678530,37920303.000000
2019-08-27,195.899526,196.565878,195.321057,195.977665,189.611250,27669031.000000
2019-08-28,195.042221,196.084843,192.026876,193.621095,187.331234,31509976.000000
2019-08-29,194.404941,197.213318,192.977800,195.996470,189.629444,27348973.000000
2019-08-30,195.369801,196.220368,193.376803,194.640469,188.317493,24632089.000000
2019-09-02,193.963928,194.353871,191.774027,192.663614,186.404858,26526679.000000
2019-09-03,191.955809,192.250418,191.084090,192.017321,185.779560,22585804.000000
2019-09-04,192.256051,195.344110,191.395819,194.544123,188.224278,19433588.000000
2019-09-05,194.822195,195.158026,194.515092,194.897357,188.566036,28161478.000000
2019-09-06,195.031847,197.233836,194.139023,196.232935,189.858228,39223810.000000
2019-09-09,196.410287,199.214246,195.609466,198.272890,191.831914,36035121.000000
2019-09-10,198.342358,200.741797,197.890919,200.224029,193.719669,14334048.000000
2019-09-11,200.730730,202.099017,200.476103,201.438302,194.894496,29281062.000000
2019-09-12,201.787338,202.932412,201.289561,202.270614,195.699770,35236441.000000
2019-09-13,202.180569,202.885239,201.594430,202.605258,196.023543,25083058.000000
2019-09-16,203.251226,204.983111,202.909239,204.465503,197.823358,44444105.000000
2019-09-17,204.621910,204.912307,204.022255,204.468563,197.826317,21066471.000000
2019-09-18,204.946746,205.240935,204.313595,204.425141,197.784306,18008578.000000
2019-09-19,204.789747,205.995718,203.869656,205.241832,198.574467,25492384.000000
2019-09-20,204.937705,205.518306,204.082394,204.411457,197.771066,32138346.000000
2019-09-23,205.103142,206.584554,204.839537,205.523854,198.847327,26585628.000000
2019-09-24,204.716383,205.544445,204.041020,204.566641,197.921209,42313552.000000
2019-09-25,203.544870,204.776444,201.774602,202.278659,195.707554,38990966.000000
2019-09-26,202.403928,203.139516,200.912894,201.578000,195.029656,48034760.000000
2019-09-27,201.550146,202.721526,200.980757,202.463322,195.886218,27781921.000000
2019-09-30,201.847172,202.983179,199.846939,200.611594,194.094644,16614572.000000
2019-10-01,200.033542,202.860209,194.424598,196.873548,190.478030,25520761.000000
2019-10-02,196.350186,197.142042,195.784425,196.978165,190.579248,17927087.000000
2019-10-03,197.241124,197.631035,196.851001,197.169956,190.764809,14247343.000000
2019-10-04,196.553634,197.067492,193.769612,195.363855,189.017380,63257524.000000
2019-10-07,195.631600,196.012395,194.999872,195.430487,189.081847,19676990.000000
2019-10-08,194.793797,196.483762,191.912885,192.595850,186.339294,20029270.000000
2019-10-09,192.967276,193.436022,192.321877,192.808927,186.545450,34798660.000000
2019-10-10,192.722542,193.926084,190.578013,191.553844,185.331139,26875399.000000
2019-10-11,190.190392,191.276153,187.859620,189.327223,183.176850,36313042.000000
2019-10-14,190.726353,194.699310,190.160878,192.886072,186.620088,38803796.000000
2019-10-15,193.376779,194.296500,193.133110,193.577867,187.289411,34039176.000000
2019-10-16,192.455839,194.159630,187.835077,190.035728,183.862339,25027194.000000
2019-10-17,189.459799,190.243827,187.667018,188.359799,182.240853,32851159.000000
2019-10-18,187.171832,188.183846,185.243804,186.097025,180.322070,32113417.000000
2019-10-21,185.518104,186.314983,184.237273,184.908284,179.170218,30394263.000000
2019-10-22,186.030083,186.245409,184.520127,184.958811,179.219177,32627506.000000
2019-10-23,184.092403,185.347279,182.205664,183.292395,177.604473,22272724.000000
2019-10-24,182.079385,183.711166,180.089268,180.776529,175.166679,25617746.000000
2019-10-25,180.993272,181.992147,180.324670,181.376469,175.748002,29972697.000000
2019-10-28,181.069001,181.612608,180.460074,181.287924,175.662205,34586374.000000
2019-10-29,180.816879,181.249070,180.675449,180.980530,175.364350,23687846.000000
2019-10-30,181.832623,184.126875,180.641230,182.849946,177.175754,42521363.000000
2019-10-31,183.626206,186.547587,182.981076,185.126127,179.381301,35341429.000000
2019-11-01,185.698932,188.267123,185.044093,186.958012,181.156339,25096508.000000
2019-11-04,186.181388,186.542774,185.671789,185.982401,180.211002,35001273.000000
2019-11-05,185.420631,185.897669,184.559851,185.021415,179.279838,35005966.000000
2019-11-06,184.860667,185.541143,179.926437,181.951427,176.305117,20925020.000000
2019-11-07,182.173042,184.346475,181.820479,183.544627,177.848877,28885696.000000
2019-11-08,184.148776,186.405417,182.891922,185.738074,179.974258,27504266.000000
2019-11-11,186.215987,190.632666,184.003325,189.037027,183.170838,25350804.000000
2019-11-12,189.298665,190.350607,188.914114,189.662874,183.777263,19728770.000000
2019-11-13,190.448001,190.900707,188.793932,189.363285,183.486971,19676487.000000
2019-11-14,188.866970,190.478069,186.361677,186.827877,181.030242,39654081.000000
2019-11-15,187.204369,187.430280,185.440373,185.973524,180.202401,25479836.000000
2019-11-18,185.592177,186.354521,184.218068,184.645300,178.915395,19986744.000000
2019-11-19,185.801735,188.943241,184.393719,187.205284,181.395937,33480628.000000
2019-11-20,186.443387,187.262259,180.796155,182.852381,177.178113,32187288.000000
2019-11-21,182.942047,183.682685,181.099057,182.071156,176.421132,25608775.000000
2019-11-22,181.455603,182.257042,178.181208,179.602931,174.029501,39965859.000000
2019-11-25,179.827577,180.000520,179.483190,179.753440,174.175339,18246651.000000
2019-11-26,180.106370,181.806188,179.367867,181.114822,175.494475,30451400.000000
2019-11-27,179.775686,180.195455,178.335415,179.229756,173.667906,34745136.000000
2019-11-28,178.284793,178.731111,176.026416,176.454541,170.978811,52602142.000000
2019-11-29,175.976143,177.294006,174.167120,174.517257,169.101645,36276823.000000
2019-12-02,174.284276,175.309539,171.837965,173.219294,167.843960,38516317.000000
2019-12-03,173.210203,175.886179,172.427919,175.511845,170.065369,25943241.000000
2019-12-04,176.128636,176.802331,175.727870,175.993649,170.532221,34142462.000000
2019-12-05,175.769536,176.069017,174.823884,175.159357,169.723819,18524629.000000
2019-12-06,175.031901,175.218097,173.921979,174.418536,169.005987,18922418.000000
2019-12-09,173.903731,174.736547,173.462175,174.493451,169.078577,25262090.000000
2019-12-10,175.029915,175.362497,174.221629,175.120279,169.685954,19961440.000000
2019-12-11,175.599774,177.454012,174.091198,176.927383,171.436979,47819201.000000
2019-12-12,176.313413,176.767266,175.786437,176.355636,170.882975,36851945.000000
2019-12-13,175.439643,176.198243,175.183710,175.914670,170.455693,44122803.000000
2019-12-16,176.205502,177.118017,175.622322,176.635984,171.154623,21481087.000000
2019-12-17,176.160674,176.459708,174.699599,175.626418,170.176386,24907986.000000
2019-12-18,176.295810,179.956013,174.754192,178.691569,173.146420,53577242.000000
2019-12-19,178.096589,178.340461,176.845878,177.228923,171.729162,27732821.000000
2019-12-20,177.285968,179.504340,176.111476,178.565887,173.024638,24049876.000000
2019-12-23,178.938119,180.472140,178.137115,180.122885,174.533319,38578146.000000
2019-12-24,180.574734,181.817653,180.129081,181.037126,175.419190,36552958.000000
2019-12-25,180.049638,181.469575,176.029997,177.438463,171.932200,36597188.000000
2019-12-26,176.617794,177.505311,174.630233,175.553000,170.105247,20573795.000000
2019-12-27,176.763412,182.862339,174.395665,180.443266,174.843758,30169907.000000
2019-12-30,182.158366,188.796630,178.606826,187.212839,181.403258,60387282.000000
2019-12-31,186.884309,187.904679,185.092571,185.695950,179.933441,31860666.000000
2020-01-01,186.091634,186.226739,185.449273,185.796978,180.031334,10397271.000000
2020-01-02,186.444713,190.047813,186.006916,188.266961,182.424669,45299012.000000
2020-01-03,187.061236,188.961254,183.949525,185.322924,179.571991,62396970.000000
2020-01-06,185.418302,187.243375,184.777095,186.630500,180.838990,24365449.000000
2020-01-07,186.647541,187.845541,186.249740,187.362183,181.547968,23501955.000000
2020-01-08,187.359023,188.885833,183.572976,184.750336,179.017172,32565857.000000
2020-01-09,185.202865,190.274287,183.298123,188.157589,182.318691,48753652.000000
2020-01-10,187.286979,188.282281,186.131421,186.717147,180.922949,27393250.000000
2020-01-13,186.072882,187.202136,182.941456,183.984242,178.274851,43227148.000000
2020-01-14,184.544857,187.438708,183.613794,186.051912,180.278357,49122069.000000
2020-01-15,186.963371,191.428045,186.114058,189.454759,183.851384,42029952.000000
2020-01-16,189.126747,190.006060,187.678804,188.264222,182.696059,16577164.000000
2020-01-17,188.337216,189.345780,187.949161,188.722252,183.140541,36019082.000000
2020-01-20,187.849764,188.381376,186.613976,187.543878,181.997020,44596907.000000
2020-01-21,188.519551,188.943613,187.285615,187.762363,182.209042,29551765.000000
2020-01-22,188.002087,188.529565,186.167017,187.078318,181.545229,53743449.000000
2020-01-23,186.720505,186.977807,185.852961,186.506374,180.990201,25062360.000000
2020-01-24,185.298342,186.833030,184.899110,186.199004,180.691922,36739923.000000
2020-01-27,186.209604,186.903051,185.246611,185.707039,180.214508,17931435.000000
2020-01-28,186.324398,188.369236,185.978969,187.974021,182.414441,39863884.000000
2020-01-29,187.898772,188.197605,187.665749,188.012181,182.451472,26793106.000000
2020-01-30,189.654427,196.315232,187.354870,194.324271,188.576874,32533749.000000
2020-01-31,195.071448,198.681210,193.853564,196.986971,191.160821,33464250.000000
2020-02-03,197.545633,200.685585,197.085022,199.021617,193.135289,40254212.000000
2020-02-04,201.119100,208.405647,198.777666,205.359881,199.286091,48048279.000000
2020-02-05,204.402705,206.809857,198.497185,200.910163,194.967979,52790563.000000
2020-02-06,201.811729,207.904693,199.512166,205.697929,199.614141,36370215.000000
2020-02-07,204.272868,205.323592,200.975543,202.523313,196.533418,29078264.000000
2020-02-10,203.801908,210.044115,201.609076,207.829716,201.682877,43986227.000000
2020-02-11,207.762104,209.480999,207.327436,208.738953,202.565223,21552187.000000
2020-02-12,209.372203,209.986818,207.618232,208.219917,202.061538,20687620.000000
2020-02-13,209.731811,216.432294,207.304984,214.453510,208.110764,58024363.000000
2020-02-14,213.853360,216.222976,210.215483,210.862179,204.625651,59015459.000000
2020-02-17,211.703485,215.405668,210.534807,213.450014,207.136948,24225812.000000
2020-02-18,213.899367,214.427077,212.762441,213.037710,206.736838,22366297.000000
2020-02-19,212.781583,215.850519,212.362644,214.657477,208.308698,44933378.000000
2020-02-20,215.279794,216.270536,214.817155,215.456214,209.083812,28079916.000000
2020-02-21,215.240200,216.128286,214.647358,215.761449,209.380019,23190760.000000
2020-02-24,215.261017,216.132900,214.838161,215.948394,209.561435,29613674.000000
2020-02-25,217.153660,221.272618,214.958308,220.093237,213.583688,49876521.000000
2020-02-26,219.344953,220.535837,217.606252,218.843995,212.371394,25893480.000000
2020-02-27,218.909740,220.823023,218.404266,220.050372,213.542092,24265156.000000
2020-02-28,219.901680,220.944304,219.263413,220.282927,213.767768,22348009.000000
2020-03-02,222.173616,226.447200,221.061829,224.842698,218.192678,31555659.000000
2020-03-03,225.389920,225.586079,224.566740,224.774292,218.126295,24624907.000000
2020-03-04,225.726709,226.906920,224.644494,226.204266,219.513976,28621812.000000
2020-03-05,225.698472,226.037956,225.113095,225.605117,218.932547,33215710.000000
2020-03-06,225.083571,225.895399,224.386532,224.897423,218.245784,22401285.000000
2020-03-09,225.736830,226.287285,223.717099,224.284160,217.650659,23912926.000000
2020-03-10,224.559742,225.552476,224.272332,224.901573,218.249812,32414467.000000
2020-03-11,224.852020,225.301899,222.934201,223.833058,217.212899,31567526.000000
2020-03-12,223.651423,224.200246,222.797471,223.343136,216.737467,17609976.000000
2020-03-13,223.387892,224.737757,222.520259,224.361636,217.725844,26243088.000000
2020-03-16,224.463103,227.369409,223.727362,226.839327,220.130253,41163763.000000
2020-03-17,226.910738,227.330933,226.517360,226.890065,220.179492,20216906.000000
2020-03-18,226.826350,228.339233,225.812330,227.717684,220.982632,53316932.000000
2020-03-19,228.539495,230.811637,227.864347,230.285525,223.474526,35249342.000000
2020-03-20,229.274689,230.209189,226.903879,227.699383,220.964873,32970466.000000
2020-03-23,227.895045,228.244093,227.382131,227.651843,220.918739,29303552.000000
2020-03-24,227.202325,227.868636,226.506922,227.223772,220.503328,29855569.000000
2020-03-25,227.606652,229.669241,226.590118,229.229308,222.449548,32920709.000000
2020-03-26,228.422427,228.716666,226.481284,227.417063,220.690903,25841480.000000
2020-03-27,226.993823,228.583833,226.516454,228.229066,221.478889,24876657.000000
2020-03-30,227.597076,228.302731,225.147542,226.765692,220.058797,24008523.000000
2020-03-31,226.442052,228.139318,223.758295,224.958256,218.304818,45796894.000000
2020-04-01,224.671177,225.538577,223.097557,224.028315,217.402381,14411076.000000
2020-04-02,224.125921,225.564239,223.836804,224.822934,218.173498,24660838.000000
2020-04-03,226.197960,228.740409,224.189668,227.461118,220.733654,30283822.000000
2020-04-06,229.472234,230.321143,228.378947,228.807622,222.040334,30822942.000000
2020-04-07,229.487534,230.231967,228.305164,229.297593,222.515813,13207960.000000
2020-04-08,229.047911,229.658111,227.999796,228.330698,221.577516,34180225.000000
2020-04-09,229.613772,232.411215,227.554163,231.757997,224.903447,29675506.000000
2020-04-10,232.528947,233.833891,231.404348,233.202617,226.305341,22788254.000000
2020-04-13,233.397712,234.070205,232.335164,232.571852,226.032280,53219831.000000
2020-04-14,233.041383,233.601179,232.766945,233.294497,226.734605,20025794.000000
2020-04-15,233.401184,234.755919,232.301798,234.110363,227.527531,23954610.000000
2020-04-16,235.022812,237.714313,234.408388,236.292828,229.648628,26832239.000000
2020-04-17,235.508206,236.364725,232.414004,233.890471,227.313821,41654074.000000
2020-04-20,234.366884,236.979401,233.940044,235.966570,229.331544,19845810.000000
2020-04-21,237.332810,238.404754,236.012155,237.932537,231.242231,21744555.000000
2020-04-22,238.189463,239.343175,237.740129,238.561822,231.853821,38264231.000000
2020-04-23,238.020863,239.180382,234.357202,235.885741,229.252988,35278544.000000
2020-04-24,236.191535,236.623343,233.577925,234.761618,228.160473,21997510.000000
2020-04-27,235.169650,239.274046,234.231855,237.444129,230.767556,39807322.000000
2020-04-28,238.178007,239.124855,237.486579,238.463237,231.758008,17827654.000000
2020-04-29,239.083087,239.316007,237.382027,238.082252,231.387736,25078212.000000
2020-04-30,238.886669,241.294135,237.696757,240.079959,233.329271,30847481.000000
2020-05-01,241.067172,241.753517,239.350434,239.843326,233.099291,23917406.000000
2020-05-04,239.054079,240.001452,236.411804,237.259467,230.588086,25176798.000000
2020-05-05,237.003381,238.693902,235.790369,238.316322,231.615225,22128066.000000
2020-05-06,238.538753,241.109641,237.977757,239.708076,232.967844,48455836.000000
2020-05-07,240.141000,241.311455,239.676357,240.956945,234.181597,34693154.000000
2020-05-08,240.083664,240.675024,236.098981,238.108539,231.413284,16491642.000000
2020-05-11,237.525893,240.482101,236.720488,239.710746,232.970440,27380608.000000
2020-05-12,239.831534,240.055801,237.961808,238.974575,232.254969,26908829.000000
2020-05-13,237.975267,239.829713,233.891453,235.733162,229.104699,39895534.000000
2020-05-14,234.593383,235.361704,233.968035,234.939013,228.332880,29308307.000000
2020-05-15,235.089528,235.524140,233.894510,234.137103,227.553519,39332830.000000
2020-05-18,233.190301,233.899937,228.971046,231.041110,224.544580,31909859.000000
2020-05-19,231.679724,233.996721,230.746078,232.646189,226.104527,29039101.000000
2020-05-20,233.220195,233.488682,231.570724,231.850303,225.331020,30633419.000000
2020-05-21,230.942284,231.421002,229.202051,229.877391,223.413583,25254601.000000
2020-05-22,229.803011,231.353007,229.043375,230.535968,224.053642,25655227.000000
2020-05-25,231.706972,236.189518,229.550024,234.199811,227.614464,26465089.000000
2020-05-26,233.802460,236.726272,232.649404,235.970563,229.335425,37760906.000000
2020-05-27,236.102168,236.684099,235.214963,235.576305,228.952253,19242124.000000
2020-05-28,235.062428,236.059035,234.514670,235.463403,228.842525,28391617.000000
2020-05-29,235.172974,236.207675,234.214399,234.476590,227.883459,21686440.000000
2020-06-01,234.130691,235.390756,232.841631,233.793193,227.219279,40310034.000000
2020-06-02,234.338403,234.574625,233.840686,234.189719,227.604656,32506044.000000
2020-06-03,233.973364,235.146071,229.075300,230.799835,224.310090,22246281.000000
2020-06-04,230.641413,231.562585,230.063288,231.100747,224.602541,23514960.000000
2020-06-05,231.137361,232.213574,230.461410,231.694262,225.179367,18751270.000000
2020-06-08,233.043078,235.831744,231.361683,234.403895,227.812809,27529986.000000
2020-06-09,234.128827,234.698357,233.752017,234.160799,227.576548,24817677.000000
2020-06-10,234.861738,235.511152,233.859242,235.015749,228.407458,26629481.000000
2020-06-11,235.032740,235.502964,234.672264,234.981704,228.374371,29224049.000000
2020-06-12,235.930514,238.824669,234.230499,237.766189,231.080560,27354107.000000
2020-06-15,236.754574,237.406828,233.589673,235.384583,228.765922,41458153.000000
2020-06-16,234.310575,235.684652,233.555974,234.732266,228.131946,33951462.000000
2020-06-17,233.654448,235.253765,231.497427,232.718731,226.175029,24688655.000000
2020-06-18,233.518821,235.782905,232.306139,234.813056,228.210465,25100995.000000
2020-06-19,235.350335,238.569625,233.775328,237.630365,230.948555,57722074.000000
2020-06-22,236.991316,238.333386,234.036503,235.291560,228.675514,52851521.000000
2020-06-23,234.828814,236.126590,231.158065,233.143549,226.587902,18085456.000000
2020-06-24,234.023654,235.717635,233.193462,235.080466,228.470356,24063788.000000
2020-06-25,235.129086,235.716565,234.479740,235.302569,228.686213,27048841.000000
2020-06-26,235.556720,236.881230,232.081836,233.002817,226.451127,36165801.000000
2020-06-29,232.753005,233.556171,232.262920,232.654662,226.112762,20041491.000000
2020-06-30,233.083858,236.586875,232.381283,235.518422,228.895997,29149899.000000
2020-07-01,235.748611,236.260953,234.604415,234.851407,228.247737,20421671.000000
2020-07-02,233.832219,234.692420,232.141092,233.130445,226.575166,24818289.000000
2020-07-03,233.565414,236.291117,232.878789,235.481835,228.860438,32343527.000000
2020-07-06,235.576034,237.053831,234.488891,236.657993,230.003525,19741542.000000
2020-07-07,236.487099,237.591278,235.647996,237.305561,230.632884,30950859.000000
2020-07-08,237.092583,238.735747,236.465107,238.132758,231.436822,25422042.000000
2020-07-09,237.308473,238.556451,234.355394,235.908593,229.619627,28762513.000000
2020-07-10,236.795797,237.751006,236.129358,236.800569,230.487823,24531255.000000
2020-07-13,236.735186,237.533175,235.327100,236.097137,229.803144,34071879.000000
2020-07-14,235.578892,236.615238,233.606636,234.784872,228.525863,23253808.000000
2020-07-15,235.033917,236.295409,234.177786,235.702604,229.419129,35703057.000000
2020-07-16,235.785342,236.296147,234.648672,235.356681,229.082428,23938837.000000
2020-07-17,235.608579,237.480591,235.267223,237.120600,230.799323,36905587.000000
2020-07-20,236.791424,238.145672,235.990876,237.476453,231.145690,42623363.000000
2020-07-21,237.252283,238.312023,236.004107,236.789546,230.477095,23120389.000000
2020-07-22,236.958866,240.740893,236.287524,239.349091,232.968406,45099213.000000
2020-07-23,238.890045,239.671698,237.162125,237.620133,231.285540,49940167.000000
2020-07-24,236.438805,237.399357,233.373567,234.459474,228.209138,26328012.000000
2020-07-27,235.448718,239.920077,234.207048,237.761252,231.422897,35026060.000000
2020-07-28,238.202548,239.473172,235.182077,236.315866,230.016042,18766173.000000
2020-07-29,235.560623,236.810934,235.300005,236.355871,230.054981,26198125.000000
2020-07-30,236.380251,237.318110,234.288552,235.235141,228.964127,35232014.000000
2020-07-31,235.479110,236.449889,232.282787,233.571340,227.344681,27505227.000000
2020-08-03,234.248524,237.182680,232.867077,235.730174,229.445964,22199232.000000
2020-08-04,236.985858,240.666403,235.901200,238.830620,232.463756,31718303.000000
2020-08-05,239.368131,242.077703,238.314924,241.453123,235.016348,20603356.000000
2020-08-06,239.913228,240.653081,238.302155,239.332843,232.952591,50212800.000000
2020-08-07,239.406203,240.521096,236.734916,237.745268,231.407339,27415174.000000
2020-08-10,237.296213,239.477177,236.880818,239.113494,232.739090,24570602.000000
2020-08-11,238.892200,239.595726,235.421493,236.514034,230.208927,24146887.000000
2020-08-12,235.572556,236.213692,235.195595,235.745896,229.461267,32919951.000000
2020-08-13,235.238213,236.738362,234.211280,235.979215,229.688366,28201721.000000
2020-08-14,235.954972,238.922412,235.026172,237.820941,231.480994,22862050.000000
2020-08-17,237.988056,240.356195,236.888976,239.981043,233.583511,48564309.000000
2020-08-18,239.745943,240.978942,239.525688,240.651585,234.236177,26264552.000000
2020-08-19,240.385460,241.986751,236.970181,238.077100,231.730324,31223773.000000
2020-08-20,236.894162,237.896504,234.828368,236.116253,229.821750,31336552.000000
2020-08-21,236.829873,238.221027,235.875618,237.574566,231.241187,14049512.000000
2020-08-24,238.504811,246.126225,236.875078,244.029864,237.524397,39287241.000000
2020-08-25,243.815296,244.761395,243.527930,244.228557,237.717793,22565371.000000
2020-08-26,244.668001,246.932478,244.010151,245.904221,239.348786,27142222.000000
2020-08-27,246.586355,250.146428,245.168036,249.191046,242.547989,48831382.000000
2020-08-28,248.338018,249.245053,245.224471,246.709409,240.132509,38018818.000000
2020-08-31,246.578407,246.849769,244.382347,245.301559,238.762190,24528949.000000
2020-09-01,246.645340,249.152059,244.600218,247.777601,241.172225,38073763.000000
2020-09-02,248.242274,249.088094,248.007820,248.546866,241.920982,49733895.000000
2020-09-03,249.616489,250.396404,248.463668,250.036247,243.370658,29909504.000000
2020-09-04,249.129939,249.804681,248.297265,249.306182,242.660056,37244635.000000
2020-09-07,248.817662,249.080005,247.424466,248.510802,241.885880,26712883.000000
2020-09-08,248.546814,249.033503,245.666459,246.924619,240.341982,18212745.000000
2020-09-09,246.446446,247.047437,245.881411,246.624162,240.049535,37149709.000000
2020-09-10,246.998416,248.950867,246.509112,248.103292,241.489233,49600714.000000
2020-09-11,248.703625,250.226539,244.503324,245.947052,239.390475,29160896.000000
2020-09-14,244.430519,245.968913,239.985534,242.151351,235.695962,25771291.000000
2020-09-15,241.433535,242.404932,241.028701,241.997980,235.546680,17546916.000000
2020-09-16,242.390701,242.668739,240.182016,240.882527,234.460963,28340665.000000
2020-09-17,240.855630,241.489354,239.870673,240.227462,233.823361,27318023.000000
2020-09-18,240.485242,241.118618,240.003578,240.443867,234.033997,25063681.000000
2020-09-21,239.657938,241.067627,239.418960,240.833812,234.413547,30850962.000000
2020-09-22,241.065102,244.129982,239.588988,242.798609,236.325965,29335707.000000
2020-09-23,242.934295,244.136383,242.179190,243.239023,236.754638,29732581.000000
2020-09-24,244.451656,249.384515,243.732203,247.025528,240.440201,29817517.000000
2020-09-25,247.529224,248.040276,245.619712,245.896856,239.341618,27316882.000000
2020-09-28,245.371311,246.350216,242.342904,244.113132,237.605445,37566033.000000
2020-09-29,242.497255,243.264724,241.970849,242.317312,235.857499,18329078.000000
2020-09-30,242.936480,244.884502,241.747531,244.039693,237.533963,26047577.000000
2020-10-01,244.328792,244.783623,243.902642,244.062393,237.556059,20796816.000000
2020-10-02,244.486339,245.957666,244.016394,244.940052,238.410320,23909110.000000
2020-10-05,245.498148,248.859703,244.626924,247.149693,240.561056,65214749.000000
2020-10-06,247.406699,248.268206,246.519948,247.783731,241.540502,31731344.000000
2020-10-07,248.205585,248.801700,247.963444,248.191289,241.937791,34040781.000000
2020-10-08,247.420615,248.091670,247.139162,247.472811,241.237416,34917484.000000
2020-10-09,245.934119,248.855257,241.306459,242.404897,236.297195,34319282.000000
2020-10-12,241.583934,243.669005,241.215448,243.121622,236.995861,34636313.000000
2020-10-13,241.475855,242.891544,236.668322,238.777830,232.761516,24491241.000000
2020-10-14,239.482422,243.256174,238.824189,242.580632,236.468502,39524920.000000
2020-10-15,241.495144,242.329373,239.295301,239.762379,233.721259,76109732.000000
2020-10-16,239.554845,240.367357,238.723261,239.249200,233.221010,21463476.000000
2020-10-19,238.332184,239.513486,235.513404,237.190418,231.214101,39162224.000000
2020-10-20,237.632778,239.376253,236.385662,238.614224,232.602033,26024410.000000
2020-10-21,239.084354,239.379383,238.334640,238.561957,232.551082,17342201.000000
2020-10-22,238.668977,241.079836,237.529637,239.863666,233.819993,27612950.000000
2020-10-23,240.931392,241.970469,239.722722,241.587509,235.500402,28589814.000000
2020-10-26,241.648839,242.682009,239.530520,239.922315,233.877165,38475239.000000
2020-10-27,239.236274,240.921617,236.420836,237.279543,231.300981,34414007.000000
2020-10-28,237.220833,237.512666,235.947671,236.874048,230.905702,11275627.000000
2020-10-29,236.939202,238.313572,236.136377,237.699481,231.710337,33073747.000000
2020-10-30,238.136496,239.150076,237.215301,238.135390,232.135263,25136814.000000
2020-11-02,237.676235,238.212338,234.688722,236.027714,230.080693,77699291.000000
2020-11-03,236.323696,240.479961,235.485202,238.958953,232.938076,37076827.000000
2020-11-04,238.136725,239.317629,236.183819,237.171332,231.195496,31776111.000000
2020-11-05,237.490051,238.266210,236.562447,237.630391,231.642989,36167215.000000
2020-11-06,238.831175,239.278519,237.094493,237.495451,231.511448,30592415.000000
2020-11-09,237.689459,238.197703,237.071343,237.306322,231.327084,10502406.000000
2020-11-10,236.461865,237.120462,235.835132,236.344608,230.389602,25714113.000000
2020-11-11,236.276912,236.559856,234.788076,235.435653,229.503550,19637504.000000
2020-11-12,235.893705,236.759801,235.184599,236.045697,230.098223,25663086.000000
2020-11-13,235.902838,237.002430,234.174069,234.511506,228.602688,22979059.000000
2020-11-16,235.011310,235.580376,234.217582,234.721914,228.807794,28804038.000000
2020-11-17,236.363434,238.377681,235.631002,237.231957,231.254594,57541956.000000
2020-11-18,237.656852,238.558413,237.279947,237.911815,231.917322,15049528.000000
2020-11-19,237.397404,239.103911,234.212295,235.547547,229.612624,41684946.000000
2020-11-20,234.802132,235.920906,234.304149,235.232927,229.305932,14298165.000000
2020-11-23,234.577014,235.547981,234.342423,234.919445,229.000348,14377658.000000
2020-11-24,234.678165,236.105033,232.768370,233.484188,227.601254,26465527.000000
2020-11-25,232.929201,234.065401,229.817854,231.087499,225.264953,23702673.000000
2020-11-26,230.535982,231.718200,228.134173,229.060227,223.288761,28671612.000000
2020-11-27,229.998218,230.942930,228.594582,229.493269,223.710892,37775438.000000
2020-11-30,229.676665,231.435356,229.088817,230.617399,224.806698,20258912.000000
2020-12-01,231.546186,231.739327,230.769705,231.175019,225.350267,25408595.000000
2020-12-02,230.668319,230.948313,229.930134,230.158121,224.358991,17816916.000000
2020-12-03,229.308297,231.713470,223.810349,226.172125,220.473428,37831903.000000
2020-12-04,225.137006,225.720787,222.548206,223.360430,217.732578,34707302.000000
2020-12-07,222.560008,224.865679,221.725558,224.210339,218.561072,16306050.000000
2020-12-08,224.557164,225.190794,224.337915,224.615514,218.956038,33846228.000000
2020-12-09,224.846258,225.300630,223.361808,223.850556,218.210354,27378604.000000
2020-12-10,223.937022,224.541878,222.173227,223.134447,217.512288,18721317.000000
2020-12-11,223.607745,225.207364,222.920803,224.314311,218.662424,30988848.000000
2020-12-14,225.460997,231.083425,223.164469,228.533991,222.775784,34417350.000000
2020-12-15,226.490001,227.477970,221.124322,223.471231,217.840587,31781250.000000
2020-12-16,223.312071,226.767711,222.717506,225.927778,220.235238,22420609.000000
2020-12-17,225.854950,226.452093,225.185492,225.547572,219.864611,31929302.000000
2020-12-18,226.264360,228.166540,224.656551,227.063537,221.342380,40030464.000000
2020-12-21,227.072309,228.281710,226.583793,227.682279,221.945532,15632405.000000
2020-12-22,229.084827,235.783021,228.027694,233.125952,227.252044,25549241.000000
2020-12-23,234.241189,235.137742,233.183985,234.047038,228.149922,16774821.000000
2020-12-24,234.016551,234.756038,232.635987,233.410413,227.529338,38432964.000000
2020-12-25,234.172382,237.633847,232.955452,236.376159,230.420359,44256910.000000
2020-12-28,235.857200,236.994302,234.351946,235.450232,229.517762,30211589.000000
2020-12-29,235.678804,237.060268,234.868826,236.451210,230.493519,27132599.000000
2020-12-30,236.382712,236.866376,235.927449,236.478753,230.520367,25894035.000000
2020-12-31,236.640973,238.525009,235.880347,237.752667,231.762183,18118847.000000
2021-01-01,239.129751,240.945886,238.670090,239.774636,234.084333,27420439.000000
2021-01-04,240.144336,240.473061,239.813425,240.135403,234.436538,24658493.000000
2021-01-05,240.246544,241.725587,239.347869,240.801112,235.086448,52313371.000000
2021-01-06,242.789537,246.598318,240.649489,244.968214,239.154657,22869135.000000
2021-01-07,246.168103,246.877947,243.423014,244.168598,238.374018,13938698.000000
2021-01-08,244.938532,247.005784,243.555342,246.168652,240.326607,52848169.000000
2021-01-11,246.733523,247.111401,246.022593,246.371516,240.524657,32189355.000000
2021-01-12,247.659066,249.237081,246.350996,247.955222,242.070778,36481979.000000
2021-01-13,248.525920,252.943991,248.066958,250.947089,244.991643,37670347.000000
2021-01-14,251.136086,251.720621,247.653437,249.207916,243.293744,27513985.000000
2021-01-15,249.792334,252.800652,248.890673,251.500331,245.531755,18747149.000000
2021-01-18,251.282255,251.640645,248.641975,249.627092,243.702971,28281136.000000
2021-01-19,250.307291,251.031888,248.352980,248.741756,242.838647,30555588.000000
2021-01-20,248.663371,248.845660,248.280067,248.627417,242.727020,34902693.000000
2021-01-21,249.266575,251.953797,248.614268,251.385060,245.419220,34535494.000000
2021-01-22,250.329630,250.946937,249.698860,250.130578,244.194509,21403015.000000
2021-01-25,249.526351,250.945290,245.979006,247.538953,241.664388,39841005.000000
2021-01-26,249.201946,253.147743,247.764295,252.117712,246.134484,50356399.000000
2021-01-27,252.088107,254.683140,251.037853,253.689804,247.669268,22757802.000000
2021-01-28,253.162461,254.482674,250.098119,250.705417,244.755706,28207839.000000
2021-01-29,249.635553,250.564992,245.205539,247.215512,241.348623,47278625.000000
2021-02-01,246.204583,247.260885,242.963399,243.869377,238.081898,25857611.000000
2021-02-02,243.765813,244.413015,242.795595,243.327583,237.552962,12791092.000000
2021-02-03,242.506484,243.594752,240.590813,241.482428,235.751595,24790011.000000
2021-02-04,242.055822,242.760452,241.685841,242.252371,236.503267,22854710.000000
2021-02-05,240.373771,241.307859,233.237371,236.368209,230.758747,42137122.000000
2021-02-08,235.862588,236.804934,233.554664,234.335692,228.774465,24941547.000000
2021-02-09,233.926702,236.241985,230.187950,230.911724,225.431755,33682096.000000
2021-02-10,231.587375,232.604205,231.156839,232.146064,226.636801,25814334.000000
2021-02-11,231.906407,232.886877,228.866550,230.182326,224.719666,32326442.000000
2021-02-12,231.157385,232.844733,230.699544,232.099246,226.591095,15744855.000000
2021-02-15,231.187761,232.379736,230.690163,231.718630,226.219511,12916303.000000
2021-02-16,230.681734,231.117185,228.349302,229.596880,224.148114,46072674.000000
2021-02-17,229.636600,230.339345,229.233552,229.822953,224.368822,22461680.000000
2021-02-18,230.918852,233.994382,230.272225,232.497693,226.980085,30839819.000000
2021-02-19,232.225733,232.735257,231.107488,232.001246,226.495420,8446923.000000
2021-02-22,232.473438,234.359937,231.193881,233.659291,228.114117,21092022.000000
2021-02-23,233.856440,234.547497,232.683306,232.969039,227.440246,16913604.000000
2021-02-24,232.783542,234.011562,232.262039,233.459224,227.918798,22137465.000000
2021-02-25,233.161058,234.236157,231.384639,232.345020,226.831035,31545905.000000
2021-02-26,232.798709,235.102235,231.615014,234.008285,228.454829,30712267.000000
2021-03-01,233.793467,234.427243,232.538857,233.164228,227.630803,29198590.000000
2021-03-02,232.925142,233.668981,231.842830,232.301776,226.788818,24804576.000000
2021-03-03,232.879758,233.505590,232.049738,232.637283,227.116362,16652808.000000
2021-03-04,231.981450,232.322655,229.969925,230.943014,225.462302,39161535.000000
2021-03-05,231.254394,231.680443,230.498359,230.917084,225.436987,25062925.000000
2021-03-08,230.988317,234.158525,229.451714,233.460930,227.920463,37608110.000000
2021-03-09,232.925897,235.903531,232.109693,235.379861,229.793854,22306258.000000
2021-03-10,235.753301,236.329480,233.542851,233.965898,228.413448,22304415.000000
2021-03-11,233.931304,237.843655,232.466821,236.910907,231.288566,27633219.000000
2021-03-12,236.606194,239.745894,235.990381,238.220607,232.567183,19686413.000000
2021-03-15,238.721358,239.061022,236.098914,237.063199,231.437243,36738391.000000
2021-03-16,236.894139,238.988311,236.198534,238.146294,232.494634,22032421.000000
2021-03-17,238.159201,238.677888,235.879645,236.621456,231.005983,33627933.000000
2021-03-18,237.771334,240.373740,236.756875,238.966389,233.295267,37406980.000000
2021-03-19,239.861568,242.697553,239.015954,241.188484,235.464627,26744643.000000
2021-03-22,241.646649,244.659575,240.214823,243.706781,237.923161,16812699.000000
2021-03-23,243.633561,244.620710,241.265082,241.646447,235.911723,51112323.000000
2021-03-24,240.936146,242.563427,240.620022,242.098094,236.352651,22382850.000000
2021-03-25,243.617642,249.270937,242.332369,246.712683,240.857727,41285998.000000
2021-03-26,245.864298,248.735018,240.135317,242.017877,236.274337,19568040.000000
2021-03-29,242.497316,246.435898,240.671372,244.927584,239.114992,35761771.000000
2021-03-30,244.523984,245.454096,242.748729,243.976481,238.186460,21730706.000000
2021-03-31,243.199628,244.869786,242.467555,244.375900,238.934802,32907381.000000
2021-04-01,244.881070,247.302264,243.516800,246.095514,240.616129,41218361.000000
2021-04-02,245.658297,246.879255,245.322007,246.474789,240.986959,38839347.000000
2021-04-05,246.121246,247.555510,245.312577,246.868514,241.371918,22720582.000000
2021-04-06,246.983669,248.236794,246.093907,247.720838,242.205265,28279421.000000
2021-04-07,248.288752,248.606235,244.823575,246.178034,240.696812,44053624.000000
2021-04-08,245.522015,246.277901,244.034780,244.948643,239.494793,38864321.000000
2021-04-09,245.271418,245.866385,244.555385,244.952302,239.498370,25384406.000000
2021-04-12,244.495863,244.922158,241.613471,242.403562,237.006379,40737043.000000
2021-04-13,243.362586,246.871509,241.649154,244.988400,239.533665,37109958.000000
2021-04-14,245.721580,246.095142,244.030048,244.435355,238.992933,17252777.000000
2021-04-15,243.589791,245.055647,241.014278,242.310722,236.915607,46061387.000000
2021-04-16,241.768012,243.342836,241.436933,242.683498,237.280082,21243205.000000
2021-04-19,241.632122,243.008177,240.072539,240.486518,235.132019,54405732.000000
2021-04-20,240.451191,242.166420,240.143806,241.758007,236.375198,37575706.000000
2021-04-21,241.552260,242.320559,240.921178,241.849707,236.464856,14073781.000000
2021-04-22,242.295096,244.515739,240.915069,243.948903,238.517312,45094987.000000
2021-04-23,242.212237,242.838961,238.258647,240.618422,235.260986,40545827.000000
2021-04-26,240.998414,241.651527,240.593686,240.765685,235.404970,27982368.000000
2021-04-27,241.815836,242.487630,240.790653,241.622953,236.243150,15540034.000000
2021-04-28,241.513231,242.471387,239.366676,240.386082,235.033819,20160559.000000
2021-04-29,239.590708,240.054726,236.749251,237.950564,232.652529,56454945.000000
2021-04-30,238.268570,238.675078,237.863854,238.315978,233.009806,19334321.000000
2021-05-03,237.772271,239.551403,231.600659,233.436050,228.238532,39984403.000000
2021-05-04,234.221161,235.160806,233.721919,234.157404,228.943824,27882609.000000
2021-05-05,233.724055,234.679828,232.256437,232.556563,227.378626,31673638.000000
2021-05-06,232.182022,233.465118,227.485227,229.479900,224.370466,38344202.000000
2021-05-07,229.260170,230.438531,229.077959,230.002570,224.881499,37556875.000000
2021-05-10,229.408330,230.620472,224.488847,226.511978,221.468625,25333213.000000
2021-05-11,225.880537,227.668838,225.455992,227.308181,222.247101,18629166.000000
2021-05-12,226.817567,228.085937,223.465244,224.057660,219.068954,32809682.000000
2021-05-13,224.417255,227.738535,223.696316,226.688371,221.641091,38361793.000000
2021-05-14,226.979719,227.345335,226.724117,227.109320,222.052668,21238905.000000
2021-05-17,226.907516,228.877651,226.621594,227.971921,222.896062,23550873.000000
2021-05-18,228.427773,230.934396,227.232330,229.609733,224.497409,25182875.000000
2021-05-19,229.258397,231.768912,228.668071,230.946103,225.804023,37290110.000000
2021-05-20,229.940801,231.399606,227.878318,228.982467,223.884108,22158417.000000
2021-05-21,227.631746,228.796563,222.901551,224.942883,219.934467,43592059.000000
2021-05-24,225.261848,226.811588,224.286021,226.004417,220.972366,22563995.000000
2021-05-25,226.040875,227.328659,223.957727,224.500488,219.501922,15946875.000000
2021-05-26,225.013117,227.117831,224.543068,226.224949,221.187988,17080237.000000
2021-05-27,226.965411,227.501370,226.490953,227.107531,222.050918,28397041.000000
2021-05-28,227.030479,229.491728,225.943822,228.476443,223.389351,19125014.000000
2021-05-31,229.252946,231.519313,228.144381,230.128876,225.004993,51231680.000000
2021-06-01,231.954052,236.189168,228.713991,235.130406,229.895162,34950301.000000
2021-06-02,236.329685,240.877554,235.221140,239.291894,233.963994,50668156.000000
2021-06-03,240.699293,247.349875,238.074019,245.020465,239.565016,37366150.000000
2021-06-04,244.251075,244.818921,243.855025,244.633240,239.186413,22710586.000000
2021-06-07,245.413887,246.215498,244.551633,245.791139,240.318531,43162210.000000
2021-06-08,246.112030,248.945872,244.729476,248.118066,242.593648,25528507.000000
2021-06-09,247.045088,250.066336,246.197665,249.106287,243.559867,31628983.000000
2021-06-10,250.544983,252.106487,250.047449,250.725299,245.142830,30852503.000000
2021-06-11,251.261999,252.046303,250.425972,250.660595,245.079567,24076789.000000
2021-06-14,250.446208,250.738994,249.970969,250.192416,244.621812,30134171.000000
2021-06-15,250.420170,251.426610,248.648773,249.513402,243.957917,23980576.000000
2021-06-16,249.065838,249.999612,247.332235,248.373412,242.843309,26318555.000000
2021-06-17,248.517516,248.659465,248.060275,248.494604,242.961802,21693839.000000
2021-06-18,249.007342,250.675325,247.323537,249.598073,244.040702,30150932.000000
2021-06-21,249.731941,251.522635,248.434267,251.096525,245.505791,40175983.000000
2021-06-22,251.174696,254.121005,249.757235,252.826135,247.196891,32268945.000000
2021-06-23,253.473902,253.798644,252.972974,253.319059,247.678839,27411996.000000
2021-06-24,254.404515,257.909873,252.300870,256.933688,251.212987,34083821.000000
2021-06-25,257.332627,258.859893,256.826781,258.548566,252.791910,44863748.000000
2021-06-28,258.830536,259.077426,258.266336,258.631851,253.253221,14965201.000000
2021-06-29,257.779967,259.170239,254.104610,255.183895,249.876970,44396472.000000
2021-06-30,256.524127,260.044070,254.626726,258.585159,253.207499,55168823.000000
2021-07-01,258.826703,259.258493,258.160362,258.732759,253.352030,23384354.000000
2021-07-02,257.536961,258.400353,255.256670,256.497963,251.163710,20612063.000000
2021-07-05,256.617784,257.356578,254.402737,255.349518,250.039149,18751051.000000
2021-07-06,256.048032,258.764000,254.391971,257.598978,252.241827,39096812.000000
2021-07-07,258.034439,258.510213,257.134617,257.593917,252.236872,18393410.000000
2021-07-08,257.750617,258.228822,257.220652,257.804636,252.443209,28160623.000000
2021-07-09,257.367364,257.861935,256.446500,257.333685,251.982052,19982003.000000
2021-07-12,257.708682,258.265599,256.745972,257.211243,251.862156,18810523.000000
2021-07-13,257.826143,260.140798,256.899097,258.779317,253.397620,21059682.000000
2021-07-14,258.979308,259.435919,257.405880,258.313364,252.941357,43588640.000000
2021-07-15,257.238900,259.691378,247.769259,251.593515,246.361257,34329674.000000
2021-07-16,250.898684,251.465599,249.044358,250.337430,245.131294,40976255.000000
2021-07-19,251.690755,256.403257,249.204083,254.194807,248.908452,28194262.000000
2021-07-20,253.011057,254.481305,246.815549,249.079530,243.899554,67286936.000000
2021-07-21,249.819015,251.224232,249.501517,250.664880,245.451934,29912634.000000
2021-07-22,249.122968,250.818633,244.908805,245.609536,240.501723,58383211.000000
2021-07-23,245.980886,246.845787,243.597551,244.197999,239.119541,25298102.000000
2021-07-26,245.967341,253.664850,243.223680,250.762401,245.547427,52821231.000000
2021-07-27,250.157301,251.513426,247.664814,249.147474,243.966085,21609352.000000
2021-07-28,247.635241,248.202357,246.474789,246.992715,241.856137,36032264.000000
2021-07-29,245.845914,246.635794,241.237559,243.261651,238.202666,28642982.000000
2021-07-30,242.658260,244.263184,241.740088,244.015815,238.941146,30452477.000000
2021-08-02,244.854244,248.064780,244.053311,246.419682,241.295022,33372532.000000
2021-08-03,246.907176,248.598970,246.087838,247.752103,242.599733,28464160.000000
2021-08-04,246.871609,248.518535,241.996529,244.176619,239.098606,17779822.000000
2021-08-05,247.572319,258.293027,242.380373,255.497412,250.183967,43422519.000000
2021-08-06,254.041128,255.194468,252.217607,253.584590,248.310925,35728132.000000
2021-08-09,254.494806,256.584545,254.031261,255.190108,249.883054,32444547.000000
2021-08-10,256.605796,262.662407,255.847253,259.919615,254.514204,48684397.000000
2021-08-11,259.733390,260.458190,255.839810,257.782914,252.421939,20740210.000000
2021-08-12,259.227863,263.774511,257.345459,261.488227,256.050194,38215364.000000
2021-08-13,263.438774,274.534189,261.359432,269.861060,264.248901,35339644.000000
2021-08-16,269.183383,270.625553,264.869501,267.025508,261.472319,39596859.000000
2021-08-17,267.025973,267.941396,264.993390,266.275455,260.737864,17912297.000000
2021-08-18,265.988580,269.591943,265.053520,268.276341,262.697139,31303013.000000
2021-08-19,267.733796,268.674942,266.734125,267.931119,262.359097,17158292.000000
2021-08-20,268.631800,273.515040,266.763351,271.259757,265.618511,34562581.000000
2021-08-23,271.456617,272.591778,270.969780,272.037070,266.379658,24358875.000000
2021-08-24,271.679753,273.190487,268.517575,270.246725,264.626546,35878331.000000
2021-08-25,268.954228,269.717740,265.139167,266.428652,260.887876,38436897.000000
2021-08-26,266.123679,269.510571,265.795361,268.417700,262.835558,29406575.000000
2021-08-27,268.778006,271.369356,267.437955,270.338894,264.716798,26746001.000000
2021-08-30,271.853314,274.921357,270.801917,273.053087,267.374545,43714461.000000
2021-08-31,271.009111,272.054110,265.292906,267.801758,262.232426,36081201.000000
2021-09-01,266.607610,268.586213,264.121923,264.990662,259.479791,50749785.000000
2021-09-02,265.825258,271.623792,262.966529,270.009197,264.393958,44558689.000000
2021-09-03,269.738934,270.186204,269.203133,269.527065,263.921852,26006107.000000
2021-09-06,269.586523,271.320835,268.472158,270.841460,265.208913,23019929.000000
2021-09-07,270.627833,271.607683,270.132756,271.247569,265.606576,17963375.000000
2021-09-08,270.037914,272.339804,266.429753,268.420746,262.838541,23938980.000000
2021-09-09,266.920353,268.892062,263.541555,265.207143,259.691770,33027211.000000
2021-09-10,264.704656,266.765237,261.491566,263.238736,257.764298,12906223.000000
2021-09-13,263.112521,264.688842,259.356107,261.164342,255.733045,35019665.000000
2021-09-14,260.522514,262.128413,256.851834,257.638120,252.280156,33696831.000000
2021-09-15,256.529451,258.369566,253.221518,254.701813,249.404913,32683509.000000
2021-09-16,254.740336,258.777551,253.059432,256.965512,251.621535,45786720.000000
2021-09-17,255.350523,257.628025,249.068225,251.401334,246.173073,69431613.000000
2021-09-20,250.971641,253.081992,245.211481,247.146253,242.006483,47972153.000000
2021-09-21,246.583017,247.244567,246.328235,246.912852,241.777935,17851915.000000
2021-09-22,246.087394,247.087828,241.785803,242.601748,237.556487,28552525.000000
2021-09-23,241.625517,243.493110,238.279486,239.834685,235.199769,45261509.000000
2021-09-24,238.544494,239.134075,233.002270,235.555131,231.002919,42193640.000000
2021-09-27,234.628229,235.931758,232.454109,233.714120,229.197487,23312952.000000
2021-09-28,233.565787,233.905238,232.245540,232.709569,228.212349,24701558.000000
2021-09-29,231.812615,233.237621,230.998077,232.497389,228.004270,19234792.000000
2021-09-30,232.014106,232.642100,230.955904,231.636223,227.159746,35714648.000000
2021-10-01,231.694085,232.242098,231.115821,231.696154,227.218519,18216581.000000
2021-10-04,232.370151,237.131243,231.679134,235.206896,230.661414,26048131.000000
2021-10-05,235.205576,235.628346,234.112481,234.584174,230.050727,11159672.000000
2021-10-06,234.467538,235.076386,232.823347,233.514233,229.001463,17818021.000000
2021-10-07,233.601273,234.975227,233.422869,234.158868,229.633640,18683385.000000
2021-10-08,234.847413,236.295405,233.757901,235.448810,230.898653,27534967.000000
2021-10-11,235.630628,236.198095,232.228857,233.618576,229.103789,17165656.000000
2021-10-12,233.364572,234.115920,232.906857,233.864336,229.344799,27758578.000000
2021-10-13,234.099470,234.978595,233.184667,233.462092,228.950329,17582373.000000
2021-10-14,234.581214,236.426528,233.848385,235.030212,230.488144,21410104.000000
2021-10-15,233.901057,235.844697,230.208327,232.320946,227.831237,26815778.000000
2021-10-18,232.748825,234.583434,231.278909,234.233282,229.706615,27458422.000000
2021-10-19,233.982561,235.228258,231.427220,232.281296,227.792353,35609001.000000
2021-10-20,232.063581,232.786813,231.900080,232.207800,227.720277,40996456.000000
2021-10-21,232.739095,235.790972,232.183214,235.092092,230.548829,24627989.000000
2021-10-22,235.337247,236.102372,234.444033,235.623615,231.070080,24322948.000000
2021-10-25,234.868603,235.108078,233.330441,234.259890,229.732710,58094305.000000
2021-10-26,234.360480,234.928428,233.839896,234.456962,229.925973,25260513.000000
2021-10-27,234.629895,236.020716,234.076929,235.252200,230.705843,33668375.000000
2021-10-28,235.259185,235.908362,234.205892,235.329006,230.781165,31670227.000000
2021-10-29,235.255753,235.863583,234.170933,234.468990,229.937769,26000336.000000
2021-11-01,233.997117,234.221806,233.251616,233.883348,229.363444,21372784.000000
2021-11-02,232.680392,233.338824,231.586030,231.929100,227.446963,20672472.000000
2021-11-03,232.522594,234.147327,231.700341,233.615471,229.100744,24238200.000000
2021-11-04,233.863302,235.282093,230.386384,231.288519,226.818762,26631571.000000
2021-11-05,231.189548,231.817071,230.739072,230.978383,226.514620,18859402.000000
2021-11-08,232.145457,234.222969,231.361025,233.411537,228.900752,45021173.000000
2021-11-09,233.726000,233.870595,233.062479,233.433489,228.922279,29358901.000000
2021-11-10,234.435919,236.212119,233.842330,235.399933,230.850721,15678863.000000
2021-11-11,235.123419,235.398906,234.260375,234.567718,230.034589,36710685.000000
2021-11-12,235.562827,238.661233,234.037672,236.805576,232.229199,40254313.000000
2021-11-15,237.379014,239.232972,236.737489,238.165453,233.562796,33267304.000000
2021-11-16,237.606563,238.981321,234.412312,235.881938,231.323411,20508536.000000
2021-11-17,236.201188,239.894060,235.242266,238.234974,233.630973,26176779.000000
2021-11-18,238.152418,239.568839,237.876842,239.005857,234.386959,18334580.000000
2021-11-19,238.927388,239.448004,237.734133,238.382883,233.776023,37805701.000000
2021-11-22,238.371764,239.571570,238.166835,238.905259,234.288304,18882863.000000
2021-11-23,240.263905,245.115352,239.085612,243.357349,238.654356,54948148.000000
2021-11-24,243.639050,244.218910,242.598909,243.393566,238.689873,32176794.000000
2021-11-25,244.275074,244.443893,242.830751,243.287610,238.585965,26056955.000000
2021-11-26,243.884940,244.599948,243.371840,243.703731,238.994044,21525588.000000
2021-11-29,244.138971,246.940720,243.312631,245.521285,240.776473,40410652.000000
2021-11-30,245.842234,248.852109,245.190126,247.391287,242.610336,22598441.000000
2021-12-01,248.174822,248.830725,247.863551,248.188948,243.392582,28071254.000000
2021-12-02,249.495275,253.834085,247.382267,252.873626,247.986726,35200636.000000
2021-12-03,252.391885,253.308296,249.548246,250.402201,245.563063,22817632.000000
2021-12-06,251.231390,252.172753,250.700007,251.423905,246.565022,19132085.000000
2021-12-07,250.701078,253.212223,249.586036,252.581566,247.700311,23407859.000000
2021-12-08,250.748130,252.532093,245.240266,247.636852,242.851156,27930967.000000
2021-12-09,247.391009,247.767625,245.686646,246.046629,241.291664,22611587.000000
2021-12-10,245.556085,246.454445,245.394772,246.164819,241.407570,18963108.000000
2021-12-13,246.054286,248.298959,241.526792,242.931861,238.237091,24768115.000000
2021-12-14,242.878232,246.960161,241.001935,245.736599,240.987626,34249916.000000
2021-12-15,245.579149,246.488133,243.978267,244.900381,240.167569,33243042.000000
2021-12-16,245.467980,246.310693,245.140977,245.966072,241.212664,36646114.000000
2021-12-17,245.403473,246.612403,241.240261,242.255089,237.573398,25452305.000000
2021-12-20,243.809149,247.805671,243.265462,245.726589,240.977809,32394782.000000
2021-12-21,246.141955,247.488444,245.650612,246.416683,242.017593,25320259.000000
2021-12-22,247.765632,254.537517,245.316579,253.571577,249.044756,53181451.000000
2021-12-23,254.763508,259.621248,253.999024,257.359031,252.764596,35184068.000000
2021-12-24,257.278799,258.368911,254.691715,255.512849,250.951372,28497673.000000
2021-12-27,255.648451,256.215513,252.779357,253.904798,249.372029,36401628.000000
2021-12-28,255.508099,257.312614,253.958848,256.766659,252.182799,38362977.000000
2021-12-29,258.376856,264.673033,256.520012,263.354839,258.653365,38488585.000000
2021-12-30,263.650104,264.003897,261.890006,262.643974,257.955191,34651586.000000
2021-12-31,263.778707,264.753037,261.011796,261.825001,257.150838,43201880.000000
2022-01-03,262.552706,265.624792,262.119218,263.955820,259.243617,44215177.000000
2022-01-04,263.802882,264.536401,263.482494,264.137142,259.421702,26508258.000000
2022-01-05,264.719932,269.399137,263.534375,267.635342,262.857452,43760366.000000
2022-01-06,266.224335,267.360991,262.799603,264.034726,259.321115,28148388.000000
2022-01-07,264.136655,266.224662,263.565142,265.562209,260.821329,23714304.000000
2022-01-10,264.902737,265.920443,264.267224,265.670698,260.927881,27587993.000000
2022-01-11,266.104495,268.670433,264.712103,267.379456,262.606133,27191845.000000
2022-01-12,267.767621,273.257618,265.539599,271.323882,266.480143,16297627.000000
2022-01-13,271.270232,272.021158,270.704624,271.584641,266.736247,27746485.000000
2022-01-14,271.949990,273.668164,271.050418,272.664146,267.796480,23749978.000000
2022-01-17,272.809336,276.810313,272.278843,275.040974,270.130876,32407830.000000
2022-01-18,275.040649,275.599473,274.577354,274.893052,269.985595,28573442.000000
2022-01-19,275.778605,279.164891,274.807112,277.300968,272.350524,40760966.000000
2022-01-20,275.670890,277.768587,269.129110,271.238530,266.396314,29150841.000000
2022-01-21,269.766750,270.584060,269.156527,269.515882,264.704420,22499713.000000
2022-01-24,269.789766,274.846698,268.851612,273.295420,268.416485,30845233.000000
2022-01-25,273.820007,275.450042,273.502171,274.920978,270.013022,30295732.000000
2022-01-26,276.525172,281.913307,273.766201,280.834950,275.821417,45024036.000000
2022-01-27,280.195212,280.952989,275.977236,277.432156,272.479370,22534139.000000
2022-01-28,277.449148,278.980622,277.133392,278.210871,273.244184,17351526.000000
2022-01-31,278.308213,279.078481,277.800952,278.873087,273.894578,21145655.000000
2022-02-01,278.866404,279.434396,278.601493,279.148405,274.164981,23965869.000000
2022-02-02,279.139676,280.199285,277.238224,277.836779,272.876770,22691939.000000
2022-02-03,277.341310,278.559141,276.716320,277.825271,272.865467,25631066.000000
2022-02-04,277.764840,279.267354,276.457851,278.494833,273.523077,41479065.000000
2022-02-07,279.745530,284.837173,276.836896,283.545142,278.483226,26416531.000000
2022-02-08,283.816524,285.193182,282.777639,284.334429,279.258423,63436090.000000
2022-02-09,285.526237,290.448160,284.819648,289.186749,284.024118,36354808.000000
2022-02-10,289.684639,294.752066,287.491569,292.880565,287.651991,17075420.000000
2022-02-11,294.015821,298.111968,292.002799,296.731509,291.434187,68037296.000000
2022-02-14,294.449182,299.033428,286.604860,288.568632,283.417036,32435794.000000
2022-02-15,287.335539,289.501297,283.414807,284.092365,279.020680,34755441.000000
2022-02-16,285.199818,285.828584,282.561863,283.238376,278.181937,27858527.000000
2022-02-17,282.238446,284.961456,278.186907,279.075450,274.093328,62462642.000000
2022-02-18,279.324717,279.855226,277.631803,278.453224,273.482210,25372680.000000
2022-02-21,276.986782,279.508947,270.415465,272.288083,267.427131,43250890.000000
2022-02-22,271.842972,272.659624,271.350273,272.312400,267.451013,15759947.000000
2022-02-23,272.036485,273.054969,270.380606,271.441934,266.596088,25051074.000000
2022-02-24,272.178382,272.890797,269.811386,270.592945,265.762254,17537193.000000
2022-02-25,272.171130,273.334961,270.917317,272.430081,267.566594,27683272.000000
2022-02-28,271.996275,273.786136,271.096416,273.178143,268.301301,23637545.000000
2022-03-01,274.088217,274.633517,270.106193,271.761202,266.909656,34765310.000000
2022-03-02,270.749162,273.670913,265.641430,266.750597,261.988501,30382681.000000
2022-03-03,266.485963,268.274963,263.105428,264.083735,259.369249,32221289.000000
2022-03-04,264.594021,266.386597,263.910161,265.368293,260.630874,17804716.000000
2022-03-07,264.246115,265.071545,260.865746,262.450840,257.765505,30070978.000000
2022-03-08,261.553036,262.149652,258.681136,260.095585,255.452296,40037599.000000
2022-03-09,260.566646,260.848410,259.598744,260.107651,255.464147,26112726.000000
2022-03-10,260.603259,262.879354,260.058614,261.801884,257.128134,21903087.000000
2022-03-11,261.011555,262.122942,257.427436,258.716682,254.098010,35736733.000000
2022-03-14,257.645980,259.584058,253.744406,255.469549,250.908846,22480837.000000
2022-03-15,255.013110,256.461555,251.789437,252.999055,248.482455,34653625.000000
2022-03-16,253.760274,254.313425,251.211583,251.970785,247.472542,22999211.000000
2022-03-17,251.549973,252.033130,250.413857,251.060053,246.578069,23089785.000000
2022-03-18,252.763387,256.132540,251.672025,254.146816,249.984703,45149967.000000
2022-03-21,255.144514,258.029845,254.517419,256.184828,251.989339,21543893.000000
2022-03-22,255.071971,256.382936,254.521429,255.427136,251.244055,35072656.000000
2022-03-23,254.987450,257.438432,248.984939,251.672714,247.551119,47478460.000000
2022-03-24,250.674036,251.650178,249.843145,251.181019,247.067476,45836174.000000
2022-03-25,251.135728,256.320584,248.865555,254.389324,250.223240,50997069.000000
2022-03-28,254.820979,255.019807,253.661062,254.249584,250.085788,27169389.000000
2022-03-29,255.416627,259.304067,254.443355,257.702872,253.482522,27853971.000000
2022-03-30,258.914054,262.808323,256.583692,260.984689,256.710594,53243043.000000
2022-03-31,260.714376,261.871994,260.012025,261.473622,257.191519,16322595.000000
2022-04-01,262.366470,269.100203,260.466377,267.072958,262.699157,46332562.000000
2022-04-04,267.383314,268.246566,266.974794,267.402881,263.023676,23537633.000000
2022-04-05,268.412883,269.062133,268.155971,268.453221,264.056815,31743944.000000
2022-04-06,269.346179,272.174627,267.868838,270.742676,266.308776,28777231.000000
2022-04-07,271.691310,272.680210,270.444407,272.024795,267.569897,23623169.000000
2022-04-08,272.378557,273.608545,269.300453,270.727764,266.294108,26988162.000000
2022-04-11,272.442982,279.431266,270.318994,278.358562,273.799938,51593670.000000
2022-04-12,278.667685,279.755706,277.902548,279.292358,274.718442,25691209.000000
2022-04-13,279.582636,280.825048,278.715778,280.500529,275.906826,41582008.000000
2022-04-14,280.219896,281.463792,278.121799,278.820933,274.254737,39043408.000000
2022-04-15,279.619594,283.068237,278.093635,281.908995,277.292227,34394254.000000
2022-04-18,282.951680,285.166829,281.119218,283.982934,279.332200,23094625.000000
2022-04-19,284.643931,290.813685,281.998828,288.274395,283.553381,43077823.000000
2022-04-20,287.911718,288.169505,287.268958,287.783923,283.070942,25287020.000000
2022-04-21,287.296584,292.010878,286.852696,290.233686,285.480586,31568349.000000
2022-04-22,291.517113,291.979123,290.589146,291.411120,286.638737,16856980.000000
2022-04-25,291.089008,292.408296,288.098450,288.904383,284.173053,25668979.000000
2022-04-26,288.377506,289.064157,284.189011,285.945554,281.262680,24388029.000000
2022-04-27,285.897619,288.403916,284.853160,286.981439,282.281600,27680836.000000
2022-04-28,287.086228,289.661448,285.902013,288.881691,284.150731,23672376.000000
2022-04-29,287.305607,288.733990,282.063960,283.596658,278.952251,30106705.000000
2022-05-02,283.505713,285.332781,282.457536,284.977176,280.310161,19097932.000000
2022-05-03,285.968464,287.968350,284.081782,287.339381,282.633680,33849646.000000
2022-05-04,286.237472,287.825702,283.556126,284.686769,280.024509,22188386.000000
2022-05-05,284.633699,286.658371,283.401777,286.256375,281.568410,31000497.000000
2022-05-06,286.555602,287.248763,285.986595,286.454655,281.763443,23396819.000000
2022-05-09,285.932456,286.551379,284.413464,285.316122,280.643555,14678116.000000
2022-05-10,284.980405,285.977788,283.634479,284.006794,279.355670,36845041.000000
2022-05-11,284.671335,286.002379,282.565502,283.291357,278.651950,33782970.000000
2022-05-12,282.798515,284.385241,282.109210,283.915841,279.266206,20620775.000000
2022-05-13,283.944408,284.585112,281.973042,282.957612,278.323671,22077517.000000
2022-05-16,283.793849,286.251376,282.432688,284.995803,280.328482,24868180.000000
2022-05-17,284.845422,285.367149,281.759902,283.074536,278.438680,48807153.000000
2022-05-18,283.602166,284.749509,282.317530,282.849367,278.217198,22930481.000000
2022-05-19,282.014595,283.337120,279.958589,281.127744,276.523770,18331514.000000
2022-05-20,281.762798,283.490466,279.184519,279.866925,275.283599,18881153.000000
2022-05-23,279.016762,280.369034,278.437953,279.739960,275.158713,26479571.000000
2022-05-24,279.715738,280.694152,277.808808,278.365374,273.806638,31904933.000000
2022-05-25,279.994030,282.525253,278.152223,281.118316,276.514496,22668184.000000
2022-05-26,281.031115,281.905014,280.533276,281.323755,276.716570,8967319.000000
2022-05-27,281.823075,282.606962,279.241912,280.234448,275.645103,13342726.000000
2022-05-30,280.845901,284.125518,279.572256,282.470891,277.844920,26834171.000000
2022-05-31,282.799802,284.265939,279.975768,280.684521,276.087806,38396877.000000
2022-06-01,280.963691,282.058694,278.628105,279.555268,274.977046,13128424.000000
2022-06-02,281.694455,287.031145,280.920893,284.280291,279.624688,38506450.000000
2022-06-03,285.132354,286.999345,283.369558,286.264506,281.576408,31671509.000000
2022-06-06,285.147506,286.609719,282.509737,284.351250,279.694485,31269421.000000
2022-06-07,286.541315,293.508463,283.253846,290.964916,286.199840,43100036.000000
2022-06-08,290.636024,291.756404,289.202087,289.773357,285.027795,51153025.000000
2022-06-09,290.850941,292.241617,289.178120,291.756253,286.978218,26859225.000000
2022-06-10,292.545985,294.069942,292.206571,293.314059,288.510511,29440916.000000
2022-06-13,292.413104,295.451915,291.023375,294.495063,289.672174,31154922.000000
2022-06-14,294.853764,297.633907,293.551994,296.806345,291.945605,26869778.000000
2022-06-15,297.326652,299.203206,296.905431,298.497311,294.049953,35170631.000000
2022-06-16,298.788215,301.540528,297.835361,301.109875,296.623593,28066680.000000
2022-06-17,301.043677,302.638435,300.070346,302.107513,297.606367,35761436.000000
2022-06-20,303.865622,306.521063,302.648811,304.968201,300.424433,28117747.000000
2022-06-21,304.520333,305.085817,303.235791,303.937712,299.409297,25962928.000000
2022-06-22,304.334161,309.667952,302.375730,307.453075,302.872284,18815098.000000
2022-06-23,306.409606,309.678739,299.171779,301.248605,296.760255,32308502.000000
2022-06-24,302.121466,306.967731,300.862186,304.565519,300.027751,47141342.000000
2022-06-27,304.172992,305.492480,303.693758,304.487845,299.951234,22887566.000000
2022-06-28,304.894779,308.069318,303.783592,307.499695,302.918209,23036537.000000
2022-06-29,307.077527,308.586833,303.222863,303.874607,299.347132,52243550.000000
2022-06-30,306.500169,309.277757,304.935630,307.523768,302.941924,16253503.000000
2022-07-01,308.848000,309.110817,307.921025,308.437978,303.842513,21913353.000000
2022-07-04,307.585249,309.805844,302.210130,304.322749,299.788598,23335139.000000
2022-07-05,303.441637,304.355367,299.641515,301.018380,296.533461,28789610.000000
2022-07-06,300.414065,300.888368,299.201013,300.254134,295.780602,21047396.000000
2022-07-07,299.783608,300.733478,296.241170,297.374398,292.943771,39715826.000000
2022-07-08,295.752568,298.014914,295.234680,297.586324,293.152539,27127473.000000
2022-07-11,298.332187,303.690405,296.003120,301.241158,296.752919,31714314.000000
2022-07-12,299.924515,302.461993,294.328572,296.994470,292.569504,50638278.000000
2022-07-13,296.668566,297.189461,296.298321,296.736935,292.315805,12647360.000000
2022-07-14,297.505550,297.701342,295.272123,296.172182,291.759467,21438999.000000
2022-07-15,297.242800,298.816392,295.822986,297.595348,293.161430,31155122.000000
2022-07-18,297.570893,304.315895,294.874935,302.557821,298.049966,36838164.000000
2022-07-19,303.215117,304.110827,302.820715,303.509285,298.987254,17926782.000000
2022-07-20,304.210688,304.437216,303.289219,303.495664,298.973835,15690287.000000
2022-07-21,303.918170,304.890423,300.665608,301.909643,297.411444,22223052.000000
2022-07-22,299.735836,301.526428,297.086319,298.668775,294.218863,18732592.000000
2022-07-25,297.600589,299.481941,292.887084,294.765006,290.373257,26060096.000000
2022-07-26,294.298422,295.913942,291.392622,293.029899,288.664001,30169994.000000
2022-07-27,291.781830,293.094765,285.133518,287.777880,283.490233,24137304.000000
2022-07-28,288.751554,293.177332,287.627622,291.004170,286.668454,31351246.000000
2022-07-29,290.142610,293.089530,283.689505,286.252648,281.987726,35254988.000000
2022-08-01,286.442172,287.701687,285.646351,286.829927,282.556403,24289239.000000
2022-08-02,286.285321,288.125244,285.252896,287.599418,283.314430,29153635.000000
2022-08-03,285.958588,288.565933,279.105218,280.158475,275.984351,55966976.000000
2022-08-04,279.766315,280.622353,279.286202,280.333281,276.156552,31966521.000000
2022-08-05,279.302116,280.771279,277.148237,278.120179,273.976424,44105508.000000
2022-08-08,277.853505,279.370231,274.224160,275.762616,271.653986,28015194.000000
2022-08-09,275.672089,276.345422,275.036937,275.495796,271.391142,16485579.000000
2022-08-10,275.516178,275.911356,274.314202,274.906589,270.810714,42570838.000000
2022-08-11,275.509504,276.411783,274.294527,275.804218,271.694969,26487014.000000
2022-08-12,277.041466,277.707454,276.476716,277.164632,273.035113,16974311.000000
2022-08-15,277.596006,278.757854,277.064982,278.090700,273.947384,25259071.000000
2022-08-16,276.959494,278.736639,274.611213,275.877280,271.766942,15895289.000000
2022-08-17,276.767435,277.263101,275.055920,275.486061,271.381552,20559374.000000
2022-08-18,275.102197,277.000843,274.329610,276.172057,272.057327,13168548.000000
2022-08-19,276.366455,277.825700,273.674392,275.187357,271.087298,25234756.000000
2022-08-22,274.923555,275.986770,274.233156,275.110747,271.011830,18447423.000000
2022-08-23,274.723330,276.750950,273.641868,276.042234,271.929438,11909749.000000
2022-08-24,276.801020,278.098957,276.146317,277.306662,273.175028,36791103.000000
2022-08-25,279.104310,280.582027,278.372216,279.565781,275.400488,43189825.000000
2022-08-26,279.066637,280.110915,278.802155,279.670316,275.503464,29684318.000000
2022-08-29,279.545892,280.771971,279.087613,280.198246,276.023529,36703901.000000
2022-08-30,279.124673,280.577159,276.918314,278.392042,274.244236,26401433.000000
2022-08-31,278.726690,279.566989,278.112540,279.055227,274.897540,42912757.000000
2022-09-01,278.161482,279.519282,277.431024,279.132278,274.973443,23193831.000000
2022-09-02,279.835367,280.015584,279.077046,279.250428,275.089833,50888534.000000
2022-09-05,279.996063,280.242161,279.233499,279.621824,275.455696,13842339.000000
2022-09-06,279.516099,280.211324,279.164496,279.517257,275.352686,30300087.000000
2022-09-07,279.981364,281.969179,279.321690,281.473485,277.279768,24535702.000000
2022-09-08,282.592633,285.829750,281.320864,284.021717,279.790033,37209577.000000
2022-09-09,284.245642,284.891885,283.274162,284.587357,280.347246,21986598.000000
2022-09-12,285.142894,287.341577,283.961726,286.230651,282.389641,38583728.000000
2022-09-13,285.451723,286.453252,285.077544,285.623820,281.790953,19661650.000000
2022-09-14,285.825072,287.445959,285.327015,286.199902,282.359304,21702696.000000
2022-09-15,285.394754,287.185150,281.043848,282.733400,278.939320,33104413.000000
2022-09-16,282.369984,282.549726,281.593864,282.299582,278.511324,29644647.000000
2022-09-19,281.313674,282.499780,279.019475,280.513942,276.749646,22403451.000000
2022-09-20,280.576787,281.097023,276.333149,277.196074,273.476302,31584271.000000
2022-09-21,277.329973,278.619894,276.654392,278.087875,274.356135,28225043.000000
2022-09-22,277.555961,278.107841,274.750503,275.639382,271.940500,28536467.000000
2022-09-23,274.611793,276.502403,273.715103,275.334270,271.639482,26049586.000000
2022-09-26,275.194264,275.634169,273.789279,274.054641,270.377025,24819099.000000
2022-09-27,276.306544,280.333187,273.267647,278.534915,274.797176,32211569.000000
2022-09-28,278.486323,279.468537,277.926742,278.746979,275.006395,16860861.000000
2022-09-29,278.555655,280.300978,277.862882,279.348789,275.600129,19853287.000000
2022-09-30,279.234570,281.124788,274.843525,276.844594,273.129538,20263455.000000
2022-10-03,276.372598,277.078885,275.641276,276.148138,272.442428,30882365.000000
2022-10-04,275.385745,277.173552,274.867870,276.498718,272.788304,30992360.000000
2022-10-05,274.579208,277.024281,271.132892,272.094071,268.442764,36341567.000000
2022-10-06,270.711584,271.462805,266.739056,268.724888,265.118792,31836863.000000
2022-10-07,269.350089,272.001236,268.491358,270.771075,267.137521,41323668.000000
2022-10-10,270.799201,271.349890,268.843583,269.797465,266.176977,16816781.000000
2022-10-11,269.827864,270.730982,269.154940,269.573175,265.955697,16881543.000000
2022-10-12,270.645407,271.102147,269.874352,270.502121,266.872177,25186272.000000
2022-10-13,272.647273,280.330049,271.410381,277.540126,273.815736,45454940.000000
2022-10-14,276.033419,276.620229,274.995102,276.067913,272.363279,20834195.000000
2022-10-17,274.518297,276.308536,268.423020,270.490516,266.860727,46841358.000000
2022-10-18,270.761549,271.434217,269.921665,271.093864,267.455979,15465511.000000
2022-10-19,269.816681,270.494237,264.869177,266.782072,263.202048,31259816.000000
2022-10-20,267.801437,272.308005,265.781656,270.135147,266.510127,46441375.000000
2022-10-21,270.642249,272.480507,270.197211,272.108720,268.457216,27628458.000000
2022-10-24,271.580974,271.910078,270.874994,271.164667,267.525832,31029187.000000
2022-10-25,271.483879,272.136023,270.526225,270.970082,267.333858,15499692.000000
2022-10-26,271.380046,271.828785,270.561306,271.595812,267.951191,22026170.000000
2022-10-27,273.165934,278.350318,270.248866,276.772706,273.058615,29702127.000000
2022-10-28,277.096983,277.935715,274.109402,275.265190,271.571328,17626450.000000
2022-10-31,275.603678,279.721222,274.080322,278.658932,274.919529,53688467.000000
2022-11-01,279.891261,283.735283,278.251075,282.956535,279.159461,25558241.000000
2022-11-02,283.141328,283.764586,281.739086,282.800020,279.005047,24296379.000000
2022-11-03,282.553886,283.516385,282.288072,282.608460,278.816057,26478106.000000
2022-11-04,280.874847,282.032977,269.849087,274.451696,270.768751,77424793.000000
2022-11-07,274.229421,274.590019,272.891468,273.592355,269.920942,19581455.000000
2022-11-08,273.547491,274.967888,273.225469,274.139613,270.460856,17755538.000000
2022-11-09,271.817936,276.351681,262.986541,264.120768,260.576457,93978146.000000
2022-11-10,263.452271,265.415670,263.196190,264.770592,261.217560,26624392.000000
2022-11-11,265.495327,266.762711,260.182024,261.092892,257.589213,28673658.000000
2022-11-14,262.186685,266.717192,260.333507,265.193317,261.634613,28619736.000000
2022-11-15,263.930229,265.910205,258.435108,260.638556,257.140973,48702062.000000
2022-11-16,260.554392,261.585059,258.749505,259.410028,255.928932,21238907.000000
2022-11-17,260.205744,264.149190,258.729533,262.230462,258.711517,22997424.000000
2022-11-18,261.468976,262.308514,257.712386,258.642421,255.171626,32150139.000000
2022-11-21,257.110643,258.968463,249.557636,252.256384,248.871284,107338539.000000
2022-11-22,251.001669,251.762055,247.362058,248.143186,244.813283,29814903.000000
2022-11-23,247.923973,250.488655,246.477852,249.910255,246.556639,32599942.000000
2022-11-24,251.008078,251.876937,249.465727,250.506152,247.144539,30035190.000000
2022-11-25,251.061260,258.889526,249.990490,255.754064,252.322028,27812726.000000
2022-11-28,254.397067,256.679442,251.237721,252.346714,248.960402,30633811.000000
2022-11-29,253.856283,258.316567,253.030201,255.974378,252.539385,34679488.000000
2022-11-30,256.894816,259.404373,255.515230,258.650227,255.179327,19239804.000000
2022-12-01,258.111100,259.177037,255.590510,256.457588,253.016111,27740995.000000
2022-12-02,256.775106,257.370586,254.840319,255.329677,251.903336,29077176.000000
2022-12-05,255.352265,256.466537,253.612732,254.209071,250.797767,25181602.000000
2022-12-06,255.145895,257.160677,254.148995,255.970341,252.535403,34988990.000000
2022-12-07,255.266111,256.314843,254.691074,255.897565,252.463603,25420103.000000
2022-12-08,255.362069,255.597198,254.123502,255.098243,252.053087,18236751.000000
2022-12-09,255.206801,258.832476,254.607756,257.715697,254.639296,27497103.000000
2022-12-12,256.617540,258.818619,252.232143,253.445162,250.419739,33023475.000000
2022-12-13,254.309211,255.954552,253.707700,255.562987,252.512283,36830334.000000
2022-12-14,256.580722,261.979014,255.383783,259.589652,256.490882,31900378.000000
2022-12-15,259.439219,260.166936,258.989108,259.157288,256.063678,34992580.000000
2022-12-16,257.570489,259.472335,252.781850,254.890013,251.847342,38407111.000000
2022-12-19,256.213323,256.468015,255.066231,255.820860,252.767078,52367112.000000
2022-12-20,255.081074,255.707320,251.621139,253.384490,250.359791,34021130.000000
2022-12-21,253.065619,253.991847,252.204242,252.673442,249.657232,22553697.000000
2022-12-22,252.795922,253.592580,250.607945,251.723338,248.718469,20469610.000000
2022-12-23,251.785127,252.639474,249.463134,250.527336,247.536744,25821317.000000
2022-12-26,250.139825,252.809903,249.582619,251.948818,248.941258,16503975.000000
2022-12-27,253.767567,258.730240,253.094659,256.937523,253.870412,36669208.000000
2022-12-28,256.909087,258.612848,252.984993,254.294930,251.259363,23748016.000000
2022-12-29,254.200145,254.618642,252.146026,253.124600,250.103004,33363100.000000
2022-12-30,253.503461,254.346440,251.516143,252.000433,248.992256,22059102.000000
2023-01-02,254.371488,270.085386,251.287775,263.947061,260.796276,91610673.000000
2023-01-03,263.127914,263.952959,260.149914,261.698859,258.574910,22938451.000000
2023-01-04,261.834613,262.985532,260.884711,262.675518,259.539910,15131169.000000
2023-01-05,261.344538,262.725732,254.811589,256.622459,253.559108,34714651.000000
2023-01-06,258.961445,264.766858,255.583566,263.578059,260.431678,61498787.000000
2023-01-09,263.020263,264.143089,262.384258,263.771856,260.623161,58992828.000000
2023-01-10,263.707551,264.377273,263.220220,264.207726,261.053829,25336483.000000
2023-01-11,265.445410,269.136495,263.642065,267.200786,264.011160,41005143.000000
2023-01-12,266.202067,266.916242,263.224340,263.953165,260.802306,35270870.000000
2023-01-13,262.884166,264.944486,259.081312,260.888981,257.774700,22167053.000000
2023-01-16,261.056338,263.715344,260.097613,262.585052,259.450525,29213347.000000
2023-01-17,262.159959,262.930705,260.492724,261.547060,258.424923,22217841.000000
2023-01-18,261.645483,264.070550,260.012686,263.128043,259.987034,32613439.000000
2023-01-19,262.203343,263.753134,261.684655,263.084012,259.943528,20078846.000000
2023-01-20,263.820120,267.716786,262.404122,266.275453,263.096873,29561205.000000
2023-01-23,266.930781,269.482004,265.664399,268.435453,265.231088,28198316.000000
2023-01-24,269.215348,273.609444,268.249121,272.260590,269.010564,39527199.000000
2023-01-25,272.413766,273.453921,270.735860,271.308526,268.069865,32798344.000000
2023-01-26,270.358929,270.745942,268.066957,269.482851,266.265983,20465313.000000
2023-01-27,268.695759,269.622530,268.345524,269.094928,265.882691,23394193.000000
2023-01-30,269.592311,270.734976,268.281662,270.246254,267.020274,26316208.000000
2023-01-31,270.202946,272.097676,269.568454,270.996149,267.761217,33767382.000000
2023-02-01,271.221489,271.758972,269.989169,270.797342,267.564783,24272496.000000
2023-02-02,270.178750,273.907444,268.880432,272.677821,269.422814,22833288.000000
2023-02-03,273.213722,278.186628,271.627902,276.114778,272.818743,29848433.000000
2023-02-06,275.572963,282.138859,274.855425,279.715557,276.376540,33977800.000000
2023-02-07,278.398922,279.482650,276.469790,277.111164,273.803236,34378449.000000
2023-02-08,277.958310,278.674029,276.382373,276.984345,273.677931,31283935.000000
2023-02-09,277.256602,278.251808,275.433131,275.760164,272.468362,30738236.000000
2023-02-10,275.876346,280.403908,274.316764,278.957111,275.627147,34903840.000000
2023-02-13,278.361706,280.436598,275.962006,276.801625,273.497391,39898996.000000
2023-02-14,277.674879,278.967576,276.627148,278.301918,274.979775,39535598.000000
2023-02-15,278.749311,279.464223,276.989959,277.855529,274.538715,33435266.000000
2023-02-16,277.709571,278.774944,277.254980,278.582988,275.257490,15816834.000000
2023-02-17,278.440658,279.783062,277.971745,278.846770,275.518123,25126301.000000
2023-02-20,279.959696,284.060695,279.028439,282.034130,278.667435,31739768.000000
2023-02-21,282.325004,286.049935,281.774340,284.785482,281.385944,37170891.000000
2023-02-22,285.849119,289.637148,283.457007,288.741874,285.295108,40239045.000000
2023-02-23,287.834704,288.296791,285.251407,286.969180,283.543575,27019555.000000
2023-02-24,286.493123,287.240037,282.871976,284.040527,280.649882,21823817.000000
2023-02-27,284.448435,285.848444,284.070922,285.068025,281.665114,21354431.000000
2023-02-28,286.586348,286.906469,284.919850,285.191647,281.787261,31702286.000000
2023-03-01,285.095565,285.827942,284.868088,285.360021,281.953624,18805458.000000
2023-03-02,285.459222,286.219308,284.312206,285.066196,281.663307,16039669.000000
2023-03-03,285.169594,287.148178,284.348056,286.119088,282.703631,22290346.000000
2023-03-06,285.421498,286.619093,283.501645,284.155495,280.763477,21324040.000000
2023-03-07,283.556430,285.220686,278.061079,280.335830,277.405517,52108396.000000
2023-03-08,280.392564,282.278758,279.037042,280.963732,278.026855,39730830.000000
2023-03-09,281.195072,288.767491,280.358034,286.355376,283.362142,44483707.000000
2023-03-10,287.087218,289.260546,286.032022,288.157805,285.145729,40622916.000000
2023-03-13,287.309608,288.884714,284.503256,285.000292,282.021222,24129774.000000
2023-03-14,285.055030,286.796549,284.320560,285.728227,282.741547,18968689.000000
2023-03-15,286.460566,290.292900,285.879713,289.057823,286.036340,25037491.000000
2023-03-16,290.372694,293.463038,288.699320,292.763012,289.702799,34047446.000000
2023-03-17,293.279356,294.555606,292.463797,293.430839,290.363646,14285797.000000
2023-03-20,293.769244,294.271188,292.715450,293.773208,290.702436,46003044.000000
2023-03-21,294.850571,298.075712,293.965952,296.868033,293.764911,19459650.000000
2023-03-22,297.420109,298.611712,295.507935,295.827576,292.735329,24839623.000000
2023-03-23,296.474049,297.394243,295.952999,296.654654,293.553762,35442497.000000
2023-03-24,296.446887,296.863251,295.017242,295.366538,292.279111,23801791.000000
2023-03-27,295.606821,295.996179,295.320126,295.705890,292.614916,23935016.000000
2023-03-28,295.403841,296.161493,295.019429,295.753976,292.662498,26451407.000000
2023-03-29,296.451254,296.702661,294.651066,295.409662,292.321784,22069582.000000
2023-03-30,294.960645,295.542168,294.579264,295.273004,292.186554,20361336.000000
2023-03-31,294.531167,295.930478,291.780698,292.765317,289.705080,45984111.000000
2023-04-03,293.127129,294.943402,291.423574,293.913223,290.840987,32603665.000000
2023-04-04,293.227345,295.083502,292.763839,294.205173,291.129885,14414564.000000
2023-04-05,294.073764,295.128168,292.863909,293.651248,290.581750,24131735.000000
2023-04-06,294.414740,297.982545,292.192235,296.918037,293.814392,28406457.000000
2023-04-07,295.941716,296.693113,293.118350,293.643098,290.573685,49720829.000000
2023-04-10,292.737743,294.803954,288.374554,289.341324,286.316877,29724291.000000
2023-04-11,289.693896,290.172479,285.922954,286.485723,283.491125,33054209.000000
2023-04-12,287.602040,288.200967,286.652725,287.295148,284.292090,24421589.000000
2023-04-13,287.259454,292.284841,285.775343,290.463940,287.427759,51100303.000000
2023-04-14,291.271880,295.183734,290.161539,294.281432,291.205347,20587060.000000
2023-04-17,293.661556,295.052579,289.407661,290.625419,287.587550,23831374.000000
2023-04-18,290.015141,291.897717,287.941281,288.801112,285.782313,42074951.000000
2023-04-19,289.934791,290.631763,289.156674,289.356342,286.331738,29361008.000000
2023-04-20,290.250716,290.697233,288.669606,289.270064,286.246362,29827298.000000
2023-04-21,288.901648,291.251858,287.949300,290.407375,287.371785,40958536.000000
2023-04-24,288.780652,291.106540,288.310761,290.507476,287.470840,19651998.000000
2023-04-25,290.832546,292.190024,290.123975,291.055991,288.013622,47111784.000000
2023-04-26,289.677637,291.389895,287.276557,287.911784,284.902280,21897410.000000
2023-04-27,288.558852,289.368879,287.578414,288.898602,285.878783,27068548.000000
2023-04-28,288.116614,289.779338,287.842522,289.074165,286.052510,33913686.000000
2023-05-01,288.777543,289.474369,288.378451,288.903277,285.883409,23382809.000000
2023-05-02,289.650154,290.118879,288.507572,288.970550,285.949979,20780562.000000
2023-05-03,288.806613,289.277925,286.423527,287.832194,284.823522,12451432.000000
2023-05-04,287.894505,290.347755,287.513393,289.102258,286.080310,18906384.000000
2023-05-05,289.453925,290.151852,288.323472,288.889358,285.869636,30657964.000000
2023-05-08,289.687273,291.924339,288.126786,291.073732,288.031177,20804117.000000
2023-05-09,290.567039,291.746688,286.765475,287.826444,284.817832,21933899.000000
2023-05-10,288.375103,289.801354,287.057707,289.390562,286.365601,33497633.000000
2023-05-11,289.106258,291.410581,288.401186,290.392829,287.357391,26682194.000000
2023-05-12,290.939052,294.314019,290.228623,292.844311,289.783248,38269275.000000
2023-05-15,293.193568,297.140660,290.948410,296.298424,293.201255,42467717.000000
2023-05-16,296.757513,297.454017,296.012110,296.830318,293.727590,20011646.000000
2023-05-17,298.674785,302.237038,296.111354,301.286667,298.137358,48190501.000000
2023-05-18,303.065750,307.811225,302.378276,305.282901,302.091820,31040114.000000
2023-05-19,304.484978,304.929843,303.454538,304.055729,300.877475,22224931.000000
2023-05-22,304.312967,308.340506,303.664494,306.602630,303.397754,19515548.000000
2023-05-23,305.865153,306.512214,304.442518,305.335293,302.143664,29591098.000000
2023-05-24,306.025729,306.925277,305.551140,306.063760,302.864516,37464514.000000
2023-05-25,306.675103,312.338778,305.419157,309.646672,306.409976,32383240.000000
2023-05-26,309.641485,309.979100,307.621427,308.616341,305.390415,25187372.000000
2023-05-29,309.487023,310.416471,308.829408,309.336224,306.102773,17397932.000000
2023-05-30,308.978715,310.372387,308.282653,309.810755,306.572344,28042571.000000
2023-05-31,308.816938,309.981532,306.883095,307.819820,304.602220,31906391.000000
2023-06-01,307.887717,308.945306,305.635594,306.259406,303.058116,53144784.000000
2023-06-02,306.707967,307.904054,306.387950,306.860731,304.109320,19668236.000000
2023-06-05,306.621698,309.304670,305.707330,308.876572,306.107087,51699437.000000
2023-06-06,309.977420,313.773094,308.412061,311.686383,308.891704,19206880.000000
2023-06-07,312.709215,313.336285,311.711258,313.008063,310.201533,23445344.000000
2023-06-08,312.066966,313.707513,308.570983,310.554270,307.769741,40520411.000000
2023-06-09,308.271570,310.480027,302.171178,304.105318,301.378613,37872250.000000
2023-06-12,304.749534,306.421526,303.078561,305.442284,302.703591,16554292.000000
2023-06-13,306.049330,307.969766,305.567893,307.215717,304.461124,32156416.000000
2023-06-14,307.740662,309.560956,306.486556,308.388950,305.623837,26384904.000000
2023-06-15,307.523925,309.012470,306.869124,308.613604,305.846477,27824101.000000
2023-06-16,307.843328,308.518119,306.649125,307.365928,304.609988,29539267.000000
2023-06-19,307.645161,310.325843,306.699710,308.865326,306.095941,28334524.000000
2023-06-20,309.568455,313.405996,306.988598,311.972299,309.175057,32494226.000000
2023-06-21,314.199984,316.054706,312.209571,314.777398,311.955004,17976823.000000
2023-06-22,316.384769,318.543492,314.980530,317.233388,314.388973,28015871.000000
2023-06-23,317.017205,318.229764,311.201872,312.824691,310.019806,44198511.000000
2023-06-26,312.222356,315.719189,311.344070,315.162487,312.336640,38875513.000000
2023-06-27,314.612641,315.508056,314.076325,314.715462,311.893623,24053498.000000
2023-06-28,315.595997,318.920640,313.799824,317.428277,314.582115,29304511.000000
2023-06-29,319.069732,322.575012,317.826451,321.667321,318.783150,63714068.000000
2023-06-30,320.624160,326.450963,318.374518,324.939235,322.025727,30838391.000000
2023-07-03,326.745359,328.947370,325.892710,327.376878,324.441513,37570379.000000
2023-07-04,326.048490,328.554398,320.437631,323.032060,320.135652,33510257.000000
2023-07-05,323.153244,325.994538,316.404763,318.573948,315.717513,57242342.000000
2023-07-06,320.496479,323.565039,319.768648,321.557572,318.674384,37054000.000000
2023-07-07,321.514738,322.855048,316.645130,318.685447,315.828012,25130705.000000
2023-07-10,318.066398,319.216664,316.507058,317.620749,314.772860,17416017.000000
2023-07-11,316.637223,317.474515,311.068278,313.212562,310.404199,44939810.000000
2023-07-12,312.483763,314.749828,308.844143,309.687147,306.910394,45626419.000000
2023-07-13,307.359336,309.794139,302.577304,305.273450,302.536271,41353981.000000
2023-07-14,304.042821,305.714017,300.856654,302.792403,300.077470,21157507.000000
2023-07-17,303.357408,303.887685,302.035785,302.496407,299.784128,39844421.000000
2023-07-18,303.559316,304.455450,301.124537,302.136536,299.427484,33552136.000000
2023-07-19,302.977431,304.883892,301.165306,304.074294,301.347868,25960910.000000
2023-07-20,304.622731,305.924468,302.789032,303.816413,301.092299,31947242.000000
2023-07-21,304.960244,305.688134,301.280874,302.833049,300.117752,16130361.000000
2023-07-24,301.997904,303.158085,296.355662,298.702956,296.024690,35831367.000000
2023-07-25,299.896143,304.105430,298.082283,302.834309,300.119000,35104063.000000
2023-07-26,302.332111,303.308748,300.400082,301.524559,298.820994,24645908.000000
2023-07-27,303.129080,308.721673,302.124295,306.060891,303.316652,25636059.000000
2023-07-28,306.606317,311.213918,304.717303,309.060436,306.289302,34615450.000000
2023-07-31,308.833216,309.423848,307.422269,308.150952,305.387972,24505341.000000
2023-08-01,309.874255,316.757886,308.856985,313.719865,310.906953,58228539.000000
2023-08-02,314.264786,316.491449,312.821850,315.215543,312.389221,22725246.000000
2023-08-03,316.885298,322.541108,315.175966,320.185465,317.314580,44556780.000000
2023-08-04,319.749769,321.211083,319.465002,320.631177,317.756296,21839248.000000
2023-08-07,318.925199,322.894354,312.378843,314.139902,311.323224,39842540.000000
2023-08-08,314.629212,314.934821,313.033026,313.803922,310.990256,16640467.000000
2023-08-09,314.979077,321.028831,313.545464,318.521332,315.665369,46064252.000000
2023-08-10,317.507543,318.100501,316.637857,317.657884,314.809663,30090839.000000
2023-08-11,317.728644,318.508864,317.310131,318.229295,315.375950,37683332.000000
2023-08-14,316.778373,317.835994,312.956330,314.561838,311.741377,33588493.000000
2023-08-15,314.932012,320.368327,312.309292,319.502625,316.637863,38291086.000000
2023-08-16,319.587117,323.429326,319.103731,322.453393,319.562173,25994988.000000
2023-08-17,321.584436,323.978498,319.168664,319.917716,317.049232,24710877.000000
2023-08-18,321.932956,322.980063,320.681758,321.480940,318.598440,22072746.000000
2023-08-21,321.249058,322.352607,320.825560,321.788785,318.903524,26033989.000000
2023-08-22,322.554087,322.998278,321.439369,322.162048,319.273440,20755404.000000
2023-08-23,323.018933,326.044054,322.136503,324.263614,321.356163,14604790.000000
2023-08-24,323.299482,324.493714,322.791321,323.963320,321.058562,19419822.000000
2023-08-25,323.496843,326.768828,322.301322,326.120927,323.196823,37892680.000000
2023-08-28,326.334163,327.067726,325.294050,325.721287,322.800767,32740590.000000
2023-08-29,326.341480,327.134888,323.531004,325.108489,322.193463,35220213.000000
2023-08-30,324.347641,326.292644,320.590600,321.913081,319.505965,29160160.000000
2023-08-31,321.241679,323.192989,317.480793,319.431668,317.043107,18727273.000000
2023-09-01,320.092095,327.469397,316.917873,324.119882,321.696264,24532819.000000
2023-09-04,324.742958,329.618878,323.502197,327.636085,325.186175,24649990.000000
2023-09-05,329.089681,331.888574,327.505606,330.560840,328.089060,40592806.000000
2023-09-06,329.227702,330.217598,327.147185,328.598382,326.141277,49672960.000000
2023-09-07,327.549882,329.312083,325.334938,326.650163,324.207625,35224065.000000
2023-09-08,325.629632,326.382857,323.827099,325.289157,322.856796,17338628.000000
2023-09-11,326.029653,326.833948,325.144487,325.571770,323.137296,19869634.000000
2023-09-12,325.866718,327.514250,322.314146,323.488000,321.069108,30126143.000000
2023-09-13,324.310607,329.708105,323.378726,328.631242,326.173891,35925367.000000
2023-09-14,329.007410,330.765835,327.759741,330.108802,327.640402,24020514.000000
2023-09-15,330.502238,332.639083,329.418173,331.442699,328.964325,26448079.000000
2023-09-18,331.277295,331.614982,329.907532,330.924912,328.450409,21111017.000000
2023-09-19,332.188221,339.548857,327.804982,337.675364,335.150385,31599030.000000
2023-09-20,335.879201,337.238128,334.256602,335.258462,332.751555,27120185.000000
2023-09-21,334.022255,335.440538,332.426873,333.267121,330.775105,14713917.000000
2023-09-22,331.894854,334.216336,329.141504,330.519984,328.048509,24705324.000000
2023-09-25,331.467586,336.097332,329.129049,333.719805,331.224404,20404536.000000
2023-09-26,333.023591,334.431404,330.576473,331.642453,329.162586,39800514.000000
2023-09-27,331.139076,331.565815,329.045075,330.349830,327.879628,20616538.000000
2023-09-28,329.127691,330.569890,325.627823,327.295399,324.848036,20312205.000000
2023-09-29,326.145218,327.515613,323.646812,324.506807,322.080296,24729001.000000
2023-10-02,322.853234,324.851221,319.923135,321.714191,319.308563,29845421.000000
2023-10-03,321.435231,324.749844,320.897883,323.317134,320.899519,15510998.000000
2023-10-04,323.258459,328.001576,321.844635,326.377591,323.937092,19357227.000000
2023-10-05,326.584169,329.810207,324.715260,328.863389,326.404301,23513107.000000
2023-10-06,328.738066,330.358433,327.387363,329.345426,326.882735,30090036.000000
2023-10-09,329.245367,330.567756,323.366607,324.194648,321.770471,24177097.000000
2023-10-10,323.504381,325.551743,319.560457,321.855713,319.449026,30573130.000000
2023-10-11,320.868476,322.374691,318.550846,320.374180,317.978571,24601606.000000
2023-10-12,318.835427,321.703763,310.629068,314.090789,311.742164,34820198.000000
2023-10-13,314.803595,319.946911,312.003948,318.780900,316.397205,47636318.000000
2023-10-16,318.841536,319.488676,316.825811,317.381442,315.008211,31243197.000000
2023-10-17,317.909155,319.772664,316.450668,319.365835,316.977767,15986357.000000
2023-10-18,318.567958,319.718314,317.131193,317.859217,315.482414,47608509.000000
2023-10-19,316.336345,317.051613,313.241716,314.792515,312.438643,32155402.000000
2023-10-20,315.813984,319.143386,314.552139,317.782200,315.405972,23448236.000000
2023-10-23,318.101125,321.087531,317.201921,319.912111,317.519957,51681409.000000
2023-10-24,320.602188,321.967015,317.623197,318.529682,316.147865,22443698.000000
2023-10-25,316.828072,318.918211,312.746494,315.145223,312.788714,36560151.000000
2023-10-26,317.278114,327.064955,312.888687,323.177698,320.761126,39830120.000000
2023-10-27,323.710726,328.488099,321.870183,326.072040,323.633826,45798318.000000
2023-10-30,326.536021,327.111201,325.551177,325.980761,323.543229,17159700.000000
2023-10-31,326.799721,329.631055,326.084637,328.046038,325.593063,24176060.000000
2023-11-01,327.085205,327.387912,326.403400,326.744592,324.301348,28090646.000000
2023-11-02,328.092011,328.814798,326.858402,327.373604,324.925657,26875495.000000
2023-11-03,327.730833,330.852148,326.152222,329.131794,326.670700,28997254.000000
2023-11-06,328.760076,329.670133,328.104906,328.491303,326.034998,27688001.000000
2023-11-07,328.558200,329.845624,327.403640,327.850510,325.398997,51208697.000000
2023-11-08,328.739538,329.602959,328.385356,328.662860,326.205272,24041126.000000
2023-11-09,327.748078,328.378625,326.111084,326.476562,324.035322,26994715.000000
2023-11-10,326.197317,330.253858,325.108808,328.956652,326.496868,18681009.000000
2023-11-13,330.445191,335.810677,327.621918,333.201325,330.709801,28805449.000000
2023-11-14,333.700852,335.181706,332.419628,334.188545,331.689639,33978976.000000
2023-11-15,334.834254,337.774161,333.048751,336.465899,333.949964,17080227.000000
2023-11-16,336.248871,337.377618,335.120177,335.887657,333.376046,20286350.000000
2023-11-17,334.702272,335.218738,333.344962,334.578508,332.076685,30729003.000000
2023-11-20,335.396821,339.845533,333.058990,338.218969,335.689926,54990707.000000
2023-11-21,338.404304,339.227634,337.907042,338.800246,336.266855,17657013.000000
2023-11-22,338.484523,341.241876,336.713277,339.804666,337.263765,31177289.000000
2023-11-23,339.911702,340.804554,336.796245,337.949982,335.422950,27022647.000000
2023-11-24,339.312753,343.054842,337.820241,340.786499,338.238256,36962358.000000
2023-11-27,340.135114,341.240166,339.870902,340.217752,338.181034,13781162.000000
2023-11-28,340.488151,342.518249,336.540124,338.369872,336.344216,24392607.000000
2023-11-29,339.567620,347.907516,335.832847,345.666752,343.597414,54639635.000000
2023-11-30,343.828729,344.858890,337.865579,340.088065,338.052123,36692341.000000
2023-12-01,340.082326,342.635234,339.369677,341.766651,339.720660,29506314.000000
2023-12-04,340.682426,342.223244,340.118927,341.756570,339.710640,35607550.000000
2023-12-05,339.925327,342.349067,338.852680,341.305369,339.262140,29141405.000000
2023-12-06,341.056150,341.941770,337.824226,339.528587,337.495994,37275467.000000
2023-12-07,338.354159,339.487202,336.162692,337.168966,335.150500,23030860.000000
2023-12-08,338.663572,343.143985,336.282326,341.248115,339.205228,50961709.000000
2023-12-11,340.990104,342.015279,340.326783,341.395770,339.352000,36941605.000000
2023-12-12,339.505105,340.484442,337.531458,338.278729,336.253619,35364229.000000
2023-12-13,336.588156,339.140187,331.946947,333.144843,331.150467,43892431.000000
2023-12-14,332.554439,333.756137,329.047755,330.570797,328.591830,42606273.000000
2023-12-15,331.464877,331.920783,330.235135,331.224957,329.242074,25804523.000000
2023-12-18,332.046671,337.300710,329.959490,334.812276,332.807917,22652250.000000
2023-12-19,333.709921,336.952777,328.633595,329.597514,327.624374,45168480.000000
2023-12-20,330.272420,330.781921,328.784323,329.394816,327.422889,40475240.000000
2023-12-21,331.004474,335.299391,327.951137,333.583253,331.586252,38219180.000000
2023-12-22,335.087185,339.076766,333.826880,338.290957,336.265774,62303844.000000
2023-12-25,337.730498,338.429350,333.255188,334.515163,332.512584,43193632.000000
2023-12-26,334.918433,335.458577,333.386390,334.087277,332.087259,20820060.000000
2023-12-27,333.685415,334.290159,332.970052,333.712742,331.714966,37977828.000000
2023-12-28,332.518014,333.305108,330.290163,331.484212,329.499778,14039652.000000
2023-12-29,331.484122,333.880436,330.591340,332.523722,330.533065,30865219.000000
2024-01-01,333.175807,334.110555,329.024744,330.402020,328.424064,26683412.000000
2024-01-02,333.092235,341.216869,331.052793,338.238701,336.213831,26379379.000000
2024-01-03,339.045338,339.479619,338.425344,339.135808,337.105567,38379235.000000
2024-01-04,339.377288,340.182236,338.325708,338.845901,336.817395,33105985.000000
2024-01-05,340.372113,342.776060,339.666392,341.386522,339.342807,34825184.000000
2024-01-08,340.370764,341.599922,339.910316,341.433292,339.389297,42317856.000000
2024-01-09,341.690310,342.315734,341.000480,341.676591,339.631140,19809423.000000
2024-01-10,340.703123,341.140358,340.133709,340.575199,338.536341,51781172.000000
2024-01-11,342.317825,344.949221,341.469701,343.247575,341.192719,42605467.000000
2024-01-12,344.514907,352.141821,340.700321,350.626068,348.527040,45981564.000000
2024-01-15,347.695347,348.595959,343.799369,345.562579,343.493864,41841104.000000
2024-01-16,344.144654,346.542615,338.607480,340.589355,338.550412,29836653.000000
2024-01-17,341.374357,344.232460,339.534358,342.603341,340.552342,26060863.000000
2024-01-18,344.154784,347.170767,341.955309,346.502941,344.428596,39792542.000000
2024-01-19,345.890832,346.328809,344.186191,345.142400,343.076201,23448247.000000
2024-01-22,345.485108,350.664631,344.563604,348.782257,346.694268,35172294.000000
2024-01-23,348.972325,353.131199,347.552125,351.029342,348.927901,28249733.000000
2024-01-24,351.158355,353.247566,350.682841,352.205441,350.096959,21294750.000000
2024-01-25,352.655170,355.378566,351.796404,353.802882,351.684836,44267253.000000
2024-01-26,350.909100,353.349261,345.622102,348.217865,346.133254,47341173.000000
2024-01-29,347.822834,348.702002,347.337947,348.133861,346.049753,43578354.000000
2024-01-30,348.566292,350.962586,347.419339,350.290801,348.193780,20251109.000000
2024-01-31,348.995640,350.137850,340.859717,343.852593,341.794115,39435996.000000
2024-02-01,342.990774,343.693074,342.467659,343.036435,340.982843,33052274.000000
2024-02-02,342.841015,346.341738,341.559702,345.619219,343.550164,31837115.000000
2024-02-05,345.032413,346.179046,344.100365,345.103126,343.037162,26130475.000000
2024-02-06,345.575140,348.166217,343.777614,347.663211,345.581921,31494983.000000
2024-02-07,347.252903,349.445574,346.872002,348.461136,346.375069,26219097.000000
2024-02-08,349.118363,355.920514,348.269369,354.307150,352.186086,32864728.000000
2024-02-09,355.654069,356.079232,353.224524,353.662108,351.544905,36207128.000000
2024-02-12,355.446118,361.717485,354.137217,359.050907,356.901444,21208883.000000
2024-02-13,360.387828,363.107727,359.769891,361.734965,359.569434,25557582.000000
2024-02-14,362.739578,363.557641,361.290242,362.604427,360.433691,33451805.000000
2024-02-15,361.356829,361.798502,359.846796,360.849048,358.688820,33608542.000000
2024-02-16,359.438349,361.430978,358.835033,360.799541,358.639610,23797029.000000
2024-02-19,361.262196,363.839844,360.572113,363.125484,360.951629,20477335.000000
2024-02-20,364.629876,368.060581,364.075177,366.830592,364.634556,29696118.000000
2024-02-21,366.209708,372.251082,364.999095,369.571699,367.359253,25403130.000000
2024-02-22,370.963338,378.801513,368.125706,376.385022,374.693829,30550495.000000
2024-02-23,376.127689,376.715439,375.492505,376.153706,374.463552,20756994.000000
2024-02-26,376.301237,377.537243,374.393823,375.025164,373.340081,30457697.000000
2024-02-27,376.350246,377.399396,374.928349,376.075970,374.386165,27763404.000000
2024-02-28,374.307015,375.265105,370.542948,371.333193,369.664699,48902746.000000
2024-02-29,367.367632,370.427910,352.352538,357.021991,355.417801,61687993.000000
2024-03-01,357.577201,363.122680,356.252166,360.588946,358.968728,29759932.000000
2024-03-04,359.509111,361.667631,358.623102,361.217653,359.594611,21036694.000000
2024-03-05,361.891772,363.849951,361.320189,363.111809,361.480255,18518525.000000
2024-03-06,364.164357,371.751467,362.371554,368.226381,366.571846,25484432.000000
2024-03-07,368.364220,370.763097,366.932019,369.762275,368.100840,20056687.000000
2024-03-08,369.593251,371.380511,369.091680,370.954286,369.287494,29364153.000000
2024-03-11,372.426967,373.614130,371.450385,373.002357,371.326363,20098703.000000
2024-03-12,373.205871,375.075599,371.653478,374.676016,372.992502,21524939.000000
2024-03-13,376.106574,379.643538,374.703814,377.668078,375.971119,14944636.000000
2024-03-14,376.678811,378.277089,373.975598,375.984490,374.295096,28173218.000000
2024-03-15,374.069555,376.806347,372.091336,372.692768,371.018165,29521173.000000
2024-03-18,371.053837,372.333282,368.318499,370.838790,369.172517,25799258.000000
2024-03-19,368.987009,372.158834,360.305160,364.368298,362.731099,22551579.000000
2024-03-20,363.291412,364.388917,357.555085,359.710019,358.093751,28321295.000000
2024-03-21,359.404309,363.097728,350.490405,353.260610,351.673320,29548645.000000
2024-03-22,353.396197,355.247723,352.804320,354.589041,352.995783,18829166.000000
2024-03-25,354.822675,356.513856,353.907106,355.493688,353.896364,30393681.000000
2024-03-26,356.505297,358.619576,350.930713,352.727600,351.142706,48703706.000000
2024-03-27,352.631618,353.347956,351.728476,352.096807,350.514747,28263717.000000
2024-03-28,349.742914,351.522360,347.616213,348.814824,347.247511,37585263.000000
2024-03-29,347.616194,349.307971,347.293799,347.801997,346.239235,18684593.000000
2024-04-01,347.728335,349.035540,346.862309,347.328725,345.768090,33281520.000000
2024-04-02,347.388539,349.010445,346.579039,347.680011,346.117797,25329172.000000
2024-04-03,345.666508,348.942835,341.740488,343.133683,341.591897,51221645.000000
2024-04-04,342.492239,343.332530,342.166849,343.148311,341.606459,26460954.000000
2024-04-05,343.314221,345.638273,342.319971,344.378914,342.831532,30297696.000000
2024-04-08,343.237776,344.012710,342.726224,343.500016,341.956584,23461470.000000
2024-04-09,341.825143,343.475463,341.274698,341.997984,340.461301,15526253.000000
2024-04-10,341.287138,342.846852,333.232790,336.326094,334.814895,42359310.000000
2024-04-11,336.690449,337.099094,335.457327,336.560901,335.048648,19878328.000000
2024-04-12,337.550032,338.778432,335.964060,338.358427,336.838097,21916760.000000
2024-04-15,337.328224,338.101806,335.044304,336.603259,335.090815,28166684.000000
2024-04-16,336.868938,337.504745,334.696055,335.640489,334.132371,40286306.000000
2024-04-17,338.601646,344.591939,334.325901,343.099340,341.557708,53425925.000000
2024-04-18,342.303600,345.504058,341.744310,345.062122,343.511670,25680270.000000
2024-04-19,344.372863,345.258916,343.533811,344.206255,342.659649,22853635.000000
2024-04-22,345.475763,346.585076,344.391981,345.401273,343.849298,23596215.000000
2024-04-23,343.986038,345.755214,340.275281,341.699982,340.164637,22965161.000000
2024-04-24,341.675962,342.691251,339.781532,340.903568,339.371802,23720401.000000
2024-04-25,339.799830,341.140176,338.448171,339.417599,337.892510,30750164.000000
2024-04-26,340.479732,341.446475,337.378991,338.484613,336.963716,33033491.000000
2024-04-29,339.026871,339.661809,336.362789,337.639431,336.122331,36270438.000000
2024-04-30,338.127466,339.017184,334.488562,335.667531,334.159292,29165544.000000
2024-05-01,334.190508,336.149059,330.236902,331.067203,329.579634,26112928.000000
2024-05-02,331.695055,332.964650,327.983075,328.778652,327.301366,31261623.000000
2024-05-03,327.117285,328.482836,324.393513,325.488479,324.025977,30346073.000000
2024-05-06,327.594445,328.258921,325.501030,327.006582,325.537259,12080773.000000
2024-05-07,326.060571,327.951017,325.455622,327.442056,325.970776,23732855.000000
2024-05-08,327.080882,327.681685,326.511342,326.832000,325.363461,21839131.000000
2024-05-09,324.803992,325.338615,323.090877,324.927176,323.467196,30613561.000000
2024-05-10,323.031335,327.206399,312.580358,317.248621,315.823142,44381171.000000
2024-05-13,318.465721,327.390811,316.322314,323.544417,322.090650,63793468.000000
2024-05-14,323.099366,324.559142,320.127757,321.037049,319.594548,33931090.000000
2024-05-15,318.913197,320.432249,317.368763,319.042444,317.608905,49868575.000000
2024-05-16,320.560326,325.956481,318.443216,323.424011,321.970785,21401715.000000
2024-05-17,322.340510,323.196894,320.416026,320.951581,319.509465,31520350.000000
2024-05-20,321.038417,321.251469,319.670125,320.160375,318.721813,18165593.000000
2024-05-21,317.335897,321.036226,310.410365,312.401425,311.464923,61049011.000000
2024-05-22,311.877715,315.885810,310.707588,314.335800,313.393500,23091796.000000
2024-05-23,312.921767,315.400640,308.179045,309.656480,308.728207,31407938.000000
2024-05-24,310.390124,313.567813,309.488844,312.409969,311.473442,29269852.000000
2024-05-27,313.012991,318.264421,311.729804,315.829748,314.882970,15171880.000000
2024-05-28,316.001854,317.216569,312.018809,313.354940,312.415580,33478329.000000
2024-05-29,315.700325,325.293306,312.812222,321.405614,320.442120,29203842.000000
2024-05-30,320.457410,321.352673,319.752178,321.163280,320.200513,29001433.000000
2024-05-31,321.745494,323.518031,316.641687,318.717892,317.762455,28155391.000000
2024-06-03,319.542722,322.156930,318.790614,320.457771,319.497118,37265784.000000
2024-06-04,319.507601,322.256029,318.505258,321.908388,320.943387,39492507.000000
2024-06-05,320.624511,322.931683,317.328090,319.533786,318.575904,29456717.000000
2024-06-06,320.895623,325.145262,318.620113,324.152403,323.180675,33391330.000000
2024-06-07,323.042177,324.230130,321.878994,322.378565,321.412154,34670199.000000
2024-06-10,322.369985,323.891082,318.733915,319.532766,318.574887,19879759.000000
2024-06-11,319.308570,324.451907,315.889591,323.671100,322.700815,28454946.000000
2024-06-12,323.840439,324.899674,322.626604,322.855070,321.887231,25984537.000000
2024-06-13,325.007488,327.579590,323.660760,326.719280,325.739857,31999041.000000
2024-06-14,327.114514,327.765621,322.718635,324.675399,323.702103,31881102.000000
2024-06-17,324.952681,326.037810,322.565706,323.605350,322.635262,18927313.000000
2024-06-18,324.113895,328.731192,322.963134,326.640058,325.660873,61501283.000000
2024-06-19,326.159568,327.145643,325.336691,326.920914,325.940887,27311600.000000
2024-06-20,327.225861,328.384160,325.490141,325.798981,324.822317,23192862.000000
2024-06-21,325.940783,326.421434,324.457629,325.615149,324.639036,21257104.000000
2024-06-24,325.395421,325.739805,324.885131,325.373338,324.397950,24157612.000000
2024-06-25,326.390005,326.764552,324.458328,325.191214,324.216372,24010154.000000
2024-06-26,327.189012,331.678117,324.471200,330.203276,329.213409,30303948.000000
2024-06-27,331.026479,335.424277,328.808479,334.555629,333.552715,30289341.000000
2024-06-28,335.531070,336.549866,334.484551,335.544181,334.538303,42183490.000000
2024-07-01,335.178784,336.654272,332.735039,334.021029,333.019718,27324874.000000
2024-07-02,333.994165,335.687675,332.943955,335.312825,334.307641,39419614.000000
2024-07-03,335.043517,335.762177,333.102862,333.603072,332.603014,15881769.000000
2024-07-04,332.418246,333.622068,331.559895,332.021473,331.026156,19373361.000000
2024-07-05,331.911777,333.407731,331.367115,332.606626,331.609555,14609660.000000
2024-07-08,333.065543,333.609723,331.396145,331.916464,330.921462,23764875.000000
2024-07-09,331.501985,333.028040,327.645897,328.990124,328.003894,18572171.000000
2024-07-10,329.288930,330.671061,327.866585,330.074728,329.085247,29855719.000000
2024-07-11,331.263582,333.253313,329.856165,331.957898,330.962771,23063441.000000
2024-07-12,331.632291,332.613175,330.497752,331.936568,330.941505,20826737.000000
2024-07-15,330.864089,332.037447,330.505069,331.307076,330.313900,39874718.000000
2024-07-16,331.159291,333.696594,329.178941,333.233430,332.234479,19661142.000000
2024-07-17,334.182570,335.408044,330.217295,331.939742,330.944670,24972474.000000
2024-07-18,332.345227,332.630480,331.139771,331.754956,330.760438,14720291.000000
2024-07-19,334.488682,338.002771,332.260798,337.147191,336.136508,36574075.000000
2024-07-22,337.859496,345.132223,334.235698,342.978998,341.950833,40409565.000000
2024-07-23,341.797436,343.528929,339.644433,341.016178,339.993897,37082255.000000
2024-07-24,342.048028,343.747268,340.155209,342.560425,341.533515,22313653.000000
2024-07-25,343.425108,345.690291,342.322471,344.529666,343.496852,36710199.000000
2024-07-26,344.617802,345.091308,343.560839,344.298755,343.266633,27471970.000000
2024-07-29,344.574126,349.673260,341.201650,348.287149,347.243071,33800681.000000
2024-07-30,348.068151,348.697747,346.660122,348.095635,347.052131,23368779.000000
2024-07-31,348.253996,348.798088,347.391856,348.171350,347.127620,19782281.000000
2024-08-01,347.140183,349.588676,346.588422,348.919738,347.873764,24994371.000000
2024-08-02,349.009999,350.610048,348.092631,349.493504,348.445810,25535210.000000
2024-08-05,349.412124,352.112230,348.392134,350.874972,349.823137,31903226.000000
2024-08-06,349.904005,351.144749,347.154168,348.890296,347.844410,28930488.000000
2024-08-07,349.905022,350.279068,346.750102,347.886373,346.843496,18850485.000000
2024-08-08,348.154486,349.181897,347.736883,348.500751,347.456033,15978673.000000
2024-08-09,348.474336,350.902428,348.061022,350.295876,349.245776,32002947.000000
2024-08-12,352.142734,358.203398,348.991623,356.571208,355.502297,51288832.000000
2024-08-13,358.939782,360.399491,357.587408,358.980085,357.903952,19188812.000000
2024-08-14,358.709180,359.698407,357.783653,359.109151,358.032631,24103252.000000
2024-08-15,357.263393,358.396960,354.402720,355.178981,354.114244,14902604.000000
2024-08-16,355.239675,355.515403,353.786784,354.461166,353.929475,19142326.000000
2024-08-19,354.889816,359.067753,352.800075,358.202503,357.665199,39951687.000000
2024-08-20,357.083531,360.199773,351.744325,353.032068,352.502520,37857946.000000
2024-08-21,353.827960,358.125684,352.025010,357.231170,356.695323,28822844.000000
2024-08-22,359.051582,360.965644,357.501107,359.058470,358.519883,23084276.000000
2024-08-23,359.075309,360.133572,356.126770,357.490214,356.953979,22440604.000000
2024-08-26,358.031774,362.132932,356.088922,359.898595,359.358747,41483349.000000
2024-08-27,358.235008,359.315583,357.206520,358.323517,357.786032,27491838.000000
2024-08-28,358.012511,358.706675,356.708587,357.423377,356.887242,29574440.000000
2024-08-29,356.918554,358.264014,351.364909,353.890293,353.359458,34088448.000000
2024-08-30,355.046865,355.980994,353.567826,354.458262,353.926574,28182557.000000
2024-09-02,352.478643,353.896736,351.218519,352.988398,352.458915,26205240.000000
2024-09-03,352.844630,354.135843,352.341095,353.525081,352.994793,35518167.000000
2024-09-04,354.514709,355.169367,353.291716,353.737998,353.207391,22262461.000000
2024-09-05,353.511622,354.395204,352.837341,353.349948,352.819923,28027798.000000
2024-09-06,352.362051,356.153923,351.571081,355.469834,354.936630,40213359.000000
2024-09-09,355.991078,356.716042,355.145091,355.885642,355.351813,28348770.000000
2024-09-10,355.588941,356.222077,355.364644,355.931857,355.397959,16779068.000000
2024-09-11,357.196348,361.149121,356.335027,359.879228,359.339410,31076899.000000
2024-09-12,358.875796,361.191279,353.969705,356.165221,355.630973,44119207.000000
2024-09-13,355.639132,357.592481,354.361364,357.170756,356.635000,16170957.000000
2024-09-16,357.572744,358.428863,355.339322,356.393029,355.858439,16665618.000000
2024-09-17,357.810681,365.158837,355.134037,361.851099,361.308323,39061593.000000
2024-09-18,359.151706,362.156731,347.466264,352.165912,351.637663,32013390.000000
2024-09-19,354.665874,358.251602,352.895230,357.101340,356.565688,33697432.000000
2024-09-20,356.463979,358.954941,352.253277,353.004668,352.475161,24749567.000000
2024-09-23,353.628302,358.372277,352.464660,357.126046,356.590357,27833461.000000
2024-09-24,356.696450,357.736006,354.601489,355.127459,354.594768,27978688.000000
2024-09-25,356.077457,357.610545,353.339546,354.512815,353.981046,17798446.000000
2024-09-26,354.994939,356.410320,354.442143,356.050075,355.516000,23171054.000000
2024-09-27,354.393443,356.468252,351.227677,352.499530,351.970781,21896284.000000
2024-09-30,353.985733,361.784424,349.849673,358.444334,357.906667,44760684.000000
2024-10-01,360.781785,366.005791,360.100006,363.217115,362.672289,17013607.000000
2024-10-02,362.954051,364.209183,360.524975,361.243259,360.701394,45690071.000000
2024-10-03,360.063829,361.963571,359.139978,360.721039,360.179957,26918027.000000
2024-10-04,360.618600,361.259444,357.279032,358.538018,358.000211,21119380.000000
2024-10-07,357.780901,358.655130,356.626099,357.836899,357.300144,29701816.000000
2024-10-08,357.533535,359.696246,354.459685,355.443461,354.910296,27825446.000000
2024-10-09,354.227725,356.461193,348.346180,349.893891,349.369051,23432607.000000
2024-10-10,348.652149,350.127141,348.344312,348.853132,348.329852,33925005.000000
2024-10-11,349.763737,354.138750,348.455041,352.989593,352.460108,23707479.000000
2024-10-14,352.645212,354.047362,350.806296,351.620026,351.092596,40422525.000000
2024-10-15,353.655552,362.241107,351.974904,359.237702,358.698846,34887881.000000
2024-10-16,359.231723,362.270555,357.646743,361.582797,361.040423,19598513.000000
2024-10-17,362.059195,366.025850,360.978961,364.935380,364.387977,29295789.000000
2024-10-18,365.567515,367.494446,364.625675,366.440565,365.890905,21846679.000000
2024-10-21,367.324876,372.241237,365.248748,370.299692,369.744242,18787875.000000
2024-10-22,371.272908,376.803440,368.459503,375.566903,375.003553,33762447.000000
2024-10-23,373.385738,374.524340,369.987270,370.759641,370.203502,51407373.000000
2024-10-24,370.339963,372.240170,361.168812,364.685433,364.138405,24349778.000000
2024-10-25,364.185527,365.157527,363.357957,363.989370,363.443386,18194025.000000
2024-10-28,363.505171,366.624568,356.917733,359.876549,359.336734,22152766.000000
2024-10-29,358.900239,360.623093,356.319521,358.163109,357.625865,21513978.000000
2024-10-30,357.887296,361.952380,357.364875,360.790572,360.249386,36081074.000000
2024-10-31,363.406125,369.403310,359.169767,368.323789,367.771304,46609592.000000
2024-11-01,370.089886,372.182601,367.532364,371.601161,371.043759,31619493.000000
2024-11-04,371.712342,372.103812,370.230259,371.211773,370.654955,16981702.000000
2024-11-05,371.635573,372.399108,369.869485,370.542072,369.986258,31188832.000000
2024-11-06,372.230915,378.125272,371.244928,374.968951,374.406498,28067457.000000
2024-11-07,375.885027,377.064874,373.267076,373.798616,373.237918,26198310.000000
2024-11-08,376.251340,380.541048,372.828485,379.642681,379.073217,42991962.000000
2024-11-11,378.635885,379.416593,375.365476,376.527399,375.962608,30499339.000000
2024-11-12,378.473825,386.023495,376.911141,382.307646,381.734185,55364174.000000
2024-11-13,382.677396,383.633450,381.350117,382.576111,382.576111,32619888.000000
2024-11-14,380.212229,385.548008,378.626575,384.745068,384.745068,44237468.000000
2024-11-15,385.514414,386.615615,384.117312,386.210522,386.210522,22484569.000000
2024-11-18,388.683743,391.468524,388.006779,390.341832,390.341832,14876200.000000
2024-11-19,389.925177,390.979844,387.331456,388.911340,388.911340,24501169.000000
2024-11-20,387.687993,389.080303,385.003358,386.657522,386.657522,15113325.000000
2024-11-21,387.602644,390.180613,386.808764,388.638265,388.638265,21289677.000000
2024-11-22,388.916249,389.869273,387.378036,387.748497,387.748497,18585751.000000
2024-11-25,386.351081,392.074960,384.994785,390.005082,390.005082,34553587.000000
2024-11-26,389.307603,390.559453,384.873746,385.982577,385.982577,31933661.000000
2024-11-27,386.054240,388.964739,384.880009,387.409403,387.409403,32353778.000000
2024-11-28,385.555864,388.217840,379.020882,380.981283,380.981283,17939886.000000
2024-11-29,382.003238,385.493185,380.622106,384.262517,384.262517,26961230.000000
2024-12-02,384.747232,391.982082,381.425395,390.549234,390.549234,60646771.000000
2024-12-03,390.130793,390.857633,384.419678,386.654103,386.654103,30654722.000000
2024-12-04,385.331118,387.637883,384.855251,387.036272,387.036272,30812586.000000
2024-12-05,387.791061,388.076585,385.588262,386.533027,386.533027,21618074.000000
2024-12-06,385.539814,387.555058,382.987540,383.528518,383.528518,23864224.000000
2024-12-09,383.625021,388.452935,383.139866,386.305472,386.305472,26661094.000000
2024-12-10,386.725893,398.344699,384.959664,393.532952,393.532952,28726342.000000
2024-12-11,391.350590,392.467689,383.747206,385.234656,385.234656,54191901.000000
2024-12-12,385.646664,388.151022,384.500147,387.135111,387.135111,40083067.000000
2024-12-13,384.432047,385.991421,380.399829,382.252413,382.252413,38250709.000000
2024-12-16,381.525300,386.451406,380.076323,385.540928,385.540928,35361142.000000
2024-12-17,386.694407,395.046806,382.760669,393.054951,393.054951,30412149.000000
2024-12-18,395.540537,405.477567,390.408732,400.743902,400.743902,18075682.000000
2024-12-19,402.756062,404.407446,401.549012,403.777344,403.777344,33516157.000000
2024-12-20,404.215022,405.696759,402.584936,404.239958,404.239958,23909656.000000
2024-12-23,406.784065,413.093827,403.803500,410.021522,410.021522,44840464.000000
2024-12-24,410.642295,411.412613,409.338260,410.182207,410.182207,27884913.000000
2024-12-25,406.582445,410.776952,396.672978,400.374220,400.374220,46840631.000000
2024-12-26,399.808362,401.734787,394.342124,396.122129,396.122129,28583948.000000
2024-12-27,394.114422,395.699247,392.130009,394.019946,394.019946,19683927.000000
2024-12-30,393.782345,394.398964,393.383877,394.104944,394.104944,17530910.000000
2024-12-31,394.664906,401.215634,392.391261,398.899150,398.899150,24112311.000000
